id,na853,mis,proip,ethsia_pistosi,q1,q2,q3,q4,katanomes_etous,user_view,created_at,updated_at,last_quarter_check,sum
1371,2024ΝΑ85300045,5168550,0.00,11000.00,11000.00,0.00,0.00,0.00,0.00,0.00,2025-04-01 10:56:14.96+00,2025-06-03 08:33:24.08878+00,q2,"{""user_view"":0,""updated_at"":""2025-06-03T08:33:24.006Z"",""ethsia_pistosi"":11000,""current_quarter"":2,""katanomes_etous"":0,""available_budget"":0,""yearly_available"":11000,""quarter_available"":11000}"
1385,2024ΝΑ85300053,5168551,0.00,300000.00,80000.00,80000.00,70000.00,70000.00,80000.00,0.00,2025-04-01 10:56:20.747+00,2025-06-03 08:32:03.633092+00,q2,"{""user_view"":0,""updated_at"":""2025-06-03T08:32:03.553Z"",""ethsia_pistosi"":280809.03,""current_quarter"":2,""katanomes_etous"":80000,""available_budget"":80000,""yearly_available"":280809.03,""quarter_available"":280809.03}"
1502,2024ΝΑ85300016,5173997,0.00,22000.00,22000.00,0.00,0.00,0.00,0.00,0.00,2025-04-01 11:54:26.327+00,2025-06-03 08:32:59.675078+00,q2,"{""user_view"":0,""updated_at"":""2025-06-03T08:32:59.584Z"",""ethsia_pistosi"":22000,""current_quarter"":2,""katanomes_etous"":0,""available_budget"":0,""yearly_available"":22000,""quarter_available"":22000}"
1515,2024ΝΑ85300022,5174065,0.00,30000.00,20000.00,10000.00,0.00,0.00,20000.00,0.00,2025-04-01 11:54:31.998+00,2025-06-03 08:33:05.656161+00,q2,"{""user_view"":0,""updated_at"":""2025-06-03T08:33:05.515Z"",""ethsia_pistosi"":94601.57,""current_quarter"":2,""katanomes_etous"":20000,""available_budget"":20000,""yearly_available"":94601.57,""quarter_available"":94601.57}"
1511,2024ΝΑ85300018,5174076,0.00,10000.00,10000.00,0.00,0.00,0.00,10000.00,0.00,2025-04-01 11:54:30.151+00,2025-06-03 08:33:03.6571+00,q2,"{""user_view"":0,""updated_at"":""2025-06-03T08:33:03.570Z"",""ethsia_pistosi"":22000,""current_quarter"":2,""katanomes_etous"":10000,""available_budget"":10000,""yearly_available"":22000,""quarter_available"":22000}"
1527,2024ΝΑ85300027,5174085,0.00,10000.00,10000.00,0.00,0.00,0.00,10000.00,5.00,2025-04-01 11:54:37.054+00,2025-06-03 08:33:10.783238+00,q2,"{""user_view"":5,""updated_at"":""2025-06-03T08:33:10.702Z"",""ethsia_pistosi"":20437.6,""current_quarter"":2,""katanomes_etous"":10000,""available_budget"":9995,""yearly_available"":20432.6,""quarter_available"":20432.6}"
1343,2024ΝΑ85300031,5174090,0.00,0.00,0.00,0.00,0.00,0.00,0.00,0.00,2025-04-01 10:56:03.502+00,2025-06-03 08:33:12.536218+00,q2,"{""user_view"":0,""updated_at"":""2025-06-03T08:33:12.457Z"",""ethsia_pistosi"":44000,""current_quarter"":2,""katanomes_etous"":0,""available_budget"":0,""yearly_available"":44000,""quarter_available"":44000}"
1529,2024ΝΑ85300029,5174123,0.00,11000.00,11000.00,0.00,0.00,0.00,5000.00,0.00,2025-04-01 11:54:37.889+00,2025-06-03 08:33:11.663067+00,q2,"{""user_view"":0,""updated_at"":""2025-06-03T08:33:11.573Z"",""ethsia_pistosi"":11000,""current_quarter"":2,""katanomes_etous"":5000,""available_budget"":5000,""yearly_available"":11000,""quarter_available"":11000}"
1487,2024ΝΑ85300008,5174125,0.00,800000.00,170000.00,230000.00,200000.00,200000.00,170000.00,0.00,2025-04-01 11:54:19.93+00,2025-06-03 08:32:53.185873+00,q2,"{""user_view"":0,""updated_at"":""2025-06-03T08:32:53.105Z"",""ethsia_pistosi"":172163.16,""current_quarter"":2,""katanomes_etous"":170000,""available_budget"":170000,""yearly_available"":172163.16,""quarter_available"":172163.16}"
1348,2024ΝΑ85300036,5174126,0.00,11000.00,11000.00,0.00,0.00,0.00,0.00,0.00,2025-04-01 10:56:05.536+00,2025-06-03 08:33:17.68793+00,q2,"{""user_view"":0,""updated_at"":""2025-06-03T08:33:17.608Z"",""ethsia_pistosi"":11000,""current_quarter"":2,""katanomes_etous"":0,""available_budget"":0,""yearly_available"":11000,""quarter_available"":11000}"
1510,2024ΝΑ85300017,5174127,0.00,100000.00,50000.00,50000.00,0.00,0.00,50000.00,0.00,2025-04-01 11:54:29.72+00,2025-06-03 08:33:00.110395+00,q2,"{""user_view"":0,""updated_at"":""2025-06-03T08:33:00.031Z"",""ethsia_pistosi"":110000,""current_quarter"":2,""katanomes_etous"":50000,""available_budget"":50000,""yearly_available"":110000,""quarter_available"":110000}"
1530,2024ΝΑ85300030,5174688,0.00,330000.00,330000.00,0.00,0.00,0.00,0.00,0.00,2025-04-01 11:54:38.345+00,2025-06-03 08:33:12.105651+00,q2,"{""user_view"":0,""updated_at"":""2025-06-03T08:33:12.025Z"",""ethsia_pistosi"":330000,""current_quarter"":2,""katanomes_etous"":0,""available_budget"":0,""yearly_available"":330000,""quarter_available"":330000}"
1347,2024ΝΑ85300035,5174689,0.00,20000.00,10000.00,10000.00,0.00,0.00,10000.00,0.00,2025-04-01 10:56:05.119+00,2025-06-03 08:33:17.272922+00,q2,"{""user_view"":0,""updated_at"":""2025-06-03T08:33:17.193Z"",""ethsia_pistosi"":49321.81,""current_quarter"":2,""katanomes_etous"":10000,""available_budget"":10000,""yearly_available"":49321.81,""quarter_available"":49321.81}"
1525,2024ΝΑ85300025,5174691,0.00,50000.00,5000.00,45000.00,0.00,0.00,5000.00,0.00,2025-04-01 11:54:36.225+00,2025-06-03 08:33:09.917025+00,q2,"{""user_view"":0,""updated_at"":""2025-06-03T08:33:09.837Z"",""ethsia_pistosi"":220000,""current_quarter"":2,""katanomes_etous"":5000,""available_budget"":5000,""yearly_available"":220000,""quarter_available"":220000}"
1473,2024ΝΑ85300001,5174692,0.00,20000.00,5000.00,5000.00,5000.00,5000.00,5000.00,4999.00,2025-04-01 11:54:13.829+00,2025-06-06 11:27:14.252313+00,q2,"{""user_view"":4999,""updated_at"":""2025-06-06T11:27:14.175Z"",""ethsia_pistosi"":20000,""current_quarter"":""q2"",""katanomes_etous"":5000,""available_budget"":1,""yearly_available"":15001,""quarter_available"":1}"
1384,2024ΝΑ85300052,5174694,0.00,200000.00,50000.00,30000.00,60000.00,60000.00,80000.00,2.00,2025-04-01 10:56:20.345+00,2025-06-03 08:31:59.781744+00,q2,"{""user_view"":2,""updated_at"":""2025-06-03T08:31:59.466Z"",""ethsia_pistosi"":497523.28,""current_quarter"":2,""katanomes_etous"":80000,""available_budget"":79998,""yearly_available"":497521.28,""quarter_available"":497521.28}"
1377,2024ΝΑ85300051,5174695,0.00,50000.00,50000.00,0.00,0.00,0.00,50000.00,0.00,2025-04-01 10:56:17.449+00,2025-06-03 08:31:59.131265+00,q2,"{""user_view"":0,""updated_at"":""2025-06-03T08:31:58.847Z"",""ethsia_pistosi"":110000,""current_quarter"":2,""katanomes_etous"":50000,""available_budget"":50000,""yearly_available"":110000,""quarter_available"":110000}"
1360,2024ΝΑ85300041,5174706,0.00,11000.00,11000.00,0.00,0.00,0.00,0.00,0.00,2025-04-01 10:56:10.436+00,2025-06-03 08:33:22.355589+00,q2,"{""user_view"":0,""updated_at"":""2025-06-03T08:33:22.277Z"",""ethsia_pistosi"":11000,""current_quarter"":2,""katanomes_etous"":0,""available_budget"":0,""yearly_available"":11000,""quarter_available"":11000}"
1497,2024ΝΑ85300011,5174707,0.00,1300000.00,400000.00,400000.00,300000.00,200000.00,400000.00,0.00,2025-04-01 11:54:24.174+00,2025-06-03 08:32:57.474968+00,q2,"{""user_view"":0,""updated_at"":""2025-06-03T08:32:57.393Z"",""ethsia_pistosi"":856295.51,""current_quarter"":2,""katanomes_etous"":400000,""available_budget"":400000,""yearly_available"":856295.51,""quarter_available"":856295.51}"
1516,2024ΝΑ85300023,5174710,0.00,1100000.00,250000.00,300000.00,300000.00,250000.00,650000.00,0.00,2025-04-01 11:54:32.416+00,2025-06-03 08:33:06.082112+00,q2,"{""user_view"":0,""updated_at"":""2025-06-03T08:33:06.000Z"",""ethsia_pistosi"":2014116.6,""current_quarter"":2,""katanomes_etous"":550000,""available_budget"":550000,""yearly_available"":2014116.6,""quarter_available"":2014116.6}"
1514,2024ΝΑ85300021,5174711,0.00,1200000.00,300000.00,300000.00,300000.00,300000.00,300000.00,0.00,2025-04-01 11:54:31.549+00,2025-06-03 08:33:04.934451+00,q2,"{""user_view"":0,""updated_at"":""2025-06-03T08:33:04.859Z"",""ethsia_pistosi"":699329.44,""current_quarter"":2,""katanomes_etous"":300000,""available_budget"":300000,""yearly_available"":699329.44,""quarter_available"":699329.44}"
1512,2024ΝΑ85300019,5174712,0.00,200000.00,50000.00,50000.00,50000.00,50000.00,50000.00,0.00,2025-04-01 11:54:30.558+00,2025-06-03 08:33:04.09279+00,q2,"{""user_view"":0,""updated_at"":""2025-06-03T08:33:04.015Z"",""ethsia_pistosi"":346928.4,""current_quarter"":2,""katanomes_etous"":50000,""available_budget"":50000,""yearly_available"":346928.4,""quarter_available"":346928.4}"
1499,2024ΝΑ85300013,5174713,0.00,7000000.00,1500000.00,2500000.00,1500000.00,1500000.00,1500000.00,0.00,2025-04-01 11:54:25.055+00,2025-06-03 08:32:58.347545+00,q2,"{""user_view"":0,""updated_at"":""2025-06-03T08:32:58.260Z"",""ethsia_pistosi"":1821455.1,""current_quarter"":2,""katanomes_etous"":1500000,""available_budget"":1500000,""yearly_available"":1821455.1,""quarter_available"":1821455.1}"
1359,2024ΝΑ85300040,5174718,0.00,22000.00,22000.00,0.00,0.00,0.00,0.00,0.00,2025-04-01 10:56:10.026+00,2025-06-03 08:33:21.936061+00,q2,"{""user_view"":0,""updated_at"":""2025-06-03T08:33:21.855Z"",""ethsia_pistosi"":22000,""current_quarter"":2,""katanomes_etous"":0,""available_budget"":0,""yearly_available"":22000,""quarter_available"":22000}"
1474,2024ΝΑ85300002,5174719,0.00,10000.00,10000.00,0.00,0.00,0.00,10000.00,0.00,2025-04-01 11:54:14.258+00,2025-06-03 08:32:47.622185+00,q2,"{""user_view"":0,""updated_at"":""2025-06-03T08:32:47.547Z"",""ethsia_pistosi"":55000,""current_quarter"":2,""katanomes_etous"":10000,""available_budget"":10000,""yearly_available"":55000,""quarter_available"":55000}"
1513,2024ΝΑ85300020,5174721,0.00,40000.00,25000.00,15000.00,0.00,0.00,25000.00,0.00,2025-04-01 11:54:31.037+00,2025-06-03 08:33:04.513885+00,q2,"{""user_view"":0,""updated_at"":""2025-06-03T08:33:04.431Z"",""ethsia_pistosi"":194602.38,""current_quarter"":2,""katanomes_etous"":25000,""available_budget"":25000,""yearly_available"":194602.38,""quarter_available"":194602.38}"
1374,2024ΝΑ85300048,5174722,0.00,50000.00,15000.00,35000.00,0.00,0.00,15000.00,0.00,2025-04-01 10:56:16.234+00,2025-06-03 08:31:57.037113+00,q2,"{""user_view"":0,""updated_at"":""2025-06-03T08:31:56.963Z"",""ethsia_pistosi"":17000.54,""current_quarter"":2,""katanomes_etous"":15000,""available_budget"":15000,""yearly_available"":17000.54,""quarter_available"":17000.54}"
1373,2024ΝΑ85300047,5174723,0.00,10000.00,10000.00,0.00,0.00,0.00,10000.00,0.00,2025-04-01 10:56:15.773+00,2025-06-03 08:31:56.622463+00,q2,"{""user_view"":0,""updated_at"":""2025-06-03T08:31:56.302Z"",""ethsia_pistosi"":30922.3,""current_quarter"":2,""katanomes_etous"":10000,""available_budget"":10000,""yearly_available"":30922.3,""quarter_available"":30922.3}"
1501,2024ΝΑ85300015,5180891,0.00,0.00,0.00,0.00,0.00,0.00,0.00,0.00,2025-04-01 11:54:25.906+00,2025-06-03 08:32:59.221771+00,q2,"{""user_view"":0,""updated_at"":""2025-06-03T08:32:59.142Z"",""ethsia_pistosi"":0,""current_quarter"":2,""katanomes_etous"":0,""available_budget"":0,""yearly_available"":0,""quarter_available"":0}"
1376,2024ΝΑ85300050,5185551,0.00,20000.00,20000.00,0.00,0.00,0.00,20000.00,0.00,2025-04-01 10:56:17.052+00,2025-06-03 08:31:58.300505+00,q2,"{""user_view"":0,""updated_at"":""2025-06-03T08:31:58.004Z"",""ethsia_pistosi"":21846.03,""current_quarter"":2,""katanomes_etous"":20000,""available_budget"":20000,""yearly_available"":21846.03,""quarter_available"":21846.03}"
1346,2024ΝΑ85300034,5185579,0.00,110000.00,110000.00,0.00,0.00,0.00,10000.00,0.00,2025-04-01 10:56:04.709+00,2025-06-03 08:33:16.856439+00,q2,"{""user_view"":0,""updated_at"":""2025-06-03T08:33:16.772Z"",""ethsia_pistosi"":110000,""current_quarter"":2,""katanomes_etous"":10000,""available_budget"":10000,""yearly_available"":110000,""quarter_available"":110000}"
1526,2024ΝΑ85300026,5185638,0.00,50000.00,0.00,50000.00,0.00,0.00,0.00,0.00,2025-04-01 11:54:36.639+00,2025-06-03 08:33:10.360443+00,q2,"{""user_view"":0,""updated_at"":""2025-06-03T08:33:10.271Z"",""ethsia_pistosi"":33000,""current_quarter"":2,""katanomes_etous"":0,""available_budget"":0,""yearly_available"":33000,""quarter_available"":33000}"
1372,2024ΝΑ85300046,5185646,0.00,10000.00,0.00,10000.00,0.00,0.00,0.00,0.00,2025-04-01 10:56:15.365+00,2025-06-03 08:31:55.95485+00,q2,"{""user_view"":0,""updated_at"":""2025-06-03T08:31:55.680Z"",""ethsia_pistosi"":11000,""current_quarter"":2,""katanomes_etous"":0,""available_budget"":0,""yearly_available"":11000,""quarter_available"":11000}"
1500,2024ΝΑ85300014,5185773,0.00,0.00,0.00,0.00,0.00,0.00,0.00,0.00,2025-04-01 11:54:25.475+00,2025-06-03 08:32:58.77736+00,q2,"{""user_view"":0,""updated_at"":""2025-06-03T08:32:58.697Z"",""ethsia_pistosi"":10000,""current_quarter"":2,""katanomes_etous"":0,""available_budget"":0,""yearly_available"":10000,""quarter_available"":10000}"
1375,2024ΝΑ85300049,5185847,0.00,50000.00,0.00,20000.00,20000.00,10000.00,0.00,0.00,2025-04-01 10:56:16.643+00,2025-06-03 08:31:57.449036+00,q2,"{""user_view"":0,""updated_at"":""2025-06-03T08:31:57.376Z"",""ethsia_pistosi"":55000,""current_quarter"":2,""katanomes_etous"":0,""available_budget"":0,""yearly_available"":55000,""quarter_available"":55000}"
1524,2024ΝΑ85300024,5185909,0.00,0.00,0.00,0.00,0.00,0.00,0.00,0.00,2025-04-01 11:54:35.797+00,2025-06-03 08:33:06.497194+00,q2,"{""user_view"":0,""updated_at"":""2025-06-03T08:33:06.419Z"",""ethsia_pistosi"":55000,""current_quarter"":2,""katanomes_etous"":0,""available_budget"":0,""yearly_available"":55000,""quarter_available"":55000}"
1358,2024ΝΑ85300039,5185960,0.00,10000.00,10000.00,0.00,0.00,0.00,10000.00,0.00,2025-04-01 10:56:09.619+00,2025-06-03 08:33:21.50702+00,q2,"{""user_view"":0,""updated_at"":""2025-06-03T08:33:21.427Z"",""ethsia_pistosi"":33000,""current_quarter"":2,""katanomes_etous"":10000,""available_budget"":10000,""yearly_available"":33000,""quarter_available"":33000}"
1483,2024ΝΑ85300004,5188985,0.00,30000.00,15000.00,15000.00,0.00,0.00,15000.00,1317.00,2025-04-01 11:54:18.141+00,2025-06-06 10:42:24.697886+00,q2,"{""user_view"":1317,""updated_at"":""2025-06-06T10:42:24.628Z"",""ethsia_pistosi"":30000,""current_quarter"":""q2"",""katanomes_etous"":15000,""available_budget"":13683,""yearly_available"":28683,""quarter_available"":13683}"
1363,2024ΝΑ85300044,5188986,0.00,30000.00,15000.00,15000.00,0.00,0.00,15000.00,0.00,2025-04-01 10:56:11.659+00,2025-06-03 08:33:23.656403+00,q2,"{""user_view"":0,""updated_at"":""2025-06-03T08:33:23.574Z"",""ethsia_pistosi"":83088.9,""current_quarter"":2,""katanomes_etous"":15000,""available_budget"":15000,""yearly_available"":83088.9,""quarter_available"":83088.9}"
1349,2024ΝΑ85300037,5188987,0.00,10000.00,5000.00,5000.00,0.00,0.00,5000.00,0.00,2025-04-01 10:56:05.945+00,2025-06-03 08:33:18.113338+00,q2,"{""user_view"":0,""updated_at"":""2025-06-03T08:33:18.038Z"",""ethsia_pistosi"":11000,""current_quarter"":2,""katanomes_etous"":5000,""available_budget"":5000,""yearly_available"":11000,""quarter_available"":11000}"
1357,2024ΝΑ85300038,5188991,0.00,22000.00,22000.00,0.00,0.00,0.00,0.00,0.00,2025-04-01 10:56:09.222+00,2025-06-03 08:33:18.534793+00,q2,"{""user_view"":0,""updated_at"":""2025-06-03T08:33:18.456Z"",""ethsia_pistosi"":22000,""current_quarter"":2,""katanomes_etous"":0,""available_budget"":0,""yearly_available"":22000,""quarter_available"":22000}"
1345,2024ΝΑ85300033,5188992,0.00,40000.00,20000.00,20000.00,0.00,0.00,20000.00,0.00,2025-04-01 10:56:04.316+00,2025-06-03 08:33:16.428395+00,q2,"{""user_view"":0,""updated_at"":""2025-06-03T08:33:16.348Z"",""ethsia_pistosi"":32577.06,""current_quarter"":2,""katanomes_etous"":20000,""available_budget"":20000,""yearly_available"":32577.06,""quarter_available"":32577.06}"
1528,2024ΝΑ85300028,5189045,0.00,11000.00,11000.00,0.00,0.00,0.00,0.00,0.00,2025-04-01 11:54:37.476+00,2025-06-03 08:33:11.21571+00,q2,"{""user_view"":0,""updated_at"":""2025-06-03T08:33:11.129Z"",""ethsia_pistosi"":11000,""current_quarter"":2,""katanomes_etous"":0,""available_budget"":0,""yearly_available"":11000,""quarter_available"":11000}"
1498,2024ΝΑ85300012,5189047,0.00,20000.00,20000.00,0.00,0.00,0.00,20000.00,0.00,2025-04-01 11:54:24.596+00,2025-06-03 08:32:57.904455+00,q2,"{""user_view"":0,""updated_at"":""2025-06-03T08:32:57.825Z"",""ethsia_pistosi"":28952.23,""current_quarter"":2,""katanomes_etous"":20000,""available_budget"":20000,""yearly_available"":28952.23,""quarter_available"":28952.23}"
1482,2024ΝΑ85300003,5189048,0.00,600000.00,200000.00,150000.00,150000.00,100000.00,200000.00,0.00,2025-04-01 11:54:17.709+00,2025-06-03 08:32:48.039853+00,q2,"{""user_view"":0,""updated_at"":""2025-06-03T08:32:47.959Z"",""ethsia_pistosi"":735185.4,""current_quarter"":2,""katanomes_etous"":200000,""available_budget"":200000,""yearly_available"":735185.4,""quarter_available"":735185.4}"
1484,2024ΝΑ85300005,5189050,0.00,100000.00,30000.00,30000.00,20000.00,20000.00,50000.00,0.00,2025-04-01 11:54:18.608+00,2025-06-03 08:32:51.886092+00,q2,"{""user_view"":0,""updated_at"":""2025-06-03T08:32:51.804Z"",""ethsia_pistosi"":101996.67,""current_quarter"":2,""katanomes_etous"":30000,""available_budget"":30000,""yearly_available"":101996.67,""quarter_available"":101996.67}"
1488,2024ΝΑ85300009,5198090,0.00,70000.00,20000.00,20000.00,20000.00,10000.00,20000.00,0.00,2025-04-01 11:54:20.348+00,2025-06-03 08:32:53.617142+00,q2,"{""user_view"":0,""updated_at"":""2025-06-03T08:32:53.539Z"",""ethsia_pistosi"":20232.06,""current_quarter"":2,""katanomes_etous"":20000,""available_budget"":20000,""yearly_available"":20232.06,""quarter_available"":20232.06}"
1362,2024ΝΑ85300043,5200058,0.00,110000.00,110000.00,0.00,0.00,0.00,30000.00,0.00,2025-04-01 10:56:11.246+00,2025-06-03 08:33:23.223512+00,q2,"{""user_view"":0,""updated_at"":""2025-06-03T08:33:23.147Z"",""ethsia_pistosi"":110000,""current_quarter"":2,""katanomes_etous"":30000,""available_budget"":30000,""yearly_available"":110000,""quarter_available"":110000}"
1361,2024ΝΑ85300042,5200059,0.00,40000.00,30000.00,10000.00,0.00,0.00,30000.00,0.00,2025-04-01 10:56:10.84+00,2025-06-03 08:33:22.809666+00,q2,"{""user_view"":0,""updated_at"":""2025-06-03T08:33:22.728Z"",""ethsia_pistosi"":108200,""current_quarter"":2,""katanomes_etous"":30000,""available_budget"":30000,""yearly_available"":108200,""quarter_available"":108200}"
1485,2024ΝΑ85300006,5200656,0.00,100000.00,40000.00,60000.00,0.00,0.00,40000.00,0.00,2025-04-01 11:54:19.018+00,2025-06-03 08:32:52.341522+00,q2,"{""user_view"":0,""updated_at"":""2025-06-03T08:32:52.252Z"",""ethsia_pistosi"":196405.59,""current_quarter"":2,""katanomes_etous"":40000,""available_budget"":40000,""yearly_available"":196405.59,""quarter_available"":196405.59}"
1344,2024ΝΑ85300032,5201404,0.00,100000.00,0.00,30000.00,30000.00,40000.00,0.00,0.00,2025-04-01 10:56:03.913+00,2025-06-03 08:33:15.996657+00,q2,"{""user_view"":0,""updated_at"":""2025-06-03T08:33:15.916Z"",""ethsia_pistosi"":110000,""current_quarter"":2,""katanomes_etous"":0,""available_budget"":0,""yearly_available"":110000,""quarter_available"":110000}"
1435,2024ΝΑ85300000,5201405,0.00,50000.00,5000.00,15000.00,20000.00,10000.00,5000.00,0.00,2025-04-01 11:53:57.462+00,2025-06-03 08:32:31.017185+00,q2,"{""user_view"":0,""updated_at"":""2025-06-03T08:32:30.938Z"",""ethsia_pistosi"":55000,""current_quarter"":2,""katanomes_etous"":5000,""available_budget"":5000,""yearly_available"":55000,""quarter_available"":55000}"
1486,2024ΝΑ85300007,5201407,0.00,100000.00,30000.00,30000.00,20000.00,20000.00,30000.00,0.00,2025-04-01 11:54:19.511+00,2025-06-03 08:32:52.762054+00,q2,"{""user_view"":0,""updated_at"":""2025-06-03T08:32:52.682Z"",""ethsia_pistosi"":220000,""current_quarter"":2,""katanomes_etous"":30000,""available_budget"":30000,""yearly_available"":220000,""quarter_available"":220000}"
1436,2024ΝΑ85300054,5203790,0.00,20000.00,10000.00,10000.00,0.00,0.00,10000.00,0.00,2025-04-01 11:53:57.888+00,2025-06-03 08:32:31.441968+00,q2,"{""user_view"":0,""updated_at"":""2025-06-03T08:32:31.355Z"",""ethsia_pistosi"":11000,""current_quarter"":2,""katanomes_etous"":10000,""available_budget"":10000,""yearly_available"":11000,""quarter_available"":11000}"
1471,2024ΝΑ85300164,5203792,0.00,165000.00,165000.00,0.00,0.00,0.00,165000.00,0.00,2025-04-01 11:54:12.948+00,2025-06-03 08:32:46.34851+00,q2,"{""user_view"":0,""updated_at"":""2025-06-03T08:32:46.271Z"",""ethsia_pistosi"":165000,""current_quarter"":2,""katanomes_etous"":165000,""available_budget"":165000,""yearly_available"":165000,""quarter_available"":165000}"
1517,2024ΝΑ85300055,5203794,0.00,20000.00,20000.00,0.00,0.00,0.00,20000.00,0.00,2025-04-01 11:54:32.85+00,2025-06-03 08:33:02.725158+00,q2,"{""user_view"":0,""updated_at"":""2025-06-03T08:33:02.647Z"",""ethsia_pistosi"":22000,""current_quarter"":2,""katanomes_etous"":20000,""available_budget"":20000,""yearly_available"":22000,""quarter_available"":22000}"
1518,2024ΝΑ85300056,5203795,0.00,40000.00,10000.00,30000.00,0.00,0.00,10000.00,0.00,2025-04-01 11:54:33.267+00,2025-06-03 08:33:03.162255+00,q2,"{""user_view"":0,""updated_at"":""2025-06-03T08:33:03.081Z"",""ethsia_pistosi"":11000,""current_quarter"":2,""katanomes_etous"":10000,""available_budget"":10000,""yearly_available"":11000,""quarter_available"":11000}"
1519,2024ΝΑ85300057,5203796,0.00,25000.00,10000.00,15000.00,0.00,0.00,10000.00,0.00,2025-04-01 11:54:33.679+00,2025-06-03 08:33:06.943207+00,q2,"{""user_view"":0,""updated_at"":""2025-06-03T08:33:06.858Z"",""ethsia_pistosi"":11000,""current_quarter"":2,""katanomes_etous"":10000,""available_budget"":10000,""yearly_available"":11000,""quarter_available"":11000}"
1468,2024ΝΑ85300160,5203797,0.00,100000.00,50000.00,20000.00,20000.00,10000.00,50000.00,0.00,2025-04-01 11:54:11.692+00,2025-06-03 08:32:42.130011+00,q2,"{""user_view"":0,""updated_at"":""2025-06-03T08:32:42.054Z"",""ethsia_pistosi"":220000,""current_quarter"":2,""katanomes_etous"":50000,""available_budget"":50000,""yearly_available"":220000,""quarter_available"":220000}"
1460,2024ΝΑ85300159,5203800,0.00,15000.00,10000.00,5000.00,0.00,0.00,10000.00,0.00,2025-04-01 11:54:08.248+00,2025-06-03 08:32:41.715876+00,q2,"{""user_view"":0,""updated_at"":""2025-06-03T08:32:41.647Z"",""ethsia_pistosi"":19999.92,""current_quarter"":2,""katanomes_etous"":10000,""available_budget"":10000,""yearly_available"":19999.92,""quarter_available"":19999.92}"
1520,2024ΝΑ85300058,5203804,0.00,0.00,0.00,0.00,0.00,0.00,0.00,0.00,2025-04-01 11:54:34.087+00,2025-06-03 08:33:07.387564+00,q2,"{""user_view"":0,""updated_at"":""2025-06-03T08:33:07.298Z"",""ethsia_pistosi"":11000,""current_quarter"":2,""katanomes_etous"":0,""available_budget"":0,""yearly_available"":11000,""quarter_available"":11000}"
1521,2024ΝΑ85300059,5203805,0.00,22000.00,22000.00,0.00,0.00,0.00,0.00,0.00,2025-04-01 11:54:34.502+00,2025-06-03 08:33:07.80751+00,q2,"{""user_view"":0,""updated_at"":""2025-06-03T08:33:07.732Z"",""ethsia_pistosi"":22000,""current_quarter"":2,""katanomes_etous"":0,""available_budget"":0,""yearly_available"":22000,""quarter_available"":22000}"
1522,2024ΝΑ85300060,5203807,0.00,200000.00,200000.00,0.00,0.00,0.00,200000.00,0.00,2025-04-01 11:54:34.926+00,2025-06-03 08:33:08.235056+00,q2,"{""user_view"":0,""updated_at"":""2025-06-03T08:33:08.151Z"",""ethsia_pistosi"":286147.01,""current_quarter"":2,""katanomes_etous"":200000,""available_budget"":200000,""yearly_available"":286147.01,""quarter_available"":286147.01}"
1523,2024ΝΑ85300061,5203809,0.00,10000.00,10000.00,0.00,0.00,0.00,10000.00,0.00,2025-04-01 11:54:35.386+00,2025-06-03 08:33:08.653275+00,q2,"{""user_view"":0,""updated_at"":""2025-06-03T08:33:08.576Z"",""ethsia_pistosi"":22000,""current_quarter"":2,""katanomes_etous"":10000,""available_budget"":10000,""yearly_available"":22000,""quarter_available"":22000}"
1336,2024ΝΑ85300062,5203810,0.00,10000.00,0.00,10000.00,0.00,0.00,0.00,0.00,2025-04-01 10:56:00.609+00,2025-06-03 08:33:09.073742+00,q2,"{""user_view"":0,""updated_at"":""2025-06-03T08:33:08.992Z"",""ethsia_pistosi"":22000,""current_quarter"":2,""katanomes_etous"":0,""available_budget"":0,""yearly_available"":22000,""quarter_available"":22000}"
1337,2024ΝΑ85300063,5203811,0.00,1200000.00,400000.00,400000.00,200000.00,200000.00,400000.00,0.00,2025-04-01 10:56:01.02+00,2025-06-03 08:33:09.496627+00,q2,"{""user_view"":0,""updated_at"":""2025-06-03T08:33:09.416Z"",""ethsia_pistosi"":423118.87,""current_quarter"":2,""katanomes_etous"":400000,""available_budget"":400000,""yearly_available"":423118.87,""quarter_available"":423118.87}"
1338,2024ΝΑ85300064,5203814,0.00,230000.00,215000.00,15000.00,0.00,0.00,215000.00,0.00,2025-04-01 10:56:01.434+00,2025-06-03 08:33:12.956749+00,q2,"{""user_view"":0,""updated_at"":""2025-06-03T08:33:12.880Z"",""ethsia_pistosi"":215498.68,""current_quarter"":2,""katanomes_etous"":215000,""available_budget"":215000,""yearly_available"":215498.68,""quarter_available"":215498.68}"
1339,2024ΝΑ85300065,5203815,0.00,10000.00,10000.00,0.00,0.00,0.00,10000.00,0.00,2025-04-01 10:56:01.849+00,2025-06-03 08:33:13.396093+00,q2,"{""user_view"":0,""updated_at"":""2025-06-03T08:33:13.315Z"",""ethsia_pistosi"":14502.4,""current_quarter"":2,""katanomes_etous"":10000,""available_budget"":10000,""yearly_available"":14502.4,""quarter_available"":14502.4}"
1340,2024ΝΑ85300066,5203816,0.00,0.00,0.00,0.00,0.00,0.00,0.00,0.00,2025-04-01 10:56:02.277+00,2025-06-03 08:33:13.811705+00,q2,"{""user_view"":0,""updated_at"":""2025-06-03T08:33:13.730Z"",""ethsia_pistosi"":11000,""current_quarter"":2,""katanomes_etous"":0,""available_budget"":0,""yearly_available"":11000,""quarter_available"":11000}"
1469,2024ΝΑ85300162,5203820,0.00,1510000.00,1510000.00,0.00,0.00,0.00,1510000.00,0.00,2025-04-01 11:54:12.129+00,2025-06-03 08:32:45.515552+00,q2,"{""user_view"":0,""updated_at"":""2025-06-03T08:32:45.436Z"",""ethsia_pistosi"":1571155.16,""current_quarter"":2,""katanomes_etous"":1510000,""available_budget"":1510000,""yearly_available"":1571155.16,""quarter_available"":1571155.16}"
1341,2024ΝΑ85300067,5203821,0.00,70000.00,50000.00,20000.00,0.00,0.00,100000.00,0.00,2025-04-01 10:56:02.699+00,2025-06-03 08:33:14.247888+00,q2,"{""user_view"":0,""updated_at"":""2025-06-03T08:33:14.167Z"",""ethsia_pistosi"":104936.31,""current_quarter"":2,""katanomes_etous"":70000,""available_budget"":70000,""yearly_available"":104936.31,""quarter_available"":104936.31}"
1342,2024ΝΑ85300068,5203822,0.00,10000.00,10000.00,0.00,0.00,0.00,10000.00,0.00,2025-04-01 10:56:03.11+00,2025-06-03 08:33:14.701844+00,q2,"{""user_view"":0,""updated_at"":""2025-06-03T08:33:14.620Z"",""ethsia_pistosi"":11000,""current_quarter"":2,""katanomes_etous"":10000,""available_budget"":10000,""yearly_available"":11000,""quarter_available"":11000}"
1350,2024ΝΑ85300069,5203823,0.00,1403399.74,1403399.74,0.00,0.00,0.00,700000.00,0.00,2025-04-01 10:56:06.361+00,2025-06-03 08:33:15.135834+00,q2,"{""user_view"":0,""updated_at"":""2025-06-03T08:33:15.046Z"",""ethsia_pistosi"":1553399.74,""current_quarter"":2,""katanomes_etous"":700000,""available_budget"":700000,""yearly_available"":1553399.74,""quarter_available"":1553399.74}"
1351,2024ΝΑ85300070,5203824,0.00,180000.00,0.00,100000.00,80000.00,0.00,0.00,0.00,2025-04-01 10:56:06.776+00,2025-06-03 08:33:15.570562+00,q2,"{""user_view"":0,""updated_at"":""2025-06-03T08:33:15.491Z"",""ethsia_pistosi"":935000,""current_quarter"":2,""katanomes_etous"":0,""available_budget"":0,""yearly_available"":935000,""quarter_available"":935000}"
1470,2024ΝΑ85300163,5203825,0.00,500000.00,250000.00,100000.00,100000.00,50000.00,250000.00,0.00,2025-04-01 11:54:12.538+00,2025-06-03 08:32:45.934046+00,q2,"{""user_view"":0,""updated_at"":""2025-06-03T08:32:45.858Z"",""ethsia_pistosi"":254002.04,""current_quarter"":2,""katanomes_etous"":250000,""available_budget"":250000,""yearly_available"":254002.04,""quarter_available"":254002.04}"
1352,2024ΝΑ85300071,5203826,0.00,40000.00,10000.00,10000.00,10000.00,10000.00,10000.00,0.00,2025-04-01 10:56:07.185+00,2025-06-03 08:33:18.971857+00,q2,"{""user_view"":0,""updated_at"":""2025-06-03T08:33:18.883Z"",""ethsia_pistosi"":33000,""current_quarter"":2,""katanomes_etous"":10000,""available_budget"":10000,""yearly_available"":33000,""quarter_available"":33000}"
1353,2024ΝΑ85300072,5203828,0.00,100000.00,100000.00,0.00,0.00,0.00,100000.00,0.00,2025-04-01 10:56:07.602+00,2025-06-03 08:33:19.404238+00,q2,"{""user_view"":0,""updated_at"":""2025-06-03T08:33:19.323Z"",""ethsia_pistosi"":130272.85,""current_quarter"":2,""katanomes_etous"":100000,""available_budget"":100000,""yearly_available"":130272.85,""quarter_available"":130272.85}"
1354,2024ΝΑ85300073,5203829,0.00,50000.00,20000.00,10000.00,10000.00,10000.00,44000.00,0.00,2025-04-01 10:56:08.005+00,2025-06-03 08:33:19.823423+00,q2,"{""user_view"":0,""updated_at"":""2025-06-03T08:33:19.745Z"",""ethsia_pistosi"":44000,""current_quarter"":2,""katanomes_etous"":30000,""available_budget"":30000,""yearly_available"":44000,""quarter_available"":44000}"
1355,2024ΝΑ85300074,5203830,0.00,100000.00,50000.00,50000.00,0.00,0.00,50000.00,0.00,2025-04-01 10:56:08.405+00,2025-06-03 08:33:20.241762+00,q2,"{""user_view"":0,""updated_at"":""2025-06-03T08:33:20.165Z"",""ethsia_pistosi"":88000,""current_quarter"":2,""katanomes_etous"":50000,""available_budget"":50000,""yearly_available"":88000,""quarter_available"":88000}"
1356,2024ΝΑ85300075,5203831,0.00,20000.00,20000.00,0.00,0.00,0.00,20000.00,0.00,2025-04-01 10:56:08.81+00,2025-06-03 08:33:20.67329+00,q2,"{""user_view"":0,""updated_at"":""2025-06-03T08:33:20.594Z"",""ethsia_pistosi"":33000,""current_quarter"":2,""katanomes_etous"":20000,""available_budget"":20000,""yearly_available"":33000,""quarter_available"":33000}"
1472,2024ΝΑ85300165,5203832,0.00,50000.00,10000.00,20000.00,20000.00,0.00,35000.00,0.00,2025-04-01 11:54:13.392+00,2025-06-03 08:32:46.784669+00,q2,"{""user_view"":0,""updated_at"":""2025-06-03T08:32:46.702Z"",""ethsia_pistosi"":37410.82,""current_quarter"":2,""katanomes_etous"":10000,""available_budget"":10000,""yearly_available"":37410.82,""quarter_available"":37410.82}"
1364,2024ΝΑ85300076,5203835,0.00,350000.00,100000.00,100000.00,100000.00,50000.00,100000.00,0.00,2025-04-01 10:56:12.078+00,2025-06-03 08:33:21.087945+00,q2,"{""user_view"":0,""updated_at"":""2025-06-03T08:33:21.010Z"",""ethsia_pistosi"":191189.17,""current_quarter"":2,""katanomes_etous"":100000,""available_budget"":100000,""yearly_available"":191189.17,""quarter_available"":191189.17}"
1365,2024ΝΑ85300077,5203836,0.00,70000.00,50000.00,10000.00,10000.00,0.00,50000.00,0.00,2025-04-01 10:56:12.485+00,2025-06-03 08:31:51.908854+00,q2,"{""user_view"":0,""updated_at"":""2025-06-03T08:31:51.809Z"",""ethsia_pistosi"":117993.84,""current_quarter"":2,""katanomes_etous"":50000,""available_budget"":50000,""yearly_available"":117993.84,""quarter_available"":117993.84}"
1366,2024ΝΑ85300078,5203838,0.00,5000.00,0.00,5000.00,0.00,0.00,0.00,0.00,2025-04-01 10:56:12.894+00,2025-06-03 08:31:52.365324+00,q2,"{""user_view"":0,""updated_at"":""2025-06-03T08:31:52.286Z"",""ethsia_pistosi"":11000,""current_quarter"":2,""katanomes_etous"":0,""available_budget"":0,""yearly_available"":11000,""quarter_available"":11000}"
1367,2024ΝΑ85300079,5203839,0.00,19456.00,19456.00,0.00,0.00,0.00,0.00,0.00,2025-04-01 10:56:13.297+00,2025-06-03 08:31:53.022825+00,q2,"{""user_view"":0,""updated_at"":""2025-06-03T08:31:52.947Z"",""ethsia_pistosi"":19456,""current_quarter"":2,""katanomes_etous"":0,""available_budget"":0,""yearly_available"":19456,""quarter_available"":19456}"
1368,2024ΝΑ85300080,5203842,0.00,11000.00,11000.00,0.00,0.00,0.00,0.00,0.00,2025-04-01 10:56:13.698+00,2025-06-03 08:31:53.669094+00,q2,"{""user_view"":0,""updated_at"":""2025-06-03T08:31:53.577Z"",""ethsia_pistosi"":11000,""current_quarter"":2,""katanomes_etous"":0,""available_budget"":0,""yearly_available"":11000,""quarter_available"":11000}"
1369,2024ΝΑ85300081,5203843,0.00,30000.00,9000.00,10000.00,11000.00,0.00,9000.00,0.00,2025-04-01 10:56:14.111+00,2025-06-03 08:31:54.290985+00,q2,"{""user_view"":0,""updated_at"":""2025-06-03T08:31:54.007Z"",""ethsia_pistosi"":9511.74,""current_quarter"":2,""katanomes_etous"":9000,""available_budget"":9000,""yearly_available"":9511.74,""quarter_available"":9511.74}"
1370,2024ΝΑ85300082,5203845,0.00,10000.00,10000.00,0.00,0.00,0.00,10000.00,0.00,2025-04-01 10:56:14.54+00,2025-06-03 08:31:54.915187+00,q2,"{""user_view"":0,""updated_at"":""2025-06-03T08:31:54.840Z"",""ethsia_pistosi"":11000,""current_quarter"":2,""katanomes_etous"":10000,""available_budget"":10000,""yearly_available"":11000,""quarter_available"":11000}"
1378,2024ΝΑ85300083,5203847,0.00,50000.00,0.00,50000.00,0.00,0.00,0.00,0.00,2025-04-01 10:56:17.869+00,2025-06-03 08:31:55.33274+00,q2,"{""user_view"":0,""updated_at"":""2025-06-03T08:31:55.256Z"",""ethsia_pistosi"":11000,""current_quarter"":2,""katanomes_etous"":0,""available_budget"":0,""yearly_available"":11000,""quarter_available"":11000}"
1379,2024ΝΑ85300084,5203848,0.00,4000000.00,1000000.00,1000000.00,1000000.00,1000000.00,1250000.00,35772.80,2025-04-01 10:56:18.271+00,2025-06-03 08:32:00.412077+00,q2,"{""user_view"":35772.8,""updated_at"":""2025-06-03T08:32:00.121Z"",""ethsia_pistosi"":1254353.53,""current_quarter"":2,""katanomes_etous"":1250000,""available_budget"":1214227.2,""yearly_available"":1218580.73,""quarter_available"":1218580.73}"
1380,2024ΝΑ85300085,5203849,0.00,20000.00,0.00,20000.00,0.00,0.00,0.00,0.00,2025-04-01 10:56:18.703+00,2025-06-03 08:32:00.828942+00,q2,"{""user_view"":0,""updated_at"":""2025-06-03T08:32:00.752Z"",""ethsia_pistosi"":4786.93,""current_quarter"":2,""katanomes_etous"":0,""available_budget"":0,""yearly_available"":4786.93,""quarter_available"":4786.93}"
1381,2024ΝΑ85300086,5203850,0.00,50000.00,50000.00,0.00,0.00,0.00,50000.00,0.00,2025-04-01 10:56:19.125+00,2025-06-03 08:32:01.252595+00,q2,"{""user_view"":0,""updated_at"":""2025-06-03T08:32:01.173Z"",""ethsia_pistosi"":63136,""current_quarter"":2,""katanomes_etous"":50000,""available_budget"":50000,""yearly_available"":63136,""quarter_available"":63136}"
1382,2024ΝΑ85300087,5203851,0.00,30000.00,20000.00,10000.00,0.00,0.00,20000.00,0.00,2025-04-01 10:56:19.525+00,2025-06-03 08:32:01.668252+00,q2,"{""user_view"":0,""updated_at"":""2025-06-03T08:32:01.586Z"",""ethsia_pistosi"":47763.39,""current_quarter"":2,""katanomes_etous"":20000,""available_budget"":20000,""yearly_available"":47763.39,""quarter_available"":47763.39}"
1383,2024ΝΑ85300088,5203852,0.00,30000.00,0.00,30000.00,0.00,0.00,0.00,0.00,2025-04-01 10:56:19.932+00,2025-06-03 08:32:02.144773+00,q2,"{""user_view"":0,""updated_at"":""2025-06-03T08:32:02.072Z"",""ethsia_pistosi"":11000,""current_quarter"":2,""katanomes_etous"":0,""available_budget"":0,""yearly_available"":11000,""quarter_available"":11000}"
1391,2024ΝΑ85300089,5203854,0.00,0.00,0.00,0.00,0.00,0.00,0.00,0.00,2025-04-01 10:56:23.21+00,2025-06-03 08:32:02.777414+00,q2,"{""user_view"":0,""updated_at"":""2025-06-03T08:32:02.697Z"",""ethsia_pistosi"":0,""current_quarter"":2,""katanomes_etous"":0,""available_budget"":0,""yearly_available"":0,""quarter_available"":0}"
1392,2024ΝΑ85300090,5203855,0.00,200000.00,100000.00,100000.00,0.00,0.00,200000.00,0.00,2025-04-01 10:56:23.63+00,2025-06-03 08:32:03.210672+00,q2,"{""user_view"":0,""updated_at"":""2025-06-03T08:32:03.129Z"",""ethsia_pistosi"":218906.13,""current_quarter"":2,""katanomes_etous"":200000,""available_budget"":200000,""yearly_available"":218906.13,""quarter_available"":218906.13}"
1393,2024ΝΑ85300091,5203856,0.00,100000.00,50000.00,25000.00,25000.00,0.00,50000.00,0.00,2025-04-01 10:56:24.037+00,2025-06-03 08:32:06.555734+00,q2,"{""user_view"":0,""updated_at"":""2025-06-03T08:32:06.479Z"",""ethsia_pistosi"":71981.89,""current_quarter"":2,""katanomes_etous"":50000,""available_budget"":50000,""yearly_available"":71981.89,""quarter_available"":71981.89}"
1394,2024ΝΑ85300092,5203858,0.00,6000.00,6000.00,0.00,0.00,0.00,6000.00,0.00,2025-04-01 10:56:24.446+00,2025-06-03 08:32:06.974197+00,q2,"{""user_view"":0,""updated_at"":""2025-06-03T08:32:06.901Z"",""ethsia_pistosi"":11000,""current_quarter"":2,""katanomes_etous"":6000,""available_budget"":6000,""yearly_available"":11000,""quarter_available"":11000}"
1395,2024ΝΑ85300093,5203859,0.00,11000.00,11000.00,0.00,0.00,0.00,0.00,0.00,2025-04-01 10:56:24.857+00,2025-06-03 08:32:07.385966+00,q2,"{""user_view"":0,""updated_at"":""2025-06-03T08:32:07.311Z"",""ethsia_pistosi"":11000,""current_quarter"":2,""katanomes_etous"":0,""available_budget"":0,""yearly_available"":11000,""quarter_available"":11000}"
1396,2024ΝΑ85300094,5203860,0.00,11000.00,11000.00,0.00,0.00,0.00,0.00,0.00,2025-04-01 10:56:25.26+00,2025-06-03 08:32:08.029426+00,q2,"{""user_view"":0,""updated_at"":""2025-06-03T08:32:07.944Z"",""ethsia_pistosi"":11000,""current_quarter"":2,""katanomes_etous"":0,""available_budget"":0,""yearly_available"":11000,""quarter_available"":11000}"
1397,2024ΝΑ85300095,5203861,0.00,10000.00,5000.00,5000.00,0.00,0.00,5000.00,0.00,2025-04-01 10:56:25.67+00,2025-06-03 08:32:08.445864+00,q2,"{""user_view"":0,""updated_at"":""2025-06-03T08:32:08.373Z"",""ethsia_pistosi"":5265.81,""current_quarter"":2,""katanomes_etous"":5000,""available_budget"":5000,""yearly_available"":5265.81,""quarter_available"":5265.81}"
1405,2024ΝΑ85300096,5203863,0.00,11000.00,11000.00,0.00,0.00,0.00,0.00,0.00,2025-04-01 10:56:28.977+00,2025-06-03 08:32:08.859102+00,q2,"{""user_view"":0,""updated_at"":""2025-06-03T08:32:08.783Z"",""ethsia_pistosi"":11000,""current_quarter"":2,""katanomes_etous"":0,""available_budget"":0,""yearly_available"":11000,""quarter_available"":11000}"
1406,2024ΝΑ85300097,5203864,0.00,33000.00,33000.00,0.00,0.00,0.00,0.00,0.00,2025-04-01 10:56:29.389+00,2025-06-03 08:32:09.288674+00,q2,"{""user_view"":0,""updated_at"":""2025-06-03T08:32:09.214Z"",""ethsia_pistosi"":33000,""current_quarter"":2,""katanomes_etous"":0,""available_budget"":0,""yearly_available"":33000,""quarter_available"":33000}"
1407,2024ΝΑ85300098,5203865,0.00,5000.00,0.00,5000.00,0.00,0.00,0.00,0.00,2025-04-01 10:56:29.793+00,2025-06-03 08:32:12.696357+00,q2,"{""user_view"":0,""updated_at"":""2025-06-03T08:32:12.623Z"",""ethsia_pistosi"":11000,""current_quarter"":2,""katanomes_etous"":0,""available_budget"":0,""yearly_available"":11000,""quarter_available"":11000}"
1408,2024ΝΑ85300099,5203866,0.00,100000.00,100000.00,0.00,0.00,0.00,100000.00,0.00,2025-04-01 10:56:30.196+00,2025-06-03 08:32:13.3639+00,q2,"{""user_view"":0,""updated_at"":""2025-06-03T08:32:13.287Z"",""ethsia_pistosi"":109680.29,""current_quarter"":2,""katanomes_etous"":100000,""available_budget"":100000,""yearly_available"":109680.29,""quarter_available"":109680.29}"
1409,2024ΝΑ85300100,5203867,0.00,30000.00,30000.00,0.00,0.00,0.00,30000.00,0.00,2025-04-01 10:56:30.601+00,2025-06-03 08:32:13.793728+00,q2,"{""user_view"":0,""updated_at"":""2025-06-03T08:32:13.721Z"",""ethsia_pistosi"":105168.32,""current_quarter"":2,""katanomes_etous"":30000,""available_budget"":30000,""yearly_available"":105168.32,""quarter_available"":105168.32}"
1410,2024ΝΑ85300101,5203868,0.00,5000.00,0.00,5000.00,0.00,0.00,0.00,0.00,2025-04-01 10:56:31.007+00,2025-06-03 08:32:14.411096+00,q2,"{""user_view"":0,""updated_at"":""2025-06-03T08:32:14.327Z"",""ethsia_pistosi"":11000,""current_quarter"":2,""katanomes_etous"":0,""available_budget"":0,""yearly_available"":11000,""quarter_available"":11000}"
1411,2024ΝΑ85300102,5203869,0.00,3290397.14,3290397.14,0.00,0.00,0.00,2000000.00,0.00,2025-04-01 10:56:31.416+00,2025-06-03 08:32:14.821073+00,q2,"{""user_view"":0,""updated_at"":""2025-06-03T08:32:14.744Z"",""ethsia_pistosi"":7290397.14,""current_quarter"":2,""katanomes_etous"":2000000,""available_budget"":2000000,""yearly_available"":7290397.14,""quarter_available"":7290397.14}"
1414,2024ΝΑ85300103,5203871,0.00,11000.00,11000.00,0.00,0.00,0.00,0.00,0.00,2025-04-01 10:56:32.632+00,2025-06-03 08:32:15.461707+00,q2,"{""user_view"":0,""updated_at"":""2025-06-03T08:32:15.386Z"",""ethsia_pistosi"":11000,""current_quarter"":2,""katanomes_etous"":0,""available_budget"":0,""yearly_available"":11000,""quarter_available"":11000}"
1415,2024ΝΑ85300104,5203874,0.00,10000.00,10000.00,0.00,0.00,0.00,10000.00,0.00,2025-04-01 10:56:33.066+00,2025-06-03 08:32:15.871952+00,q2,"{""user_view"":0,""updated_at"":""2025-06-03T08:32:15.794Z"",""ethsia_pistosi"":22000,""current_quarter"":2,""katanomes_etous"":10000,""available_budget"":10000,""yearly_available"":22000,""quarter_available"":22000}"
1416,2024ΝΑ85300105,5203876,0.00,0.00,0.00,0.00,0.00,0.00,0.00,0.00,2025-04-01 10:56:33.467+00,2025-06-03 08:32:18.769023+00,q2,"{""user_view"":0,""updated_at"":""2025-06-03T08:32:18.688Z"",""ethsia_pistosi"":33000,""current_quarter"":2,""katanomes_etous"":0,""available_budget"":0,""yearly_available"":33000,""quarter_available"":33000}"
1417,2024ΝΑ85300106,5203877,0.00,50000.00,20000.00,10000.00,10000.00,10000.00,20000.00,0.00,2025-04-01 10:56:33.878+00,2025-06-03 08:32:19.179279+00,q2,"{""user_view"":0,""updated_at"":""2025-06-03T08:32:19.106Z"",""ethsia_pistosi"":104698.7,""current_quarter"":2,""katanomes_etous"":20000,""available_budget"":20000,""yearly_available"":104698.7,""quarter_available"":104698.7}"
1418,2024ΝΑ85300107,5203878,0.00,70000.00,50000.00,20000.00,0.00,0.00,50000.00,0.00,2025-04-01 10:56:34.278+00,2025-06-03 08:32:19.824003+00,q2,"{""user_view"":0,""updated_at"":""2025-06-03T08:32:19.745Z"",""ethsia_pistosi"":55528.53,""current_quarter"":2,""katanomes_etous"":50000,""available_budget"":50000,""yearly_available"":55528.53,""quarter_available"":55528.53}"
1419,2024ΝΑ85300108,5203879,0.00,22000.00,22000.00,0.00,0.00,0.00,0.00,0.00,2025-04-01 10:56:34.751+00,2025-06-03 08:32:20.228443+00,q2,"{""user_view"":0,""updated_at"":""2025-06-03T08:32:20.153Z"",""ethsia_pistosi"":22000,""current_quarter"":2,""katanomes_etous"":0,""available_budget"":0,""yearly_available"":22000,""quarter_available"":22000}"
1420,2024ΝΑ85300109,5203880,0.00,22000.00,22000.00,0.00,0.00,0.00,0.00,0.00,2025-04-01 11:53:51.063+00,2025-06-03 08:32:20.638476+00,q2,"{""user_view"":0,""updated_at"":""2025-06-03T08:32:20.561Z"",""ethsia_pistosi"":22000,""current_quarter"":2,""katanomes_etous"":0,""available_budget"":0,""yearly_available"":22000,""quarter_available"":22000}"
1421,2024ΝΑ85300110,5203883,0.00,0.00,0.00,0.00,0.00,0.00,0.00,0.00,2025-04-01 11:53:51.488+00,2025-06-03 08:32:21.060616+00,q2,"{""user_view"":0,""updated_at"":""2025-06-03T08:32:20.983Z"",""ethsia_pistosi"":33000,""current_quarter"":2,""katanomes_etous"":0,""available_budget"":0,""yearly_available"":33000,""quarter_available"":33000}"
1422,2024ΝΑ85300111,5203888,0.00,200000.00,100000.00,50000.00,25000.00,25000.00,100000.00,0.00,2025-04-01 11:53:51.899+00,2025-06-03 08:32:21.487484+00,q2,"{""user_view"":0,""updated_at"":""2025-06-03T08:32:21.400Z"",""ethsia_pistosi"":289763.51,""current_quarter"":2,""katanomes_etous"":100000,""available_budget"":100000,""yearly_available"":289763.51,""quarter_available"":289763.51}"
1423,2024ΝΑ85300112,5203891,0.00,11000.00,11000.00,0.00,0.00,0.00,0.00,0.00,2025-04-01 11:53:52.328+00,2025-06-03 08:32:23.860945+00,q2,"{""user_view"":0,""updated_at"":""2025-06-03T08:32:23.785Z"",""ethsia_pistosi"":11000,""current_quarter"":2,""katanomes_etous"":0,""available_budget"":0,""yearly_available"":11000,""quarter_available"":11000}"
1424,2024ΝΑ85300113,5203894,0.00,230000.00,150000.00,40000.00,40000.00,0.00,150000.00,0.00,2025-04-01 11:53:52.752+00,2025-06-03 08:32:24.267839+00,q2,"{""user_view"":0,""updated_at"":""2025-06-03T08:32:24.198Z"",""ethsia_pistosi"":186587.87,""current_quarter"":2,""katanomes_etous"":150000,""available_budget"":150000,""yearly_available"":186587.87,""quarter_available"":186587.87}"
1425,2024ΝΑ85300114,5203895,0.00,60000.00,60000.00,0.00,0.00,0.00,60000.00,0.00,2025-04-01 11:53:53.167+00,2025-06-03 08:32:24.697945+00,q2,"{""user_view"":0,""updated_at"":""2025-06-03T08:32:24.618Z"",""ethsia_pistosi"":97351.37,""current_quarter"":2,""katanomes_etous"":60000,""available_budget"":60000,""yearly_available"":97351.37,""quarter_available"":97351.37}"
1426,2024ΝΑ85300115,5203896,0.00,50000.00,0.00,25000.00,25000.00,0.00,0.00,0.00,2025-04-01 11:53:53.586+00,2025-06-03 08:32:25.12312+00,q2,"{""user_view"":0,""updated_at"":""2025-06-03T08:32:25.038Z"",""ethsia_pistosi"":55000,""current_quarter"":2,""katanomes_etous"":0,""available_budget"":0,""yearly_available"":55000,""quarter_available"":55000}"
1427,2024ΝΑ85300116,5203897,0.00,10000.00,0.00,10000.00,0.00,0.00,0.00,0.00,2025-04-01 11:53:54.005+00,2025-06-03 08:32:25.514753+00,q2,"{""user_view"":0,""updated_at"":""2025-06-03T08:32:25.445Z"",""ethsia_pistosi"":11000,""current_quarter"":2,""katanomes_etous"":0,""available_budget"":0,""yearly_available"":11000,""quarter_available"":11000}"
1428,2024ΝΑ85300117,5203898,0.00,2000.00,0.00,2000.00,0.00,0.00,0.00,0.00,2025-04-01 11:53:54.431+00,2025-06-03 08:32:25.914664+00,q2,"{""user_view"":0,""updated_at"":""2025-06-03T08:32:25.844Z"",""ethsia_pistosi"":11000,""current_quarter"":2,""katanomes_etous"":0,""available_budget"":0,""yearly_available"":11000,""quarter_available"":11000}"
1429,2024ΝΑ85300118,5203899,0.00,10000.00,10000.00,0.00,0.00,0.00,10000.00,0.00,2025-04-01 11:53:54.887+00,2025-06-03 08:32:26.327492+00,q2,"{""user_view"":0,""updated_at"":""2025-06-03T08:32:26.258Z"",""ethsia_pistosi"":31531.2,""current_quarter"":2,""katanomes_etous"":10000,""available_budget"":10000,""yearly_available"":31531.2,""quarter_available"":31531.2}"
1430,2024ΝΑ85300119,5203900,0.00,192335.20,192335.20,0.00,0.00,0.00,40000.00,0.00,2025-04-01 11:53:55.302+00,2025-06-03 08:32:27.853303+00,q2,"{""user_view"":0,""updated_at"":""2025-06-03T08:32:27.777Z"",""ethsia_pistosi"":42335.2,""current_quarter"":2,""katanomes_etous"":40000,""available_budget"":40000,""yearly_available"":42335.2,""quarter_available"":42335.2}"
1431,2024ΝΑ85300120,5203901,0.00,200000.00,100000.00,50000.00,25000.00,25000.00,100000.00,0.00,2025-04-01 11:53:55.743+00,2025-06-03 08:32:28.260267+00,q2,"{""user_view"":0,""updated_at"":""2025-06-03T08:32:28.189Z"",""ethsia_pistosi"":133180.63,""current_quarter"":2,""katanomes_etous"":100000,""available_budget"":100000,""yearly_available"":133180.63,""quarter_available"":133180.63}"
1432,2024ΝΑ85300121,5203902,0.00,10000.00,10000.00,0.00,0.00,0.00,10000.00,0.00,2025-04-01 11:53:56.201+00,2025-06-03 08:32:28.673389+00,q2,"{""user_view"":0,""updated_at"":""2025-06-03T08:32:28.597Z"",""ethsia_pistosi"":11000,""current_quarter"":2,""katanomes_etous"":10000,""available_budget"":10000,""yearly_available"":11000,""quarter_available"":11000}"
1433,2024ΝΑ85300122,5203905,0.00,40000.00,40000.00,0.00,0.00,0.00,40000.00,0.00,2025-04-01 11:53:56.631+00,2025-06-03 08:32:29.091791+00,q2,"{""user_view"":0,""updated_at"":""2025-06-03T08:32:29.013Z"",""ethsia_pistosi"":95779.55,""current_quarter"":2,""katanomes_etous"":40000,""available_budget"":40000,""yearly_available"":95779.55,""quarter_available"":95779.55}"
1434,2024ΝΑ85300123,5203906,0.00,50000.00,20000.00,10000.00,10000.00,10000.00,20000.00,0.00,2025-04-01 11:53:57.051+00,2025-06-03 08:32:29.515933+00,q2,"{""user_view"":0,""updated_at"":""2025-06-03T08:32:29.438Z"",""ethsia_pistosi"":109201.48,""current_quarter"":2,""katanomes_etous"":20000,""available_budget"":20000,""yearly_available"":109201.48,""quarter_available"":109201.48}"
1440,2024ΝΑ85300124,5203907,0.00,10000.00,5000.00,5000.00,0.00,0.00,5000.00,0.00,2025-04-01 11:53:59.609+00,2025-06-03 08:32:29.933101+00,q2,"{""user_view"":0,""updated_at"":""2025-06-03T08:32:29.857Z"",""ethsia_pistosi"":11000,""current_quarter"":2,""katanomes_etous"":5000,""available_budget"":5000,""yearly_available"":11000,""quarter_available"":11000}"
1445,2024ΝΑ85300125,5203908,0.00,0.00,0.00,0.00,0.00,0.00,0.00,0.00,2025-04-01 11:54:01.734+00,2025-06-03 08:32:35.453572+00,q2,"{""user_view"":0,""updated_at"":""2025-06-03T08:32:35.379Z"",""ethsia_pistosi"":5500,""current_quarter"":2,""katanomes_etous"":0,""available_budget"":0,""yearly_available"":5500,""quarter_available"":5500}"
1446,2024ΝΑ85300126,5203910,0.00,0.00,0.00,0.00,0.00,0.00,0.00,0.00,2025-04-01 11:54:02.143+00,2025-06-03 08:32:35.872611+00,q2,"{""user_view"":0,""updated_at"":""2025-06-03T08:32:35.799Z"",""ethsia_pistosi"":0,""current_quarter"":2,""katanomes_etous"":0,""available_budget"":0,""yearly_available"":0,""quarter_available"":0}"
1454,2024ΝΑ85300127,5203911,0.00,100000.00,40000.00,60000.00,0.00,0.00,40000.00,0.00,2025-04-01 11:54:05.601+00,2025-06-03 08:32:36.291568+00,q2,"{""user_view"":0,""updated_at"":""2025-06-03T08:32:36.213Z"",""ethsia_pistosi"":49253.33,""current_quarter"":2,""katanomes_etous"":40000,""available_budget"":40000,""yearly_available"":49253.33,""quarter_available"":49253.33}"
1455,2024ΝΑ85300128,5203912,0.00,5000.00,5000.00,0.00,0.00,0.00,5000.00,0.00,2025-04-01 11:54:06.051+00,2025-06-03 08:32:39.624409+00,q2,"{""user_view"":0,""updated_at"":""2025-06-03T08:32:39.555Z"",""ethsia_pistosi"":10362.43,""current_quarter"":2,""katanomes_etous"":5000,""available_budget"":5000,""yearly_available"":10362.43,""quarter_available"":10362.43}"
1441,2024ΝΑ85300129,5203913,0.00,150000.00,50000.00,50000.00,25000.00,25000.00,50000.00,0.00,2025-04-01 11:54:00.028+00,2025-06-03 08:32:30.350566+00,q2,"{""user_view"":0,""updated_at"":""2025-06-03T08:32:30.266Z"",""ethsia_pistosi"":377313.78,""current_quarter"":2,""katanomes_etous"":50000,""available_budget"":50000,""yearly_available"":377313.78,""quarter_available"":377313.78}"
1442,2024ΝΑ85300130,5203914,0.00,300000.00,200000.00,50000.00,50000.00,0.00,200000.00,0.00,2025-04-01 11:54:00.452+00,2025-06-03 08:32:33.958936+00,q2,"{""user_view"":0,""updated_at"":""2025-06-03T08:32:33.873Z"",""ethsia_pistosi"":378365.86,""current_quarter"":2,""katanomes_etous"":200000,""available_budget"":200000,""yearly_available"":378365.86,""quarter_available"":378365.86}"
1443,2024ΝΑ85300131,5203915,0.00,1300000.00,500000.00,500000.00,200000.00,100000.00,800000.00,0.00,2025-04-01 11:54:00.871+00,2025-06-03 08:32:34.373622+00,q2,"{""user_view"":0,""updated_at"":""2025-06-03T08:32:34.296Z"",""ethsia_pistosi"":886765.4,""current_quarter"":2,""katanomes_etous"":500000,""available_budget"":500000,""yearly_available"":886765.4,""quarter_available"":886765.4}"
1444,2024ΝΑ85300132,5203918,0.00,33000.00,33000.00,0.00,0.00,0.00,0.00,0.00,2025-04-01 11:54:01.315+00,2025-06-03 08:32:35.046555+00,q2,"{""user_view"":0,""updated_at"":""2025-06-03T08:32:34.958Z"",""ethsia_pistosi"":33000,""current_quarter"":2,""katanomes_etous"":0,""available_budget"":0,""yearly_available"":33000,""quarter_available"":33000}"
1456,2024ΝΑ85300133,5203920,0.00,100000.00,5000.00,30000.00,35000.00,30000.00,5000.00,0.00,2025-04-01 11:54:06.463+00,2025-06-03 08:32:40.043387+00,q2,"{""user_view"":0,""updated_at"":""2025-06-03T08:32:39.971Z"",""ethsia_pistosi"":53628.87,""current_quarter"":2,""katanomes_etous"":5000,""available_budget"":5000,""yearly_available"":53628.87,""quarter_available"":53628.87}"
1457,2024ΝΑ85300134,5203921,0.00,1800000.00,1000000.00,300000.00,300000.00,200000.00,1000000.00,0.00,2025-04-01 11:54:06.915+00,2025-06-03 08:32:40.472957+00,q2,"{""user_view"":0,""updated_at"":""2025-06-03T08:32:40.388Z"",""ethsia_pistosi"":1033012.98,""current_quarter"":2,""katanomes_etous"":1000000,""available_budget"":1000000,""yearly_available"":1033012.98,""quarter_available"":1033012.98}"
1458,2024ΝΑ85300135,5203922,0.00,100000.00,100000.00,0.00,0.00,0.00,100000.00,0.00,2025-04-01 11:54:07.373+00,2025-06-03 08:32:40.900776+00,q2,"{""user_view"":0,""updated_at"":""2025-06-03T08:32:40.816Z"",""ethsia_pistosi"":220000,""current_quarter"":2,""katanomes_etous"":100000,""available_budget"":100000,""yearly_available"":220000,""quarter_available"":220000}"
1459,2024ΝΑ85300136,5203923,0.00,340000.00,340000.00,0.00,0.00,0.00,340000.00,0.00,2025-04-01 11:54:07.822+00,2025-06-03 08:32:41.311225+00,q2,"{""user_view"":0,""updated_at"":""2025-06-03T08:32:41.236Z"",""ethsia_pistosi"":348425.48,""current_quarter"":2,""katanomes_etous"":340000,""available_budget"":340000,""yearly_available"":348425.48,""quarter_available"":348425.48}"
1481,2024ΝΑ85300137,5203924,0.00,40000.00,30000.00,10000.00,0.00,0.00,30000.00,0.00,2025-04-01 11:54:17.289+00,2025-06-03 08:32:50.183903+00,q2,"{""user_view"":0,""updated_at"":""2025-06-03T08:32:50.102Z"",""ethsia_pistosi"":50395.05,""current_quarter"":2,""katanomes_etous"":30000,""available_budget"":30000,""yearly_available"":50395.05,""quarter_available"":50395.05}"
1489,2024ΝΑ85300138,5203925,0.00,5000.00,5000.00,0.00,0.00,0.00,5000.00,0.00,2025-04-01 11:54:20.766+00,2025-06-03 08:32:50.614214+00,q2,"{""user_view"":0,""updated_at"":""2025-06-03T08:32:50.523Z"",""ethsia_pistosi"":11000,""current_quarter"":2,""katanomes_etous"":5000,""available_budget"":5000,""yearly_available"":11000,""quarter_available"":11000}"
1490,2024ΝΑ85300139,5203926,0.00,20000.00,5000.00,5000.00,5000.00,5000.00,5000.00,0.00,2025-04-01 11:54:21.181+00,2025-06-03 08:32:51.039168+00,q2,"{""user_view"":0,""updated_at"":""2025-06-03T08:32:50.961Z"",""ethsia_pistosi"":33000,""current_quarter"":2,""katanomes_etous"":5000,""available_budget"":5000,""yearly_available"":33000,""quarter_available"":33000}"
1491,2024ΝΑ85300140,5203927,0.00,11000.00,11000.00,0.00,0.00,0.00,0.00,0.00,2025-04-01 11:54:21.607+00,2025-06-03 08:32:54.472759+00,q2,"{""user_view"":0,""updated_at"":""2025-06-03T08:32:54.391Z"",""ethsia_pistosi"":11000,""current_quarter"":2,""katanomes_etous"":0,""available_budget"":0,""yearly_available"":11000,""quarter_available"":11000}"
1494,2024ΝΑ85300141,5203928,0.00,10000.00,0.00,10000.00,0.00,0.00,0.00,0.00,2025-04-01 11:54:22.879+00,2025-06-03 08:32:55.751099+00,q2,"{""user_view"":0,""updated_at"":""2025-06-03T08:32:55.676Z"",""ethsia_pistosi"":33000,""current_quarter"":2,""katanomes_etous"":0,""available_budget"":0,""yearly_available"":33000,""quarter_available"":33000}"
1495,2024ΝΑ85300142,5203929,0.00,180000.00,100000.00,40000.00,40000.00,0.00,100000.00,0.00,2025-04-01 11:54:23.299+00,2025-06-03 08:32:56.191127+00,q2,"{""user_view"":0,""updated_at"":""2025-06-03T08:32:56.102Z"",""ethsia_pistosi"":108877.33,""current_quarter"":2,""katanomes_etous"":100000,""available_budget"":100000,""yearly_available"":108877.33,""quarter_available"":108877.33}"
1503,2024ΝΑ85300143,5203932,0.00,100000.00,50000.00,20000.00,20000.00,10000.00,50000.00,10800.00,2025-04-01 11:54:26.758+00,2025-06-06 06:35:01.520923+00,q2,"{""user_view"":10800,""updated_at"":""2025-06-06T06:35:01.446Z"",""ethsia_pistosi"":100000,""current_quarter"":""q2"",""katanomes_etous"":50000,""available_budget"":39200,""yearly_available"":89200,""quarter_available"":9200}"
1504,2024ΝΑ85300144,5203933,0.00,60000.00,30000.00,10000.00,10000.00,10000.00,30000.00,0.00,2025-04-01 11:54:27.184+00,2025-06-03 08:32:57.044265+00,q2,"{""user_view"":0,""updated_at"":""2025-06-03T08:32:56.966Z"",""ethsia_pistosi"":138395.67,""current_quarter"":2,""katanomes_etous"":30000,""available_budget"":30000,""yearly_available"":138395.67,""quarter_available"":138395.67}"
1506,2024ΝΑ85300145,5203934,0.00,4000000.00,1100000.00,1000000.00,1000000.00,900000.00,2100000.00,0.00,2025-04-01 11:54:28.025+00,2025-06-03 08:33:00.975882+00,q2,"{""user_view"":0,""updated_at"":""2025-06-03T08:33:00.893Z"",""ethsia_pistosi"":1381353.13,""current_quarter"":2,""katanomes_etous"":1100000,""available_budget"":1100000,""yearly_available"":1381353.13,""quarter_available"":1381353.13}"
1507,2024ΝΑ85300146,5203935,0.00,20000.00,10000.00,10000.00,0.00,0.00,20000.00,0.00,2025-04-01 11:54:28.446+00,2025-06-03 08:33:01.419207+00,q2,"{""user_view"":0,""updated_at"":""2025-06-03T08:33:01.338Z"",""ethsia_pistosi"":20761.32,""current_quarter"":2,""katanomes_etous"":20000,""available_budget"":20000,""yearly_available"":20761.32,""quarter_available"":20761.32}"
1508,2024ΝΑ85300147,5203936,0.00,130000.00,50000.00,30000.00,25000.00,25000.00,50000.00,0.00,2025-04-01 11:54:28.896+00,2025-06-03 08:33:01.864936+00,q2,"{""user_view"":0,""updated_at"":""2025-06-03T08:33:01.779Z"",""ethsia_pistosi"":208900,""current_quarter"":2,""katanomes_etous"":50000,""available_budget"":50000,""yearly_available"":208900,""quarter_available"":208900}"
1509,2024ΝΑ85300148,5203937,0.00,10000.00,10000.00,0.00,0.00,0.00,10000.00,0.00,2025-04-01 11:54:29.31+00,2025-06-03 08:33:02.296458+00,q2,"{""user_view"":0,""updated_at"":""2025-06-03T08:33:02.216Z"",""ethsia_pistosi"":55000,""current_quarter"":2,""katanomes_etous"":10000,""available_budget"":10000,""yearly_available"":55000,""quarter_available"":55000}"
1492,2024ΝΑ85300149,5203938,0.00,22000.00,22000.00,0.00,0.00,0.00,0.00,0.00,2025-04-01 11:54:22.028+00,2025-06-03 08:32:54.886627+00,q2,"{""user_view"":0,""updated_at"":""2025-06-03T08:32:54.809Z"",""ethsia_pistosi"":22000,""current_quarter"":2,""katanomes_etous"":0,""available_budget"":0,""yearly_available"":22000,""quarter_available"":22000}"
1493,2024ΝΑ85300150,5203939,0.00,40000.00,30000.00,10000.00,0.00,0.00,30000.00,0.00,2025-04-01 11:54:22.464+00,2025-06-03 08:32:55.318508+00,q2,"{""user_view"":0,""updated_at"":""2025-06-03T08:32:55.242Z"",""ethsia_pistosi"":101722,""current_quarter"":2,""katanomes_etous"":30000,""available_budget"":30000,""yearly_available"":101722,""quarter_available"":101722}"
1505,2024ΝΑ85300151,5203940,0.00,130000.00,130000.00,0.00,0.00,0.00,130000.00,0.00,2025-04-01 11:54:27.604+00,2025-06-03 08:33:00.544189+00,q2,"{""user_view"":0,""updated_at"":""2025-06-03T08:33:00.463Z"",""ethsia_pistosi"":186578.87,""current_quarter"":2,""katanomes_etous"":130000,""available_budget"":130000,""yearly_available"":186578.87,""quarter_available"":186578.87}"
1453,2024ΝΑ85300166,5222540,0.00,20000.00,0.00,20000.00,0.00,0.00,0.00,0.00,2025-04-01 11:54:05.181+00,2025-06-03 08:32:38.374579+00,q2,"{""user_view"":0,""updated_at"":""2025-06-03T08:32:38.299Z"",""ethsia_pistosi"":49500,""current_quarter"":2,""katanomes_etous"":0,""available_budget"":0,""yearly_available"":49500,""quarter_available"":49500}"
1386,2025ΝΑ85300001,5222542,0.00,5000.00,3000.00,2000.00,0.00,0.00,3000.00,0.00,2025-04-01 10:56:21.168+00,2025-06-03 08:32:04.064363+00,q2,"{""user_view"":0,""updated_at"":""2025-06-03T08:32:03.987Z"",""ethsia_pistosi"":3200.5,""current_quarter"":2,""katanomes_etous"":3000,""available_budget"":3000,""yearly_available"":3200.5,""quarter_available"":3200.5}"
1462,2025ΝΑ85300000,5222544,0.00,50000.00,50000.00,0.00,0.00,0.00,50000.00,0.00,2025-04-01 11:54:09.092+00,2025-06-03 08:32:39.206764+00,q2,"{""user_view"":0,""updated_at"":""2025-06-03T08:32:39.130Z"",""ethsia_pistosi"":125378,""current_quarter"":2,""katanomes_etous"":50000,""available_budget"":50000,""yearly_available"":125378,""quarter_available"":125378}"
1387,2025ΝΑ85300002,5222545,0.00,10000.00,0.00,10000.00,0.00,0.00,0.00,0.00,2025-04-01 10:56:21.565+00,2025-06-03 08:32:04.48839+00,q2,"{""user_view"":0,""updated_at"":""2025-06-03T08:32:04.410Z"",""ethsia_pistosi"":8491.3,""current_quarter"":2,""katanomes_etous"":0,""available_budget"":0,""yearly_available"":8491.3,""quarter_available"":8491.3}"
1388,2025ΝΑ85300003,5222546,0.00,15000.00,15000.00,0.00,0.00,0.00,15000.00,0.00,2025-04-01 10:56:21.971+00,2025-06-03 08:32:04.899434+00,q2,"{""user_view"":0,""updated_at"":""2025-06-03T08:32:04.823Z"",""ethsia_pistosi"":17257.6,""current_quarter"":2,""katanomes_etous"":15000,""available_budget"":15000,""yearly_available"":17257.6,""quarter_available"":17257.6}"
1389,2025ΝΑ85300004,5222549,0.00,10000.00,0.00,10000.00,0.00,0.00,0.00,0.00,2025-04-01 10:56:22.374+00,2025-06-03 08:32:05.31681+00,q2,"{""user_view"":0,""updated_at"":""2025-06-03T08:32:05.242Z"",""ethsia_pistosi"":9922.3,""current_quarter"":2,""katanomes_etous"":0,""available_budget"":0,""yearly_available"":9922.3,""quarter_available"":9922.3}"
1400,2025ΝΑ85300008,5222550,0.00,6000.00,6000.00,0.00,0.00,0.00,6000.00,0.00,2025-04-01 10:56:26.9+00,2025-06-03 08:32:10.11825+00,q2,"{""user_view"":0,""updated_at"":""2025-06-03T08:32:10.032Z"",""ethsia_pistosi"":6612,""current_quarter"":2,""katanomes_etous"":6000,""available_budget"":6000,""yearly_available"":6612,""quarter_available"":6612}"
1390,2025ΝΑ85300005,5222551,0.00,12000.00,12000.00,0.00,0.00,0.00,12000.00,0.00,2025-04-01 10:56:22.791+00,2025-06-03 08:32:05.719362+00,q2,"{""user_view"":0,""updated_at"":""2025-06-03T08:32:05.650Z"",""ethsia_pistosi"":12755.08,""current_quarter"":2,""katanomes_etous"":12000,""available_budget"":12000,""yearly_available"":12755.08,""quarter_available"":12755.08}"
1398,2025ΝΑ85300006,5222552,0.00,10000.00,8000.00,2000.00,0.00,0.00,8000.00,0.00,2025-04-01 10:56:26.069+00,2025-06-03 08:32:06.138539+00,q2,"{""user_view"":0,""updated_at"":""2025-06-03T08:32:06.060Z"",""ethsia_pistosi"":8168.7,""current_quarter"":2,""katanomes_etous"":8000,""available_budget"":8000,""yearly_available"":8168.7,""quarter_available"":8168.7}"
1399,2025ΝΑ85300007,5222556,0.00,10000.00,10000.00,0.00,0.00,0.00,10000.00,0.00,2025-04-01 10:56:26.488+00,2025-06-03 08:32:09.702534+00,q2,"{""user_view"":0,""updated_at"":""2025-06-03T08:32:09.631Z"",""ethsia_pistosi"":12738,""current_quarter"":2,""katanomes_etous"":10000,""available_budget"":10000,""yearly_available"":12738,""quarter_available"":12738}"
1452,2024ΝΑ85300178,5222785,0.00,50000.00,50000.00,0.00,0.00,0.00,50000.00,0.00,2025-04-01 11:54:04.762+00,2025-06-03 08:32:37.945031+00,q2,"{""user_view"":0,""updated_at"":""2025-06-03T08:32:37.859Z"",""ethsia_pistosi"":137500,""current_quarter"":2,""katanomes_etous"":50000,""available_budget"":50000,""yearly_available"":137500,""quarter_available"":137500}"
1461,2024ΝΑ85300179,5222786,0.00,50000.00,50000.00,0.00,0.00,0.00,50000.00,0.00,2025-04-01 11:54:08.675+00,2025-06-03 08:32:38.793531+00,q2,"{""user_view"":0,""updated_at"":""2025-06-03T08:32:38.717Z"",""ethsia_pistosi"":133600,""current_quarter"":2,""katanomes_etous"":50000,""available_budget"":50000,""yearly_available"":133600,""quarter_available"":133600}"
1477,2024ΝΑ85300167,5222787,0.00,100000.00,100000.00,0.00,0.00,0.00,100000.00,0.00,2025-04-01 11:54:15.549+00,2025-06-03 08:32:48.463126+00,q2,"{""user_view"":0,""updated_at"":""2025-06-03T08:32:48.383Z"",""ethsia_pistosi"":272451.81,""current_quarter"":2,""katanomes_etous"":100000,""available_budget"":100000,""yearly_available"":272451.81,""quarter_available"":272451.81}"
1437,2024ΝΑ85300180,5222789,0.00,30000.00,30000.00,0.00,0.00,0.00,30000.00,0.00,2025-04-01 11:53:58.32+00,2025-06-03 08:32:31.871825+00,q2,"{""user_view"":0,""updated_at"":""2025-06-03T08:32:31.790Z"",""ethsia_pistosi"":203800,""current_quarter"":2,""katanomes_etous"":30000,""available_budget"":30000,""yearly_available"":203800,""quarter_available"":203800}"
1480,2024ΝΑ85300168,5222792,0.00,11153462.50,11153462.50,0.00,0.00,0.00,11153462.50,0.00,2025-04-01 11:54:16.851+00,2025-06-03 08:32:49.759797+00,q2,"{""user_view"":0,""updated_at"":""2025-06-03T08:32:49.684Z"",""ethsia_pistosi"":7153462.5,""current_quarter"":2,""katanomes_etous"":7153462.5,""available_budget"":7153462.5,""yearly_available"":7153462.5,""quarter_available"":7153462.5}"
1496,2024ΝΑ85300010,5222793,0.00,4500000.00,3200000.00,800000.00,500000.00,0.00,3200000.00,0.00,2025-04-01 11:54:23.745+00,2025-06-03 08:32:54.040805+00,q2,"{""user_view"":0,""updated_at"":""2025-06-03T08:32:53.958Z"",""ethsia_pistosi"":3274202.93,""current_quarter"":2,""katanomes_etous"":3200000,""available_budget"":3200000,""yearly_available"":3274202.93,""quarter_available"":3274202.93}"
1475,2024ΝΑ85300169,5222794,0.00,300000.00,300000.00,0.00,0.00,0.00,300000.00,0.00,2025-04-01 11:54:14.687+00,2025-06-03 08:32:44.661698+00,q2,"{""user_view"":0,""updated_at"":""2025-06-03T08:32:44.585Z"",""ethsia_pistosi"":329346.19,""current_quarter"":2,""katanomes_etous"":300000,""available_budget"":300000,""yearly_available"":329346.19,""quarter_available"":329346.19}"
1476,2024ΝΑ85300170,5222795,0.00,300000.00,300000.00,0.00,0.00,0.00,300000.00,0.00,2025-04-01 11:54:15.123+00,2025-06-03 08:32:45.089957+00,q2,"{""user_view"":0,""updated_at"":""2025-06-03T08:32:45.006Z"",""ethsia_pistosi"":325882.08,""current_quarter"":2,""katanomes_etous"":300000,""available_budget"":300000,""yearly_available"":325882.08,""quarter_available"":325882.08}"
1438,2024ΝΑ85300181,5222798,0.00,45000.00,45000.00,0.00,0.00,0.00,45000.00,0.00,2025-04-01 11:53:58.743+00,2025-06-03 08:32:32.27385+00,q2,"{""user_view"":0,""updated_at"":""2025-06-03T08:32:32.200Z"",""ethsia_pistosi"":101600,""current_quarter"":2,""katanomes_etous"":45000,""available_budget"":45000,""yearly_available"":101600,""quarter_available"":101600}"
1478,2024ΝΑ85300171,5222799,0.00,200000.00,50000.00,50000.00,50000.00,50000.00,50000.00,0.00,2025-04-01 11:54:15.993+00,2025-06-03 08:32:48.903307+00,q2,"{""user_view"":0,""updated_at"":""2025-06-03T08:32:48.814Z"",""ethsia_pistosi"":203572.69,""current_quarter"":2,""katanomes_etous"":50000,""available_budget"":50000,""yearly_available"":203572.69,""quarter_available"":203572.69}"
1479,2024ΝΑ85300172,5222800,0.00,50000.00,50000.00,0.00,0.00,0.00,50000.00,0.00,2025-04-01 11:54:16.429+00,2025-06-03 08:32:49.34262+00,q2,"{""user_view"":0,""updated_at"":""2025-06-03T08:32:49.262Z"",""ethsia_pistosi"":55000,""current_quarter"":2,""katanomes_etous"":50000,""available_budget"":50000,""yearly_available"":55000,""quarter_available"":55000}"
1463,2024ΝΑ85300173,5222801,0.00,60000.00,60000.00,0.00,0.00,0.00,60000.00,0.00,2025-04-01 11:54:09.512+00,2025-06-03 08:32:42.545332+00,q2,"{""user_view"":0,""updated_at"":""2025-06-03T08:32:42.471Z"",""ethsia_pistosi"":66000,""current_quarter"":2,""katanomes_etous"":60000,""available_budget"":60000,""yearly_available"":66000,""quarter_available"":66000}"
1464,2024ΝΑ85300174,5222802,0.00,60000.00,60000.00,0.00,0.00,0.00,60000.00,0.00,2025-04-01 11:54:09.955+00,2025-06-03 08:32:42.962824+00,q2,"{""user_view"":0,""updated_at"":""2025-06-03T08:32:42.882Z"",""ethsia_pistosi"":66000,""current_quarter"":2,""katanomes_etous"":60000,""available_budget"":60000,""yearly_available"":66000,""quarter_available"":66000}"
1465,2024ΝΑ85300175,5222803,0.00,10000.00,10000.00,0.00,0.00,0.00,10000.00,0.00,2025-04-01 11:54:10.405+00,2025-06-03 08:32:43.380083+00,q2,"{""user_view"":0,""updated_at"":""2025-06-03T08:32:43.300Z"",""ethsia_pistosi"":11000,""current_quarter"":2,""katanomes_etous"":10000,""available_budget"":10000,""yearly_available"":11000,""quarter_available"":11000}"
1466,2024ΝΑ85300176,5222804,0.00,200000.00,200000.00,0.00,0.00,0.00,200000.00,0.00,2025-04-01 11:54:10.841+00,2025-06-03 08:32:43.810283+00,q2,"{""user_view"":0,""updated_at"":""2025-06-03T08:32:43.731Z"",""ethsia_pistosi"":440000,""current_quarter"":2,""katanomes_etous"":200000,""available_budget"":200000,""yearly_available"":440000,""quarter_available"":440000}"
1467,2024ΝΑ85300177,5222805,0.00,300000.00,200000.00,50000.00,50000.00,0.00,200000.00,0.00,2025-04-01 11:54:11.274+00,2025-06-03 08:32:44.236955+00,q2,"{""user_view"":0,""updated_at"":""2025-06-03T08:32:44.157Z"",""ethsia_pistosi"":547795.21,""current_quarter"":2,""katanomes_etous"":200000,""available_budget"":200000,""yearly_available"":547795.21,""quarter_available"":547795.21}"
1448,2024ΝΑ85300182,5222806,0.00,10000.00,10000.00,0.00,0.00,0.00,10000.00,0.00,2025-04-01 11:54:03.016+00,2025-06-03 08:32:33.535377+00,q2,"{""user_view"":0,""updated_at"":""2025-06-03T08:32:33.456Z"",""ethsia_pistosi"":22000,""current_quarter"":2,""katanomes_etous"":10000,""available_budget"":10000,""yearly_available"":22000,""quarter_available"":22000}"
1447,2024ΝΑ85300183,5222807,0.00,5000.00,5000.00,0.00,0.00,0.00,5000.00,0.00,2025-04-01 11:54:02.564+00,2025-06-03 08:32:33.11781+00,q2,"{""user_view"":0,""updated_at"":""2025-06-03T08:32:33.041Z"",""ethsia_pistosi"":9900,""current_quarter"":2,""katanomes_etous"":5000,""available_budget"":5000,""yearly_available"":9900,""quarter_available"":9900}"
1439,2024ΝΑ85300184,5222808,0.00,5000.00,5000.00,0.00,0.00,0.00,5000.00,0.00,2025-04-01 11:53:59.161+00,2025-06-03 08:32:32.690696+00,q2,"{""user_view"":0,""updated_at"":""2025-06-03T08:32:32.615Z"",""ethsia_pistosi"":9900,""current_quarter"":2,""katanomes_etous"":5000,""available_budget"":5000,""yearly_available"":9900,""quarter_available"":9900}"
1449,2024ΝΑ85300185,5222809,0.00,5000.00,5000.00,0.00,0.00,0.00,5000.00,0.00,2025-04-01 11:54:03.464+00,2025-06-03 08:32:36.699987+00,q2,"{""user_view"":0,""updated_at"":""2025-06-03T08:32:36.628Z"",""ethsia_pistosi"":7700,""current_quarter"":2,""katanomes_etous"":5000,""available_budget"":5000,""yearly_available"":7700,""quarter_available"":7700}"
1451,2024ΝΑ85300186,5222810,0.00,50000.00,50000.00,0.00,0.00,0.00,50000.00,0.00,2025-04-01 11:54:04.298+00,2025-06-03 08:32:37.515524+00,q2,"{""user_view"":0,""updated_at"":""2025-06-03T08:32:37.440Z"",""ethsia_pistosi"":115500,""current_quarter"":2,""katanomes_etous"":50000,""available_budget"":50000,""yearly_available"":115500,""quarter_available"":115500}"
1450,2024ΝΑ85300187,5222811,0.00,200000.00,50000.00,50000.00,50000.00,50000.00,50000.00,0.00,2025-04-01 11:54:03.886+00,2025-06-03 08:32:37.109113+00,q2,"{""user_view"":0,""updated_at"":""2025-06-03T08:32:37.033Z"",""ethsia_pistosi"":170500,""current_quarter"":2,""katanomes_etous"":50000,""available_budget"":50000,""yearly_available"":170500,""quarter_available"":170500}"
1401,2025ΝΑ85300009,5224425,0.00,50000.00,0.00,20000.00,20000.00,10000.00,0.00,0.00,2025-04-01 10:56:27.308+00,2025-06-03 08:32:11.033801+00,q2,"{""user_view"":0,""updated_at"":""2025-06-03T08:32:10.949Z"",""ethsia_pistosi"":78265,""current_quarter"":2,""katanomes_etous"":0,""available_budget"":0,""yearly_available"":78265,""quarter_available"":78265}"
1402,2025ΝΑ85300010,5224465,0.00,50000.00,0.00,20000.00,20000.00,10000.00,0.00,0.00,2025-04-01 10:56:27.721+00,2025-06-03 08:32:11.453574+00,q2,"{""user_view"":0,""updated_at"":""2025-06-03T08:32:11.368Z"",""ethsia_pistosi"":90660,""current_quarter"":2,""katanomes_etous"":0,""available_budget"":0,""yearly_available"":90660,""quarter_available"":90660}"
1413,2025ΝΑ85300014,5224470,0.00,25000.00,0.00,25000.00,0.00,0.00,10000.00,0.00,2025-04-01 10:56:32.225+00,2025-06-03 08:32:16.716869+00,q2,"{""user_view"":0,""updated_at"":""2025-06-03T08:32:16.642Z"",""ethsia_pistosi"":25000,""current_quarter"":2,""katanomes_etous"":10000,""available_budget"":10000,""yearly_available"":25000,""quarter_available"":25000}"
1403,2025ΝΑ85300011,5224476,0.00,20000.00,0.00,20000.00,0.00,0.00,10000.00,0.00,2025-04-01 10:56:28.149+00,2025-06-03 08:32:11.880625+00,q2,"{""user_view"":0,""updated_at"":""2025-06-03T08:32:11.804Z"",""ethsia_pistosi"":20000,""current_quarter"":2,""katanomes_etous"":10000,""available_budget"":10000,""yearly_available"":20000,""quarter_available"":20000}"
1412,2025ΝΑ85300013,5224487,0.00,35000.00,35000.00,0.00,0.00,0.00,35000.00,0.00,2025-04-01 10:56:31.821+00,2025-06-03 08:32:16.30864+00,q2,"{""user_view"":0,""updated_at"":""2025-06-03T08:32:16.230Z"",""ethsia_pistosi"":35000,""current_quarter"":2,""katanomes_etous"":35000,""available_budget"":35000,""yearly_available"":35000,""quarter_available"":35000}"
1404,2025ΝΑ85300012,5224503,0.00,10000.00,0.00,10000.00,0.00,0.00,10000.00,0.00,2025-04-01 10:56:28.57+00,2025-06-03 08:32:12.290882+00,q2,"{""user_view"":0,""updated_at"":""2025-06-03T08:32:12.218Z"",""ethsia_pistosi"":10000,""current_quarter"":2,""katanomes_etous"":10000,""available_budget"":10000,""yearly_available"":10000,""quarter_available"":10000}"