id;kodikos_dimotikis_enotitas;onoma_dimotikis_enotitas;kodikos_neou_ota;eidos_neou_ota;onoma_neou_ota;kodikos_perifereiakis_enotitas;perifereiaki_enotita;kodikos_perifereias;perifereia
1;900101;ﾄﾏﾎﾁﾔﾏﾕ;9001;ﾄﾇﾌﾏﾓ;ﾄﾏﾎﾁﾔﾏﾕ;101;ﾄﾑﾁﾌﾁﾓ;1;ﾁﾍ. ﾌﾁﾊﾅﾄﾏﾍﾉﾁﾓ & ﾈﾑﾁﾊﾇﾓ
2;900102;ﾊﾁﾋﾁﾌﾐﾁﾊﾉﾏﾕ;9001;ﾄﾇﾌﾏﾓ;ﾄﾏﾎﾁﾔﾏﾕ;101;ﾄﾑﾁﾌﾁﾓ;1;ﾁﾍ. ﾌﾁﾊﾅﾄﾏﾍﾉﾁﾓ & ﾈﾑﾁﾊﾇﾓ
3;900201;ﾄﾑﾁﾌﾁﾓ;9002;ﾄﾇﾌﾏﾓ;ﾄﾑﾁﾌﾁﾓ;101;ﾄﾑﾁﾌﾁﾓ;1;ﾁﾍ. ﾌﾁﾊﾅﾄﾏﾍﾉﾁﾓ & ﾈﾑﾁﾊﾇﾓ
4;900202;ﾓﾉﾄﾇﾑﾏﾍﾅﾑﾏﾕ;9002;ﾄﾇﾌﾏﾓ;ﾄﾑﾁﾌﾁﾓ;101;ﾄﾑﾁﾌﾁﾓ;1;ﾁﾍ. ﾌﾁﾊﾅﾄﾏﾍﾉﾁﾓ & ﾈﾑﾁﾊﾇﾓ
5;900301;ﾊﾁﾔﾙ ﾍﾅﾕﾑﾏﾊﾏﾐﾉﾏﾕ;9003;ﾄﾇﾌﾏﾓ;ﾊﾁﾔﾙ ﾍﾅﾕﾑﾏﾊﾏﾐﾉﾏﾕ;101;ﾄﾑﾁﾌﾁﾓ;1;ﾁﾍ. ﾌﾁﾊﾅﾄﾏﾍﾉﾁﾓ & ﾈﾑﾁﾊﾇﾓ
6;900401;ﾍﾉﾊﾇﾖﾏﾑﾏﾕ;9004;ﾄﾇﾌﾏﾓ;ﾐﾁﾑﾁﾍﾅﾓﾔﾉﾏﾕ;101;ﾄﾑﾁﾌﾁﾓ;1;ﾁﾍ. ﾌﾁﾊﾅﾄﾏﾍﾉﾁﾓ & ﾈﾑﾁﾊﾇﾓ
7;900402;ﾐﾁﾑﾁﾍﾅﾓﾔﾉﾏﾕ;9004;ﾄﾇﾌﾏﾓ;ﾐﾁﾑﾁﾍﾅﾓﾔﾉﾏﾕ;101;ﾄﾑﾁﾌﾁﾓ;1;ﾁﾍ. ﾌﾁﾊﾅﾄﾏﾍﾉﾁﾓ & ﾈﾑﾁﾊﾇﾓ
8;900501;ﾐﾑﾏﾓﾏﾔﾓﾁﾍﾇﾓ;9005;ﾄﾇﾌﾏﾓ;ﾐﾑﾏﾓﾏﾔﾓﾁﾍﾇﾓ;101;ﾄﾑﾁﾌﾁﾓ;1;ﾁﾍ. ﾌﾁﾊﾅﾄﾏﾍﾉﾁﾓ & ﾈﾑﾁﾊﾇﾓ
9;900502;ﾓﾉﾔﾁﾃﾑﾙﾍ;9005;ﾄﾇﾌﾏﾓ;ﾐﾑﾏﾓﾏﾔﾓﾁﾍﾇﾓ;101;ﾄﾑﾁﾌﾁﾓ;1;ﾁﾍ. ﾌﾁﾊﾅﾄﾏﾍﾉﾁﾓ & ﾈﾑﾁﾊﾇﾓ
10;900601;ﾁﾋﾅﾎﾁﾍﾄﾑﾏﾕﾐﾏﾋﾇﾓ;9006;ﾄﾇﾌﾏﾓ;ﾁﾋﾅﾎﾁﾍﾄﾑﾏﾕﾐﾏﾋﾇﾓ;102;ﾅﾂﾑﾏﾕ;1;ﾁﾍ. ﾌﾁﾊﾅﾄﾏﾍﾉﾁﾓ & ﾈﾑﾁﾊﾇﾓ
11;900602;ﾔﾑﾁﾚﾁﾍﾏﾕﾐﾏﾋﾇﾓ;9006;ﾄﾇﾌﾏﾓ;ﾁﾋﾅﾎﾁﾍﾄﾑﾏﾕﾐﾏﾋﾇﾓ;102;ﾅﾂﾑﾏﾕ;1;ﾁﾍ. ﾌﾁﾊﾅﾄﾏﾍﾉﾁﾓ & ﾈﾑﾁﾊﾇﾓ
12;900603;ﾖﾅﾑﾙﾍ;9006;ﾄﾇﾌﾏﾓ;ﾁﾋﾅﾎﾁﾍﾄﾑﾏﾕﾐﾏﾋﾇﾓ;102;ﾅﾂﾑﾏﾕ;1;ﾁﾍ. ﾌﾁﾊﾅﾄﾏﾍﾉﾁﾓ & ﾈﾑﾁﾊﾇﾓ
13;900701;ﾄﾉﾄﾕﾌﾏﾔﾅﾉﾗﾏﾕ;9007;ﾄﾇﾌﾏﾓ;ﾄﾉﾄﾕﾌﾏﾔﾅﾉﾗﾏﾕ;102;ﾅﾂﾑﾏﾕ;1;ﾁﾍ. ﾌﾁﾊﾅﾄﾏﾍﾉﾁﾓ & ﾈﾑﾁﾊﾇﾓ
14;900702;ﾌﾅﾔﾁﾎﾁﾄﾙﾍ;9007;ﾄﾇﾌﾏﾓ;ﾄﾉﾄﾕﾌﾏﾔﾅﾉﾗﾏﾕ;102;ﾅﾂﾑﾏﾕ;1;ﾁﾍ. ﾌﾁﾊﾅﾄﾏﾍﾉﾁﾓ & ﾈﾑﾁﾊﾇﾓ
15;900801;ﾂﾕﾓﾓﾁﾓ;9008;ﾄﾇﾌﾏﾓ;ﾏﾑﾅﾓﾔﾉﾁﾄﾏﾓ;102;ﾅﾂﾑﾏﾕ;1;ﾁﾍ. ﾌﾁﾊﾅﾄﾏﾍﾉﾁﾓ & ﾈﾑﾁﾊﾇﾓ
16;900802;ﾊﾕﾐﾑﾉﾍﾏﾕ;9008;ﾄﾇﾌﾏﾓ;ﾏﾑﾅﾓﾔﾉﾁﾄﾏﾓ;102;ﾅﾂﾑﾏﾕ;1;ﾁﾍ. ﾌﾁﾊﾅﾄﾏﾍﾉﾁﾓ & ﾈﾑﾁﾊﾇﾓ
17;900803;ﾏﾑﾅﾓﾔﾉﾁﾄﾏﾓ;9008;ﾄﾇﾌﾏﾓ;ﾏﾑﾅﾓﾔﾉﾁﾄﾏﾓ;102;ﾅﾂﾑﾏﾕ;1;ﾁﾍ. ﾌﾁﾊﾅﾄﾏﾍﾉﾁﾓ & ﾈﾑﾁﾊﾇﾓ
18;900804;ﾔﾑﾉﾃﾙﾍﾏﾕ;9008;ﾄﾇﾌﾏﾓ;ﾏﾑﾅﾓﾔﾉﾁﾄﾏﾓ;102;ﾅﾂﾑﾏﾕ;1;ﾁﾍ. ﾌﾁﾊﾅﾄﾏﾍﾉﾁﾓ & ﾈﾑﾁﾊﾇﾓ
19;900901;ﾓﾁﾌﾏﾈﾑﾁﾊﾇﾓ;9009;ﾄﾇﾌﾏﾓ;ﾓﾁﾌﾏﾈﾑﾁﾊﾇﾓ;102;ﾅﾂﾑﾏﾕ;1;ﾁﾍ. ﾌﾁﾊﾅﾄﾏﾍﾉﾁﾓ & ﾈﾑﾁﾊﾇﾓ
20;901001;ﾏﾑﾖﾅﾁ;9010;ﾄﾇﾌﾏﾓ;ﾓﾏﾕﾖﾋﾉﾏﾕ;102;ﾅﾂﾑﾏﾕ;1;ﾁﾍ. ﾌﾁﾊﾅﾄﾏﾍﾉﾁﾓ & ﾈﾑﾁﾊﾇﾓ
21;901002;ﾓﾏﾕﾖﾋﾉﾏﾕ;9010;ﾄﾇﾌﾏﾓ;ﾓﾏﾕﾖﾋﾉﾏﾕ;102;ﾅﾂﾑﾏﾕ;1;ﾁﾍ. ﾌﾁﾊﾅﾄﾏﾍﾉﾁﾓ & ﾈﾑﾁﾊﾇﾓ
22;901003;ﾔﾕﾗﾅﾑﾏﾕ;9010;ﾄﾇﾌﾏﾓ;ﾓﾏﾕﾖﾋﾉﾏﾕ;102;ﾅﾂﾑﾏﾕ;1;ﾁﾍ. ﾌﾁﾊﾅﾄﾏﾍﾉﾁﾓ & ﾈﾑﾁﾊﾇﾓ
23;901101;ﾈﾁﾓﾏﾕ;9011;ﾄﾇﾌﾏﾓ;ﾈﾁﾓﾏﾕ;103;ﾈﾁﾓﾏﾕ;1;ﾁﾍ. ﾌﾁﾊﾅﾄﾏﾍﾉﾁﾓ & ﾈﾑﾁﾊﾇﾓ
24;901201;ﾊﾁﾂﾁﾋﾁﾓ;9012;ﾄﾇﾌﾏﾓ;ﾊﾁﾂﾁﾋﾁﾓ;104;ﾊﾁﾂﾁﾋﾁﾓ;1;ﾁﾍ. ﾌﾁﾊﾅﾄﾏﾍﾉﾁﾓ & ﾈﾑﾁﾊﾇﾓ
25;901202;ﾖﾉﾋﾉﾐﾐﾙﾍ;9012;ﾄﾇﾌﾏﾓ;ﾊﾁﾂﾁﾋﾁﾓ;104;ﾊﾁﾂﾁﾋﾁﾓ;1;ﾁﾍ. ﾌﾁﾊﾅﾄﾏﾍﾉﾁﾓ & ﾈﾑﾁﾊﾇﾓ
26;901301;ﾊﾅﾑﾁﾌﾙﾔﾇﾓ;9013;ﾄﾇﾌﾏﾓ;ﾍﾅﾓﾔﾏﾕ;104;ﾊﾁﾂﾁﾋﾁﾓ;1;ﾁﾍ. ﾌﾁﾊﾅﾄﾏﾍﾉﾁﾓ & ﾈﾑﾁﾊﾇﾓ
27;901302;ﾏﾑﾅﾉﾍﾏﾕ;9013;ﾄﾇﾌﾏﾓ;ﾍﾅﾓﾔﾏﾕ;104;ﾊﾁﾂﾁﾋﾁﾓ;1;ﾁﾍ. ﾌﾁﾊﾅﾄﾏﾍﾉﾁﾓ & ﾈﾑﾁﾊﾇﾓ
28;901303;ﾗﾑﾕﾓﾏﾕﾐﾏﾋﾇﾓ;9013;ﾄﾇﾌﾏﾓ;ﾍﾅﾓﾔﾏﾕ;104;ﾊﾁﾂﾁﾋﾁﾓ;1;ﾁﾍ. ﾌﾁﾊﾅﾄﾏﾍﾉﾁﾓ & ﾈﾑﾁﾊﾇﾓ
29;901401;ﾅﾋﾅﾕﾈﾅﾑﾏﾕﾐﾏﾋﾇﾓ;9014;ﾄﾇﾌﾏﾓ;ﾐﾁﾃﾃﾁﾉﾏﾕ;104;ﾊﾁﾂﾁﾋﾁﾓ;1;ﾁﾍ. ﾌﾁﾊﾅﾄﾏﾍﾉﾁﾓ & ﾈﾑﾁﾊﾇﾓ
30;901402;ﾅﾋﾅﾕﾈﾅﾑﾙﾍ;9014;ﾄﾇﾌﾏﾓ;ﾐﾁﾃﾃﾁﾉﾏﾕ;104;ﾊﾁﾂﾁﾋﾁﾓ;1;ﾁﾍ. ﾌﾁﾊﾅﾄﾏﾍﾉﾁﾓ & ﾈﾑﾁﾊﾇﾓ
31;901403;ﾏﾑﾖﾁﾍﾏﾕ;9014;ﾄﾇﾌﾏﾓ;ﾐﾁﾃﾃﾁﾉﾏﾕ;104;ﾊﾁﾂﾁﾋﾁﾓ;1;ﾁﾍ. ﾌﾁﾊﾅﾄﾏﾍﾉﾁﾓ & ﾈﾑﾁﾊﾇﾓ
32;901404;ﾐﾁﾃﾃﾁﾉﾏﾕ;9014;ﾄﾇﾌﾏﾓ;ﾐﾁﾃﾃﾁﾉﾏﾕ;104;ﾊﾁﾂﾁﾋﾁﾓ;1;ﾁﾍ. ﾌﾁﾊﾅﾄﾏﾍﾉﾁﾓ & ﾈﾑﾁﾊﾇﾓ
33;901405;ﾐﾉﾅﾑﾅﾙﾍ;9014;ﾄﾇﾌﾏﾓ;ﾐﾁﾃﾃﾁﾉﾏﾕ;104;ﾊﾁﾂﾁﾋﾁﾓ;1;ﾁﾍ. ﾌﾁﾊﾅﾄﾏﾍﾉﾁﾓ & ﾈﾑﾁﾊﾇﾓ
34;901501;ﾁﾂﾄﾇﾑﾙﾍ;9015;ﾄﾇﾌﾏﾓ;ﾁﾂﾄﾇﾑﾙﾍ;105;ﾎﾁﾍﾈﾇﾓ;1;ﾁﾍ. ﾌﾁﾊﾅﾄﾏﾍﾉﾁﾓ & ﾈﾑﾁﾊﾇﾓ
35;901502;ﾂﾉﾓﾔﾙﾍﾉﾄﾏﾓ;9015;ﾄﾇﾌﾏﾓ;ﾁﾂﾄﾇﾑﾙﾍ;105;ﾎﾁﾍﾈﾇﾓ;1;ﾁﾍ. ﾌﾁﾊﾅﾄﾏﾍﾉﾁﾓ & ﾈﾑﾁﾊﾇﾓ
36;901503;ﾓﾅﾋﾅﾑﾏﾕ;9015;ﾄﾇﾌﾏﾓ;ﾁﾂﾄﾇﾑﾙﾍ;105;ﾎﾁﾍﾈﾇﾓ;1;ﾁﾍ. ﾌﾁﾊﾅﾄﾏﾍﾉﾁﾓ & ﾈﾑﾁﾊﾇﾓ
37;901601;ﾈﾅﾑﾌﾙﾍ;9016;ﾄﾇﾌﾏﾓ;ﾌﾕﾊﾇﾓ;105;ﾎﾁﾍﾈﾇﾓ;1;ﾁﾍ. ﾌﾁﾊﾅﾄﾏﾍﾉﾁﾓ & ﾈﾑﾁﾊﾇﾓ
38;901602;ﾊﾏﾔﾕﾋﾇﾓ;9016;ﾄﾇﾌﾏﾓ;ﾌﾕﾊﾇﾓ;105;ﾎﾁﾍﾈﾇﾓ;1;ﾁﾍ. ﾌﾁﾊﾅﾄﾏﾍﾉﾁﾓ & ﾈﾑﾁﾊﾇﾓ
39;901603;ﾌﾕﾊﾇﾓ;9016;ﾄﾇﾌﾏﾓ;ﾌﾕﾊﾇﾓ;105;ﾎﾁﾍﾈﾇﾓ;1;ﾁﾍ. ﾌﾁﾊﾅﾄﾏﾍﾉﾁﾓ & ﾈﾑﾁﾊﾇﾓ
40;901604;ﾓﾁﾔﾑﾙﾍ;9016;ﾄﾇﾌﾏﾓ;ﾌﾕﾊﾇﾓ;105;ﾎﾁﾍﾈﾇﾓ;1;ﾁﾍ. ﾌﾁﾊﾅﾄﾏﾍﾉﾁﾓ & ﾈﾑﾁﾊﾇﾓ
41;901701;ﾎﾁﾍﾈﾇﾓ;9017;ﾄﾇﾌﾏﾓ;ﾎﾁﾍﾈﾇﾓ;105;ﾎﾁﾍﾈﾇﾓ;1;ﾁﾍ. ﾌﾁﾊﾅﾄﾏﾍﾉﾁﾓ & ﾈﾑﾁﾊﾇﾓ
42;901702;ﾓﾔﾁﾕﾑﾏﾕﾐﾏﾋﾇﾓ;9017;ﾄﾇﾌﾏﾓ;ﾎﾁﾍﾈﾇﾓ;105;ﾎﾁﾍﾈﾇﾓ;1;ﾁﾍ. ﾌﾁﾊﾅﾄﾏﾍﾉﾁﾓ & ﾈﾑﾁﾊﾇﾓ
43;901801;ﾔﾏﾐﾅﾉﾑﾏﾕ;9018;ﾄﾇﾌﾏﾓ;ﾔﾏﾐﾅﾉﾑﾏﾕ;105;ﾎﾁﾍﾈﾇﾓ;1;ﾁﾍ. ﾌﾁﾊﾅﾄﾏﾍﾉﾁﾓ & ﾈﾑﾁﾊﾇﾓ
44;901901;ﾁﾑﾑﾉﾁﾍﾙﾍ;9019;ﾄﾇﾌﾏﾓ;ﾁﾑﾑﾉﾁﾍﾙﾍ;106;ﾑﾏﾄﾏﾐﾇﾓ;1;ﾁﾍ. ﾌﾁﾊﾅﾄﾏﾍﾉﾁﾓ & ﾈﾑﾁﾊﾇﾓ
45;901902;ﾊﾅﾗﾑﾏﾕ;9019;ﾄﾇﾌﾏﾓ;ﾁﾑﾑﾉﾁﾍﾙﾍ;106;ﾑﾏﾄﾏﾐﾇﾓ;1;ﾁﾍ. ﾌﾁﾊﾅﾄﾏﾍﾉﾁﾓ & ﾈﾑﾁﾊﾇﾓ
46;901903;ﾏﾑﾃﾁﾍﾇﾓ;9019;ﾄﾇﾌﾏﾓ;ﾁﾑﾑﾉﾁﾍﾙﾍ;106;ﾑﾏﾄﾏﾐﾇﾓ;1;ﾁﾍ. ﾌﾁﾊﾅﾄﾏﾍﾉﾁﾓ & ﾈﾑﾁﾊﾇﾓ
47;901904;ﾖﾉﾋﾋﾕﾑﾁﾓ;9019;ﾄﾇﾌﾏﾓ;ﾁﾑﾑﾉﾁﾍﾙﾍ;106;ﾑﾏﾄﾏﾐﾇﾓ;1;ﾁﾍ. ﾌﾁﾊﾅﾄﾏﾍﾉﾁﾓ & ﾈﾑﾁﾊﾇﾓ
48;902001;ﾁﾌﾁﾎﾁﾄﾙﾍ;9020;ﾄﾇﾌﾏﾓ;ﾉﾁﾓﾌﾏﾕ;106;ﾑﾏﾄﾏﾐﾇﾓ;1;ﾁﾍ. ﾌﾁﾊﾅﾄﾏﾍﾉﾁﾓ & ﾈﾑﾁﾊﾇﾓ
49;902002;ﾉﾁﾓﾌﾏﾕ;9020;ﾄﾇﾌﾏﾓ;ﾉﾁﾓﾌﾏﾕ;106;ﾑﾏﾄﾏﾐﾇﾓ;1;ﾁﾍ. ﾌﾁﾊﾅﾄﾏﾍﾉﾁﾓ & ﾈﾑﾁﾊﾇﾓ
50;902003;ﾓﾙﾓﾔﾏﾕ;9020;ﾄﾇﾌﾏﾓ;ﾉﾁﾓﾌﾏﾕ;106;ﾑﾏﾄﾏﾐﾇﾓ;1;ﾁﾍ. ﾌﾁﾊﾅﾄﾏﾍﾉﾁﾓ & ﾈﾑﾁﾊﾇﾓ
51;902101;ﾁﾉﾃﾅﾉﾑﾏﾕ;9021;ﾄﾇﾌﾏﾓ;ﾊﾏﾌﾏﾔﾇﾍﾇﾓ;106;ﾑﾏﾄﾏﾐﾇﾓ;1;ﾁﾍ. ﾌﾁﾊﾅﾄﾏﾍﾉﾁﾓ & ﾈﾑﾁﾊﾇﾓ
52;902102;ﾊﾏﾌﾏﾔﾇﾍﾇﾓ;9021;ﾄﾇﾌﾏﾓ;ﾊﾏﾌﾏﾔﾇﾍﾇﾓ;106;ﾑﾏﾄﾏﾐﾇﾓ;1;ﾁﾍ. ﾌﾁﾊﾅﾄﾏﾍﾉﾁﾓ & ﾈﾑﾁﾊﾇﾓ
53;902103;ﾍﾅﾏﾕ ﾓﾉﾄﾇﾑﾏﾗﾙﾑﾉﾏﾕ;9021;ﾄﾇﾌﾏﾓ;ﾊﾏﾌﾏﾔﾇﾍﾇﾓ;106;ﾑﾏﾄﾏﾐﾇﾓ;1;ﾁﾍ. ﾌﾁﾊﾅﾄﾏﾍﾉﾁﾓ & ﾈﾑﾁﾊﾇﾓ
54;902201;ﾌﾁﾑﾙﾍﾅﾉﾁﾓ;9022;ﾄﾇﾌﾏﾓ;ﾌﾁﾑﾙﾍﾅﾉﾁﾓ-ﾓﾁﾐﾙﾍ;106;ﾑﾏﾄﾏﾐﾇﾓ;1;ﾁﾍ. ﾌﾁﾊﾅﾄﾏﾍﾉﾁﾓ & ﾈﾑﾁﾊﾇﾓ
55;902202;ﾓﾁﾐﾙﾍ;9022;ﾄﾇﾌﾏﾓ;ﾌﾁﾑﾙﾍﾅﾉﾁﾓ-ﾓﾁﾐﾙﾍ;106;ﾑﾏﾄﾏﾐﾇﾓ;1;ﾁﾍ. ﾌﾁﾊﾅﾄﾏﾍﾉﾁﾓ & ﾈﾑﾁﾊﾇﾓ
56;902301;ﾁﾋﾅﾎﾁﾍﾄﾑﾅﾉﾁﾓ;9023;ﾄﾇﾌﾏﾓ;ﾁﾋﾅﾎﾁﾍﾄﾑﾅﾉﾁﾓ;201;ﾇﾌﾁﾈﾉﾁﾓ;2;ﾊﾅﾍﾔﾑﾉﾊﾇﾓ ﾌﾁﾊﾅﾄﾏﾍﾉﾁﾓ
57;902302;ﾁﾍﾔﾉﾃﾏﾍﾉﾄﾙﾍ;9023;ﾄﾇﾌﾏﾓ;ﾁﾋﾅﾎﾁﾍﾄﾑﾅﾉﾁﾓ;201;ﾇﾌﾁﾈﾉﾁﾓ;2;ﾊﾅﾍﾔﾑﾉﾊﾇﾓ ﾌﾁﾊﾅﾄﾏﾍﾉﾁﾓ
58;902303;ﾌﾅﾋﾉﾊﾇﾓ;9023;ﾄﾇﾌﾏﾓ;ﾁﾋﾅﾎﾁﾍﾄﾑﾅﾉﾁﾓ;201;ﾇﾌﾁﾈﾉﾁﾓ;2;ﾊﾅﾍﾔﾑﾉﾊﾇﾓ ﾌﾁﾊﾅﾄﾏﾍﾉﾁﾓ
59;902304;ﾐﾋﾁﾔﾅﾏﾓ;9023;ﾄﾇﾌﾏﾓ;ﾁﾋﾅﾎﾁﾍﾄﾑﾅﾉﾁﾓ;201;ﾇﾌﾁﾈﾉﾁﾓ;2;ﾊﾅﾍﾔﾑﾉﾊﾇﾓ ﾌﾁﾊﾅﾄﾏﾍﾉﾁﾓ
60;902401;ﾁﾐﾏﾓﾔﾏﾋﾏﾕ ﾐﾁﾕﾋﾏﾕ;9024;ﾄﾇﾌﾏﾓ;ﾂﾅﾑﾏﾉﾁﾓ;201;ﾇﾌﾁﾈﾉﾁﾓ;2;ﾊﾅﾍﾔﾑﾉﾊﾇﾓ ﾌﾁﾊﾅﾄﾏﾍﾉﾁﾓ
61;902402;ﾂﾅﾑﾃﾉﾍﾁﾓ;9024;ﾄﾇﾌﾏﾓ;ﾂﾅﾑﾏﾉﾁﾓ;201;ﾇﾌﾁﾈﾉﾁﾓ;2;ﾊﾅﾍﾔﾑﾉﾊﾇﾓ ﾌﾁﾊﾅﾄﾏﾍﾉﾁﾓ
62;902403;ﾂﾅﾑﾏﾉﾁﾓ;9024;ﾄﾇﾌﾏﾓ;ﾂﾅﾑﾏﾉﾁﾓ;201;ﾇﾌﾁﾈﾉﾁﾓ;2;ﾊﾅﾍﾔﾑﾉﾊﾇﾓ ﾌﾁﾊﾅﾄﾏﾍﾉﾁﾓ
63;902404;ﾄﾏﾂﾑﾁ;9024;ﾄﾇﾌﾏﾓ;ﾂﾅﾑﾏﾉﾁﾓ;201;ﾇﾌﾁﾈﾉﾁﾓ;2;ﾊﾅﾍﾔﾑﾉﾊﾇﾓ ﾌﾁﾊﾅﾄﾏﾍﾉﾁﾓ
64;902405;ﾌﾁﾊﾅﾄﾏﾍﾉﾄﾏﾓ;9024;ﾄﾇﾌﾏﾓ;ﾂﾅﾑﾏﾉﾁﾓ;201;ﾇﾌﾁﾈﾉﾁﾓ;2;ﾊﾅﾍﾔﾑﾉﾊﾇﾓ ﾌﾁﾊﾅﾄﾏﾍﾉﾁﾓ
65;902501;ﾁﾍﾈﾅﾌﾉﾙﾍ;9025;ﾄﾇﾌﾏﾓ;ﾍﾁﾏﾕﾓﾁﾓ;201;ﾇﾌﾁﾈﾉﾁﾓ;2;ﾊﾅﾍﾔﾑﾉﾊﾇﾓ ﾌﾁﾊﾅﾄﾏﾍﾉﾁﾓ
66;902502;ﾅﾉﾑﾇﾍﾏﾕﾐﾏﾋﾇﾓ;9025;ﾄﾇﾌﾏﾓ;ﾍﾁﾏﾕﾓﾁﾓ;201;ﾇﾌﾁﾈﾉﾁﾓ;2;ﾊﾅﾍﾔﾑﾉﾊﾇﾓ ﾌﾁﾊﾅﾄﾏﾍﾉﾁﾓ
67;902503;ﾍﾁﾏﾕﾓﾁﾓ;9025;ﾄﾇﾌﾏﾓ;ﾍﾁﾏﾕﾓﾁﾓ;201;ﾇﾌﾁﾈﾉﾁﾓ;2;ﾊﾅﾍﾔﾑﾉﾊﾇﾓ ﾌﾁﾊﾅﾄﾏﾍﾉﾁﾓ
68;902601;ﾁﾌﾐﾅﾋﾏﾊﾇﾐﾙﾍ;9026;ﾄﾇﾌﾏﾓ;ﾁﾌﾐﾅﾋﾏﾊﾇﾐﾙﾍ-ﾌﾅﾍﾅﾌﾅﾍﾇﾓ;202;ﾈﾅﾓﾓﾁﾋﾏﾍﾉﾊﾇﾓ;2;ﾊﾅﾍﾔﾑﾉﾊﾇﾓ ﾌﾁﾊﾅﾄﾏﾍﾉﾁﾓ
69;902602;ﾌﾅﾍﾅﾌﾅﾍﾇﾓ;9026;ﾄﾇﾌﾏﾓ;ﾁﾌﾐﾅﾋﾏﾊﾇﾐﾙﾍ-ﾌﾅﾍﾅﾌﾅﾍﾇﾓ;202;ﾈﾅﾓﾓﾁﾋﾏﾍﾉﾊﾇﾓ;2;ﾊﾅﾍﾔﾑﾉﾊﾇﾓ ﾌﾁﾊﾅﾄﾏﾍﾉﾁﾓ
70;902701;ﾁﾃﾉﾏﾕ ﾃﾅﾙﾑﾃﾉﾏﾕ;9027;ﾄﾇﾌﾏﾓ;ﾂﾏﾋﾂﾇﾓ;202;ﾈﾅﾓﾓﾁﾋﾏﾍﾉﾊﾇﾓ;2;ﾊﾅﾍﾔﾑﾉﾊﾇﾓ ﾌﾁﾊﾅﾄﾏﾍﾉﾁﾓ
71;902702;ﾁﾐﾏﾋﾋﾙﾍﾉﾁﾓ;9027;ﾄﾇﾌﾏﾓ;ﾂﾏﾋﾂﾇﾓ;202;ﾈﾅﾓﾓﾁﾋﾏﾍﾉﾊﾇﾓ;2;ﾊﾅﾍﾔﾑﾉﾊﾇﾓ ﾌﾁﾊﾅﾄﾏﾍﾉﾁﾓ
72;902703;ﾁﾑﾅﾈﾏﾕﾓﾁﾓ;9027;ﾄﾇﾌﾏﾓ;ﾂﾏﾋﾂﾇﾓ;202;ﾈﾅﾓﾓﾁﾋﾏﾍﾉﾊﾇﾓ;2;ﾊﾅﾍﾔﾑﾉﾊﾇﾓ ﾌﾁﾊﾅﾄﾏﾍﾉﾁﾓ
73;902704;ﾅﾃﾍﾁﾔﾉﾁﾓ;9027;ﾄﾇﾌﾏﾓ;ﾂﾏﾋﾂﾇﾓ;202;ﾈﾅﾓﾓﾁﾋﾏﾍﾉﾊﾇﾓ;2;ﾊﾅﾍﾔﾑﾉﾊﾇﾓ ﾌﾁﾊﾅﾄﾏﾍﾉﾁﾓ
74;902705;ﾌﾁﾄﾕﾔﾏﾕ;9027;ﾄﾇﾌﾏﾓ;ﾂﾏﾋﾂﾇﾓ;202;ﾈﾅﾓﾓﾁﾋﾏﾍﾉﾊﾇﾓ;2;ﾊﾅﾍﾔﾑﾉﾊﾇﾓ ﾌﾁﾊﾅﾄﾏﾍﾉﾁﾓ
75;902706;ﾑﾅﾍﾔﾉﾍﾁﾓ;9027;ﾄﾇﾌﾏﾓ;ﾂﾏﾋﾂﾇﾓ;202;ﾈﾅﾓﾓﾁﾋﾏﾍﾉﾊﾇﾓ;2;ﾊﾅﾍﾔﾑﾉﾊﾇﾓ ﾌﾁﾊﾅﾄﾏﾍﾉﾁﾓ
76;902801;ﾁﾎﾉﾏﾕ;9028;ﾄﾇﾌﾏﾓ;ﾄﾅﾋﾔﾁ;202;ﾈﾅﾓﾓﾁﾋﾏﾍﾉﾊﾇﾓ;2;ﾊﾅﾍﾔﾑﾉﾊﾇﾓ ﾌﾁﾊﾅﾄﾏﾍﾉﾁﾓ
77;902802;ﾅﾗﾅﾄﾙﾑﾏﾕ;9028;ﾄﾇﾌﾏﾓ;ﾄﾅﾋﾔﾁ;202;ﾈﾅﾓﾓﾁﾋﾏﾍﾉﾊﾇﾓ;2;ﾊﾅﾍﾔﾑﾉﾊﾇﾓ ﾌﾁﾊﾅﾄﾏﾍﾉﾁﾓ
78;902803;ﾗﾁﾋﾁﾓﾔﾑﾁﾓ;9028;ﾄﾇﾌﾏﾓ;ﾄﾅﾋﾔﾁ;202;ﾈﾅﾓﾓﾁﾋﾏﾍﾉﾊﾇﾓ;2;ﾊﾅﾍﾔﾑﾉﾊﾇﾓ ﾌﾁﾊﾅﾄﾏﾍﾉﾁﾓ
79;902901;ﾅﾐﾁﾍﾏﾌﾇﾓ;9029;ﾄﾇﾌﾏﾓ;ﾈﾅﾑﾌﾁﾚﾊﾏﾕ;202;ﾈﾅﾓﾓﾁﾋﾏﾍﾉﾊﾇﾓ;2;ﾊﾅﾍﾔﾑﾉﾊﾇﾓ ﾌﾁﾊﾅﾄﾏﾍﾉﾁﾓ
80;902902;ﾈﾅﾑﾌﾁﾚﾊﾏﾕ;9029;ﾄﾇﾌﾏﾓ;ﾈﾅﾑﾌﾁﾚﾊﾏﾕ;202;ﾈﾅﾓﾓﾁﾋﾏﾍﾉﾊﾇﾓ;2;ﾊﾅﾍﾔﾑﾉﾊﾇﾓ ﾌﾁﾊﾅﾄﾏﾍﾉﾁﾓ
81;902903;ﾌﾇﾗﾁﾍﾉﾙﾍﾁﾓ;9029;ﾄﾇﾌﾏﾓ;ﾈﾅﾑﾌﾁﾚﾊﾏﾕ;202;ﾈﾅﾓﾓﾁﾋﾏﾍﾉﾊﾇﾓ;2;ﾊﾅﾍﾔﾑﾉﾊﾇﾓ ﾌﾁﾊﾅﾄﾏﾍﾉﾁﾓ
82;903001;ﾂﾁﾓﾉﾋﾉﾊﾙﾍ;9030;ﾄﾇﾌﾏﾓ;ﾈﾅﾑﾌﾇﾓ;202;ﾈﾅﾓﾓﾁﾋﾏﾍﾉﾊﾇﾓ;2;ﾊﾅﾍﾔﾑﾉﾊﾇﾓ ﾌﾁﾊﾅﾄﾏﾍﾉﾁﾓ
83;903002;ﾈﾅﾑﾌﾇﾓ;9030;ﾄﾇﾌﾏﾓ;ﾈﾅﾑﾌﾇﾓ;202;ﾈﾅﾓﾓﾁﾋﾏﾍﾉﾊﾇﾓ;2;ﾊﾅﾍﾔﾑﾉﾊﾇﾓ ﾌﾁﾊﾅﾄﾏﾍﾉﾁﾓ
84;903003;ﾌﾉﾊﾑﾁﾓ;9030;ﾄﾇﾌﾏﾓ;ﾈﾅﾑﾌﾇﾓ;202;ﾈﾅﾓﾓﾁﾋﾏﾍﾉﾊﾇﾓ;2;ﾊﾅﾍﾔﾑﾉﾊﾇﾓ ﾌﾁﾊﾅﾄﾏﾍﾉﾁﾓ
85;903101;ﾈﾅﾓﾓﾁﾋﾏﾍﾉﾊﾇﾓ;9031;ﾄﾇﾌﾏﾓ;ﾈﾅﾓﾓﾁﾋﾏﾍﾉﾊﾇﾓ;202;ﾈﾅﾓﾓﾁﾋﾏﾍﾉﾊﾇﾓ;2;ﾊﾅﾍﾔﾑﾉﾊﾇﾓ ﾌﾁﾊﾅﾄﾏﾍﾉﾁﾓ
86;903102;ﾔﾑﾉﾁﾍﾄﾑﾉﾁﾓ;9031;ﾄﾇﾌﾏﾓ;ﾈﾅﾓﾓﾁﾋﾏﾍﾉﾊﾇﾓ;202;ﾈﾅﾓﾓﾁﾋﾏﾍﾉﾊﾇﾓ;2;ﾊﾅﾍﾔﾑﾉﾊﾇﾓ ﾌﾁﾊﾅﾄﾏﾍﾉﾁﾓ
87;903201;ﾊﾁﾋﾁﾌﾁﾑﾉﾁﾓ;9032;ﾄﾇﾌﾏﾓ;ﾊﾁﾋﾁﾌﾁﾑﾉﾁﾓ;202;ﾈﾅﾓﾓﾁﾋﾏﾍﾉﾊﾇﾓ;2;ﾊﾅﾍﾔﾑﾉﾊﾇﾓ ﾌﾁﾊﾅﾄﾏﾍﾉﾁﾓ
88;903301;ﾅﾋﾅﾕﾈﾅﾑﾉﾏﾕ-ﾊﾏﾑﾄﾅﾋﾉﾏﾕ;9033;ﾄﾇﾌﾏﾓ;ﾊﾏﾑﾄﾅﾋﾉﾏﾕ-ﾅﾕﾏﾓﾌﾏﾕ;202;ﾈﾅﾓﾓﾁﾋﾏﾍﾉﾊﾇﾓ;2;ﾊﾅﾍﾔﾑﾉﾊﾇﾓ ﾌﾁﾊﾅﾄﾏﾍﾉﾁﾓ
89;903302;ﾅﾕﾏﾓﾌﾏﾕ;9033;ﾄﾇﾌﾏﾓ;ﾊﾏﾑﾄﾅﾋﾉﾏﾕ-ﾅﾕﾏﾓﾌﾏﾕ;202;ﾈﾅﾓﾓﾁﾋﾏﾍﾉﾊﾇﾓ;2;ﾊﾅﾍﾔﾑﾉﾊﾇﾓ ﾌﾁﾊﾅﾄﾏﾍﾉﾁﾓ
90;903401;ﾁﾓﾓﾇﾑﾏﾕ;9034;ﾄﾇﾌﾏﾓ;ﾋﾁﾃﾊﾁﾄﾁ;202;ﾈﾅﾓﾓﾁﾋﾏﾍﾉﾊﾇﾓ;2;ﾊﾅﾍﾔﾑﾉﾊﾇﾓ ﾌﾁﾊﾅﾄﾏﾍﾉﾁﾓ
91;903402;ﾂﾅﾑﾔﾉﾓﾊﾏﾕ;9034;ﾄﾇﾌﾏﾓ;ﾋﾁﾃﾊﾁﾄﾁ;202;ﾈﾅﾓﾓﾁﾋﾏﾍﾉﾊﾇﾓ;2;ﾊﾅﾍﾔﾑﾉﾊﾇﾓ ﾌﾁﾊﾅﾄﾏﾍﾉﾁﾓ
92;903403;ﾊﾁﾋﾉﾍﾄﾏﾉﾙﾍ;9034;ﾄﾇﾌﾏﾓ;ﾋﾁﾃﾊﾁﾄﾁ;202;ﾈﾅﾓﾓﾁﾋﾏﾍﾉﾊﾇﾓ;2;ﾊﾅﾍﾔﾑﾉﾊﾇﾓ ﾌﾁﾊﾅﾄﾏﾍﾉﾁﾓ
93;903404;ﾊﾏﾑﾙﾍﾅﾉﾁﾓ;9034;ﾄﾇﾌﾏﾓ;ﾋﾁﾃﾊﾁﾄﾁ;202;ﾈﾅﾓﾓﾁﾋﾏﾍﾉﾊﾇﾓ;2;ﾊﾅﾍﾔﾑﾉﾊﾇﾓ ﾌﾁﾊﾅﾄﾏﾍﾉﾁﾓ
94;903405;ﾋﾁﾃﾊﾁﾄﾁ;9034;ﾄﾇﾌﾏﾓ;ﾋﾁﾃﾊﾁﾄﾁ;202;ﾈﾅﾓﾓﾁﾋﾏﾍﾉﾊﾇﾓ;2;ﾊﾅﾍﾔﾑﾉﾊﾇﾓ ﾌﾁﾊﾅﾄﾏﾍﾉﾁﾓ
95;903406;ﾋﾁﾗﾁﾍﾁ;9034;ﾄﾇﾌﾏﾓ;ﾋﾁﾃﾊﾁﾄﾁ;202;ﾈﾅﾓﾓﾁﾋﾏﾍﾉﾊﾇﾓ;2;ﾊﾅﾍﾔﾑﾉﾊﾇﾓ ﾌﾁﾊﾅﾄﾏﾍﾉﾁﾓ
96;903407;ﾓﾏﾗﾏﾕ;9034;ﾄﾇﾌﾏﾓ;ﾋﾁﾃﾊﾁﾄﾁ;202;ﾈﾅﾓﾓﾁﾋﾏﾍﾉﾊﾇﾓ;2;ﾊﾅﾍﾔﾑﾉﾊﾇﾓ ﾌﾁﾊﾅﾄﾏﾍﾉﾁﾓ
97;903501;ﾁﾃﾉﾏﾕ ﾐﾁﾕﾋﾏﾕ;9035;ﾄﾇﾌﾏﾓ;ﾍﾅﾁﾐﾏﾋﾇﾓ-ﾓﾕﾊﾅﾙﾍ;202;ﾈﾅﾓﾓﾁﾋﾏﾍﾉﾊﾇﾓ;2;ﾊﾅﾍﾔﾑﾉﾊﾇﾓ ﾌﾁﾊﾅﾄﾏﾍﾉﾁﾓ
98;903502;ﾍﾅﾁﾐﾏﾋﾅﾙﾓ;9035;ﾄﾇﾌﾏﾓ;ﾍﾅﾁﾐﾏﾋﾇﾓ-ﾓﾕﾊﾅﾙﾍ;202;ﾈﾅﾓﾓﾁﾋﾏﾍﾉﾊﾇﾓ;2;ﾊﾅﾍﾔﾑﾉﾊﾇﾓ ﾌﾁﾊﾅﾄﾏﾍﾉﾁﾓ
99;903503;ﾐﾅﾕﾊﾙﾍ;9035;ﾄﾇﾌﾏﾓ;ﾍﾅﾁﾐﾏﾋﾇﾓ-ﾓﾕﾊﾅﾙﾍ;202;ﾈﾅﾓﾓﾁﾋﾏﾍﾉﾊﾇﾓ;2;ﾊﾅﾍﾔﾑﾉﾊﾇﾓ ﾌﾁﾊﾅﾄﾏﾍﾉﾁﾓ
100;903504;ﾓﾕﾊﾅﾙﾍ;9035;ﾄﾇﾌﾏﾓ;ﾍﾅﾁﾐﾏﾋﾇﾓ-ﾓﾕﾊﾅﾙﾍ;202;ﾈﾅﾓﾓﾁﾋﾏﾍﾉﾊﾇﾓ;2;ﾊﾅﾍﾔﾑﾉﾊﾇﾓ ﾌﾁﾊﾅﾄﾏﾍﾉﾁﾓ
101;903601;ﾅﾕﾊﾁﾑﾐﾉﾁﾓ;9036;ﾄﾇﾌﾏﾓ;ﾐﾁﾕﾋﾏﾕ ﾌﾅﾋﾁ;202;ﾈﾅﾓﾓﾁﾋﾏﾍﾉﾊﾇﾓ;2;ﾊﾅﾍﾔﾑﾉﾊﾇﾓ ﾌﾁﾊﾅﾄﾏﾍﾉﾁﾓ
102;903602;ﾐﾏﾋﾉﾗﾍﾇﾓ;9036;ﾄﾇﾌﾏﾓ;ﾐﾁﾕﾋﾏﾕ ﾌﾅﾋﾁ;202;ﾈﾅﾓﾓﾁﾋﾏﾍﾉﾊﾇﾓ;2;ﾊﾅﾍﾔﾑﾉﾊﾇﾓ ﾌﾁﾊﾅﾄﾏﾍﾉﾁﾓ
103;903603;ﾓﾔﾁﾕﾑﾏﾕﾐﾏﾋﾅﾙﾓ;9036;ﾄﾇﾌﾏﾓ;ﾐﾁﾕﾋﾏﾕ ﾌﾅﾋﾁ;202;ﾈﾅﾓﾓﾁﾋﾏﾍﾉﾊﾇﾓ;2;ﾊﾅﾍﾔﾑﾉﾊﾇﾓ ﾌﾁﾊﾅﾄﾏﾍﾉﾁﾓ
104;903701;ﾐﾁﾍﾏﾑﾁﾌﾁﾔﾏﾓ;9037;ﾄﾇﾌﾏﾓ;ﾐﾕﾋﾁﾉﾁﾓ-ﾗﾏﾑﾔﾉﾁﾔﾇ;202;ﾈﾅﾓﾓﾁﾋﾏﾍﾉﾊﾇﾓ;2;ﾊﾅﾍﾔﾑﾉﾊﾇﾓ ﾌﾁﾊﾅﾄﾏﾍﾉﾁﾓ
105;903702;ﾐﾕﾋﾁﾉﾁﾓ;9037;ﾄﾇﾌﾏﾓ;ﾐﾕﾋﾁﾉﾁﾓ-ﾗﾏﾑﾔﾉﾁﾔﾇ;202;ﾈﾅﾓﾓﾁﾋﾏﾍﾉﾊﾇﾓ;2;ﾊﾅﾍﾔﾑﾉﾊﾇﾓ ﾌﾁﾊﾅﾄﾏﾍﾉﾁﾓ
106;903703;ﾗﾏﾑﾔﾉﾁﾔﾇ;9037;ﾄﾇﾌﾏﾓ;ﾐﾕﾋﾁﾉﾁﾓ-ﾗﾏﾑﾔﾉﾁﾔﾇ;202;ﾈﾅﾓﾓﾁﾋﾏﾍﾉﾊﾇﾓ;2;ﾊﾅﾍﾔﾑﾉﾊﾇﾓ ﾌﾁﾊﾅﾄﾏﾍﾉﾁﾓ
107;903801;ﾁﾃﾉﾏﾕ ﾁﾈﾁﾍﾁﾓﾉﾏﾕ;9038;ﾄﾇﾌﾏﾓ;ﾗﾁﾋﾊﾇﾄﾏﾍﾏﾓ;202;ﾈﾅﾓﾓﾁﾋﾏﾍﾉﾊﾇﾓ;2;ﾊﾅﾍﾔﾑﾉﾊﾇﾓ ﾌﾁﾊﾅﾄﾏﾍﾉﾁﾓ
108;903802;ﾊﾏﾕﾖﾁﾋﾉﾙﾍ;9038;ﾄﾇﾌﾏﾓ;ﾗﾁﾋﾊﾇﾄﾏﾍﾏﾓ;202;ﾈﾅﾓﾓﾁﾋﾏﾍﾉﾊﾇﾓ;2;ﾊﾅﾍﾔﾑﾉﾊﾇﾓ ﾌﾁﾊﾅﾄﾏﾍﾉﾁﾓ
109;903803;ﾗﾁﾋﾊﾇﾄﾏﾍﾏﾓ;9038;ﾄﾇﾌﾏﾓ;ﾗﾁﾋﾊﾇﾄﾏﾍﾏﾓ;202;ﾈﾅﾓﾓﾁﾋﾏﾍﾉﾊﾇﾓ;2;ﾊﾅﾍﾔﾑﾉﾊﾇﾓ ﾌﾁﾊﾅﾄﾏﾍﾉﾁﾓ
110;903901;ﾊﾁﾋﾋﾉﾈﾅﾁﾓ;9039;ﾄﾇﾌﾏﾓ;ﾙﾑﾁﾉﾏﾊﾁﾓﾔﾑﾏﾕ;202;ﾈﾅﾓﾓﾁﾋﾏﾍﾉﾊﾇﾓ;2;ﾊﾅﾍﾔﾑﾉﾊﾇﾓ ﾌﾁﾊﾅﾄﾏﾍﾉﾁﾓ
111;903902;ﾌﾕﾃﾄﾏﾍﾉﾁﾓ;9039;ﾄﾇﾌﾏﾓ;ﾙﾑﾁﾉﾏﾊﾁﾓﾔﾑﾏﾕ;202;ﾈﾅﾓﾓﾁﾋﾏﾍﾉﾊﾇﾓ;2;ﾊﾅﾍﾔﾑﾉﾊﾇﾓ ﾌﾁﾊﾅﾄﾏﾍﾉﾁﾓ
112;903903;ﾙﾑﾁﾉﾏﾊﾁﾓﾔﾑﾏﾕ;9039;ﾄﾇﾌﾏﾓ;ﾙﾑﾁﾉﾏﾊﾁﾓﾔﾑﾏﾕ;202;ﾈﾅﾓﾓﾁﾋﾏﾍﾉﾊﾇﾓ;2;ﾊﾅﾍﾔﾑﾉﾊﾇﾓ ﾌﾁﾊﾅﾄﾏﾍﾉﾁﾓ
113;904001;ﾃﾁﾋﾋﾉﾊﾏﾕ;9040;ﾄﾇﾌﾏﾓ;ﾊﾉﾋﾊﾉﾓ;203;ﾊﾉﾋﾊﾉﾓ;2;ﾊﾅﾍﾔﾑﾉﾊﾇﾓ ﾌﾁﾊﾅﾄﾏﾍﾉﾁﾓ
114;904002;ﾄﾏﾚﾑﾁﾍﾇﾓ;9040;ﾄﾇﾌﾏﾓ;ﾊﾉﾋﾊﾉﾓ;203;ﾊﾉﾋﾊﾉﾓ;2;ﾊﾅﾍﾔﾑﾉﾊﾇﾓ ﾌﾁﾊﾅﾄﾏﾍﾉﾁﾓ
115;904003;ﾊﾉﾋﾊﾉﾓ;9040;ﾄﾇﾌﾏﾓ;ﾊﾉﾋﾊﾉﾓ;203;ﾊﾉﾋﾊﾉﾓ;2;ﾊﾅﾍﾔﾑﾉﾊﾇﾓ ﾌﾁﾊﾅﾄﾏﾍﾉﾁﾓ
116;904004;ﾊﾑﾏﾕﾓﾓﾙﾍ;9040;ﾄﾇﾌﾏﾓ;ﾊﾉﾋﾊﾉﾓ;203;ﾊﾉﾋﾊﾉﾓ;2;ﾊﾅﾍﾔﾑﾉﾊﾇﾓ ﾌﾁﾊﾅﾄﾏﾍﾉﾁﾓ
117;904005;ﾌﾏﾕﾑﾉﾙﾍ;9040;ﾄﾇﾌﾏﾓ;ﾊﾉﾋﾊﾉﾓ;203;ﾊﾉﾋﾊﾉﾓ;2;ﾊﾅﾍﾔﾑﾉﾊﾇﾓ ﾌﾁﾊﾅﾄﾏﾍﾉﾁﾓ
118;904006;ﾐﾉﾊﾑﾏﾋﾉﾌﾍﾇﾓ;9040;ﾄﾇﾌﾏﾓ;ﾊﾉﾋﾊﾉﾓ;203;ﾊﾉﾋﾊﾉﾓ;2;ﾊﾅﾍﾔﾑﾉﾊﾇﾓ ﾌﾁﾊﾅﾄﾏﾍﾉﾁﾓ
119;904007;ﾗﾅﾑﾓﾏﾕ;9040;ﾄﾇﾌﾏﾓ;ﾊﾉﾋﾊﾉﾓ;203;ﾊﾉﾋﾊﾉﾓ;2;ﾊﾅﾍﾔﾑﾉﾊﾇﾓ ﾌﾁﾊﾅﾄﾏﾍﾉﾁﾓ
120;904101;ﾁﾎﾉﾏﾕﾐﾏﾋﾇﾓ;9041;ﾄﾇﾌﾏﾓ;ﾐﾁﾉﾏﾍﾉﾁﾓ;203;ﾊﾉﾋﾊﾉﾓ;2;ﾊﾅﾍﾔﾑﾉﾊﾇﾓ ﾌﾁﾊﾅﾄﾏﾍﾉﾁﾓ
121;904102;ﾃﾏﾕﾌﾅﾍﾉﾓﾓﾁﾓ;9041;ﾄﾇﾌﾏﾓ;ﾐﾁﾉﾏﾍﾉﾁﾓ;203;ﾊﾉﾋﾊﾉﾓ;2;ﾊﾅﾍﾔﾑﾉﾊﾇﾓ ﾌﾁﾊﾅﾄﾏﾍﾉﾁﾓ
122;904103;ﾅﾕﾑﾙﾐﾏﾕ;9041;ﾄﾇﾌﾏﾓ;ﾐﾁﾉﾏﾍﾉﾁﾓ;203;ﾊﾉﾋﾊﾉﾓ;2;ﾊﾅﾍﾔﾑﾉﾊﾇﾓ ﾌﾁﾊﾅﾄﾏﾍﾉﾁﾓ
123;904104;ﾋﾉﾂﾁﾄﾉﾙﾍ;9041;ﾄﾇﾌﾏﾓ;ﾐﾁﾉﾏﾍﾉﾁﾓ;203;ﾊﾉﾋﾊﾉﾓ;2;ﾊﾅﾍﾔﾑﾉﾊﾇﾓ ﾌﾁﾊﾅﾄﾏﾍﾉﾁﾓ
124;904105;ﾐﾏﾋﾕﾊﾁﾓﾔﾑﾏﾕ;9041;ﾄﾇﾌﾏﾓ;ﾐﾁﾉﾏﾍﾉﾁﾓ;203;ﾊﾉﾋﾊﾉﾓ;2;ﾊﾅﾍﾔﾑﾉﾊﾇﾓ ﾌﾁﾊﾅﾄﾏﾍﾉﾁﾓ
125;904201;ﾁﾑﾉﾄﾁﾉﾁﾓ;9042;ﾄﾇﾌﾏﾓ;ﾁﾋﾌﾙﾐﾉﾁﾓ;204;ﾐﾅﾋﾋﾁﾓ;2;ﾊﾅﾍﾔﾑﾉﾊﾇﾓ ﾌﾁﾊﾅﾄﾏﾍﾉﾁﾓ
126;904202;ﾅﾎﾁﾐﾋﾁﾔﾁﾍﾏﾕ;9042;ﾄﾇﾌﾏﾓ;ﾁﾋﾌﾙﾐﾉﾁﾓ;204;ﾐﾅﾋﾋﾁﾓ;2;ﾊﾅﾍﾔﾑﾉﾊﾇﾓ ﾌﾁﾊﾅﾄﾏﾍﾉﾁﾓ
127;904301;ﾂﾅﾃﾏﾑﾉﾔﾉﾄﾁﾓ;9043;ﾄﾇﾌﾏﾓ;ﾅﾄﾅﾓﾓﾁﾓ;204;ﾐﾅﾋﾋﾁﾓ;2;ﾊﾅﾍﾔﾑﾉﾊﾇﾓ ﾌﾁﾊﾅﾄﾏﾍﾉﾁﾓ
128;904302;ﾅﾄﾅﾓﾓﾁﾓ;9043;ﾄﾇﾌﾏﾓ;ﾅﾄﾅﾓﾓﾁﾓ;204;ﾐﾅﾋﾋﾁﾓ;2;ﾊﾅﾍﾔﾑﾉﾊﾇﾓ ﾌﾁﾊﾅﾄﾏﾍﾉﾁﾓ
129;904401;ﾃﾉﾁﾍﾍﾉﾔﾓﾙﾍ;9044;ﾄﾇﾌﾏﾓ;ﾐﾅﾋﾋﾁﾓ;204;ﾐﾅﾋﾋﾁﾓ;2;ﾊﾅﾍﾔﾑﾉﾊﾇﾓ ﾌﾁﾊﾅﾄﾏﾍﾉﾁﾓ
130;904402;ﾊﾑﾕﾁﾓ ﾂﾑﾕﾓﾇﾓ;9044;ﾄﾇﾌﾏﾓ;ﾐﾅﾋﾋﾁﾓ;204;ﾐﾅﾋﾋﾁﾓ;2;ﾊﾅﾍﾔﾑﾉﾊﾇﾓ ﾌﾁﾊﾅﾄﾏﾍﾉﾁﾓ
131;904403;ﾊﾕﾑﾑﾏﾕ;9044;ﾄﾇﾌﾏﾓ;ﾐﾅﾋﾋﾁﾓ;204;ﾐﾅﾋﾋﾁﾓ;2;ﾊﾅﾍﾔﾑﾉﾊﾇﾓ ﾌﾁﾊﾅﾄﾏﾍﾉﾁﾓ
132;904404;ﾌﾅﾃﾁﾋﾏﾕ ﾁﾋﾅﾎﾁﾍﾄﾑﾏﾕ;9044;ﾄﾇﾌﾏﾓ;ﾐﾅﾋﾋﾁﾓ;204;ﾐﾅﾋﾋﾁﾓ;2;ﾊﾅﾍﾔﾑﾉﾊﾇﾓ ﾌﾁﾊﾅﾄﾏﾍﾉﾁﾓ
133;904405;ﾐﾅﾋﾋﾁﾓ;9044;ﾄﾇﾌﾏﾓ;ﾐﾅﾋﾋﾁﾓ;204;ﾐﾅﾋﾋﾁﾓ;2;ﾊﾅﾍﾔﾑﾉﾊﾇﾓ ﾌﾁﾊﾅﾄﾏﾍﾉﾁﾓ
134;904501;ﾌﾅﾍﾇﾉﾄﾏﾓ;9045;ﾄﾇﾌﾏﾓ;ﾓﾊﾕﾄﾑﾁﾓ;204;ﾐﾅﾋﾋﾁﾓ;2;ﾊﾅﾍﾔﾑﾉﾊﾇﾓ ﾌﾁﾊﾅﾄﾏﾍﾉﾁﾓ
135;904502;ﾓﾊﾕﾄﾑﾁﾓ;9045;ﾄﾇﾌﾏﾓ;ﾓﾊﾕﾄﾑﾁﾓ;204;ﾐﾅﾋﾋﾁﾓ;2;ﾊﾅﾍﾔﾑﾉﾊﾇﾓ ﾌﾁﾊﾅﾄﾏﾍﾉﾁﾓ
136;904601;ﾁﾍﾁﾔﾏﾋﾉﾊﾏﾕ ﾏﾋﾕﾌﾐﾏﾕ;9046;ﾄﾇﾌﾏﾓ;ﾄﾉﾏﾕ-ﾏﾋﾕﾌﾐﾏﾕ;205;ﾐﾉﾅﾑﾉﾁﾓ;2;ﾊﾅﾍﾔﾑﾉﾊﾇﾓ ﾌﾁﾊﾅﾄﾏﾍﾉﾁﾓ
137;904602;ﾄﾉﾏﾕ;9046;ﾄﾇﾌﾏﾓ;ﾄﾉﾏﾕ-ﾏﾋﾕﾌﾐﾏﾕ;205;ﾐﾉﾅﾑﾉﾁﾓ;2;ﾊﾅﾍﾔﾑﾉﾊﾇﾓ ﾌﾁﾊﾅﾄﾏﾍﾉﾁﾓ
138;904603;ﾋﾉﾔﾏﾗﾙﾑﾏﾕ;9046;ﾄﾇﾌﾏﾓ;ﾄﾉﾏﾕ-ﾏﾋﾕﾌﾐﾏﾕ;205;ﾐﾉﾅﾑﾉﾁﾓ;2;ﾊﾅﾍﾔﾑﾉﾊﾇﾓ ﾌﾁﾊﾅﾄﾏﾍﾉﾁﾓ
139;904701;ﾅﾋﾁﾖﾉﾍﾁﾓ;9047;ﾄﾇﾌﾏﾓ;ﾊﾁﾔﾅﾑﾉﾍﾇﾓ;205;ﾐﾉﾅﾑﾉﾁﾓ;2;ﾊﾅﾍﾔﾑﾉﾊﾇﾓ ﾌﾁﾊﾅﾄﾏﾍﾉﾁﾓ
140;904702;ﾊﾁﾔﾅﾑﾉﾍﾇﾓ;9047;ﾄﾇﾌﾏﾓ;ﾊﾁﾔﾅﾑﾉﾍﾇﾓ;205;ﾐﾉﾅﾑﾉﾁﾓ;2;ﾊﾅﾍﾔﾑﾉﾊﾇﾓ ﾌﾁﾊﾅﾄﾏﾍﾉﾁﾓ
141;904703;ﾊﾏﾑﾉﾍﾏﾕ;9047;ﾄﾇﾌﾏﾓ;ﾊﾁﾔﾅﾑﾉﾍﾇﾓ;205;ﾐﾉﾅﾑﾉﾁﾓ;2;ﾊﾅﾍﾔﾑﾉﾊﾇﾓ ﾌﾁﾊﾅﾄﾏﾍﾉﾁﾓ
142;904704;ﾐﾁﾑﾁﾋﾉﾁﾓ;9047;ﾄﾇﾌﾏﾓ;ﾊﾁﾔﾅﾑﾉﾍﾇﾓ;205;ﾐﾉﾅﾑﾉﾁﾓ;2;ﾊﾅﾍﾔﾑﾉﾊﾇﾓ ﾌﾁﾊﾅﾄﾏﾍﾉﾁﾓ
143;904705;ﾐﾅﾔﾑﾁﾓ;9047;ﾄﾇﾌﾏﾓ;ﾊﾁﾔﾅﾑﾉﾍﾇﾓ;205;ﾐﾉﾅﾑﾉﾁﾓ;2;ﾊﾅﾍﾔﾑﾉﾊﾇﾓ ﾌﾁﾊﾅﾄﾏﾍﾉﾁﾓ
144;904706;ﾐﾉﾅﾑﾉﾙﾍ;9047;ﾄﾇﾌﾏﾓ;ﾊﾁﾔﾅﾑﾉﾍﾇﾓ;205;ﾐﾉﾅﾑﾉﾁﾓ;2;ﾊﾅﾍﾔﾑﾉﾊﾇﾓ ﾌﾁﾊﾅﾄﾏﾍﾉﾁﾓ
145;904801;ﾁﾉﾃﾉﾍﾉﾏﾕ;9048;ﾄﾇﾌﾏﾓ;ﾐﾕﾄﾍﾁﾓ-ﾊﾏﾋﾉﾍﾄﾑﾏﾕ;205;ﾐﾉﾅﾑﾉﾁﾓ;2;ﾊﾅﾍﾔﾑﾉﾊﾇﾓ ﾌﾁﾊﾅﾄﾏﾍﾉﾁﾓ
146;904802;ﾊﾏﾋﾉﾍﾄﾑﾏﾕ;9048;ﾄﾇﾌﾏﾓ;ﾐﾕﾄﾍﾁﾓ-ﾊﾏﾋﾉﾍﾄﾑﾏﾕ;205;ﾐﾉﾅﾑﾉﾁﾓ;2;ﾊﾅﾍﾔﾑﾉﾊﾇﾓ ﾌﾁﾊﾅﾄﾏﾍﾉﾁﾓ
147;904803;ﾌﾅﾈﾙﾍﾇﾓ;9048;ﾄﾇﾌﾏﾓ;ﾐﾕﾄﾍﾁﾓ-ﾊﾏﾋﾉﾍﾄﾑﾏﾕ;205;ﾐﾉﾅﾑﾉﾁﾓ;2;ﾊﾅﾍﾔﾑﾉﾊﾇﾓ ﾌﾁﾊﾅﾄﾏﾍﾉﾁﾓ
148;904804;ﾐﾕﾄﾍﾁﾓ;9048;ﾄﾇﾌﾏﾓ;ﾐﾕﾄﾍﾁﾓ-ﾊﾏﾋﾉﾍﾄﾑﾏﾕ;205;ﾐﾉﾅﾑﾉﾁﾓ;2;ﾊﾅﾍﾔﾑﾉﾊﾇﾓ ﾌﾁﾊﾅﾄﾏﾍﾉﾁﾓ
149;904901;ﾁﾌﾖﾉﾐﾏﾋﾇﾓ;9049;ﾄﾇﾌﾏﾓ;ﾁﾌﾖﾉﾐﾏﾋﾇﾓ;206;ﾓﾅﾑﾑﾙﾍ;2;ﾊﾅﾍﾔﾑﾉﾊﾇﾓ ﾌﾁﾊﾅﾄﾏﾍﾉﾁﾓ
150;904902;ﾊﾏﾑﾌﾉﾓﾔﾁﾓ;9049;ﾄﾇﾌﾏﾓ;ﾁﾌﾖﾉﾐﾏﾋﾇﾓ;206;ﾓﾅﾑﾑﾙﾍ;2;ﾊﾅﾍﾔﾑﾉﾊﾇﾓ ﾌﾁﾊﾅﾄﾏﾍﾉﾁﾓ
151;904903;ﾐﾑﾙﾔﾇﾓ;9049;ﾄﾇﾌﾏﾓ;ﾁﾌﾖﾉﾐﾏﾋﾇﾓ;206;ﾓﾅﾑﾑﾙﾍ;2;ﾊﾅﾍﾔﾑﾉﾊﾇﾓ ﾌﾁﾊﾅﾄﾏﾍﾉﾁﾓ
152;904904;ﾑﾏﾄﾏﾋﾉﾂﾏﾕﾓ;9049;ﾄﾇﾌﾏﾓ;ﾁﾌﾖﾉﾐﾏﾋﾇﾓ;206;ﾓﾅﾑﾑﾙﾍ;2;ﾊﾅﾍﾔﾑﾉﾊﾇﾓ ﾌﾁﾊﾅﾄﾏﾍﾉﾁﾓ
153;905001;ﾁﾗﾉﾍﾏﾕ;9050;ﾄﾇﾌﾏﾓ;ﾂﾉﾓﾁﾋﾔﾉﾁﾓ;206;ﾓﾅﾑﾑﾙﾍ;2;ﾊﾅﾍﾔﾑﾉﾊﾇﾓ ﾌﾁﾊﾅﾄﾏﾍﾉﾁﾓ
154;905002;ﾂﾉﾓﾁﾋﾔﾉﾁﾓ;9050;ﾄﾇﾌﾏﾓ;ﾂﾉﾓﾁﾋﾔﾉﾁﾓ;206;ﾓﾅﾑﾑﾙﾍ;2;ﾊﾅﾍﾔﾑﾉﾊﾇﾓ ﾌﾁﾊﾅﾄﾏﾍﾉﾁﾓ
155;905003;ﾍﾉﾃﾑﾉﾔﾇﾓ;9050;ﾄﾇﾌﾏﾓ;ﾂﾉﾓﾁﾋﾔﾉﾁﾓ;206;ﾓﾅﾑﾑﾙﾍ;2;ﾊﾅﾍﾔﾑﾉﾊﾇﾓ ﾌﾁﾊﾅﾄﾏﾍﾉﾁﾓ
156;905004;ﾔﾑﾁﾃﾉﾋﾏﾕ;9050;ﾄﾇﾌﾏﾓ;ﾂﾉﾓﾁﾋﾔﾉﾁﾓ;206;ﾓﾅﾑﾑﾙﾍ;2;ﾊﾅﾍﾔﾑﾉﾊﾇﾓ ﾌﾁﾊﾅﾄﾏﾍﾉﾁﾓ
157;905101;ﾅﾌﾌﾁﾍﾏﾕﾇﾋ ﾐﾁﾐﾐﾁ;9051;ﾄﾇﾌﾏﾓ;ﾅﾌﾌﾁﾍﾏﾕﾇﾋ ﾐﾁﾐﾐﾁ;206;ﾓﾅﾑﾑﾙﾍ;2;ﾊﾅﾍﾔﾑﾉﾊﾇﾓ ﾌﾁﾊﾅﾄﾏﾍﾉﾁﾓ
158;905102;ﾓﾔﾑﾕﾌﾙﾍﾁ;9051;ﾄﾇﾌﾏﾓ;ﾅﾌﾌﾁﾍﾏﾕﾇﾋ ﾐﾁﾐﾐﾁ;206;ﾓﾅﾑﾑﾙﾍ;2;ﾊﾅﾍﾔﾑﾉﾊﾇﾓ ﾌﾁﾊﾅﾄﾏﾍﾉﾁﾓ
159;905201;ﾇﾑﾁﾊﾋﾅﾉﾁﾓ;9052;ﾄﾇﾌﾏﾓ;ﾇﾑﾁﾊﾋﾅﾉﾁﾓ;206;ﾓﾅﾑﾑﾙﾍ;2;ﾊﾅﾍﾔﾑﾉﾊﾇﾓ ﾌﾁﾊﾅﾄﾏﾍﾉﾁﾓ
160;905202;ﾓﾊﾏﾔﾏﾕﾓﾓﾇﾓ;9052;ﾄﾇﾌﾏﾓ;ﾇﾑﾁﾊﾋﾅﾉﾁﾓ;206;ﾓﾅﾑﾑﾙﾍ;2;ﾊﾅﾍﾔﾑﾉﾊﾇﾓ ﾌﾁﾊﾅﾄﾏﾍﾉﾁﾓ
161;905203;ﾓﾔﾑﾕﾌﾏﾍﾉﾊﾏﾕ;9052;ﾄﾇﾌﾏﾓ;ﾇﾑﾁﾊﾋﾅﾉﾁﾓ;206;ﾓﾅﾑﾑﾙﾍ;2;ﾊﾅﾍﾔﾑﾉﾊﾇﾓ ﾌﾁﾊﾅﾄﾏﾍﾉﾁﾓ
162;905301;ﾁﾋﾉﾓﾔﾑﾁﾔﾇﾓ;9053;ﾄﾇﾌﾏﾓ;ﾍﾅﾁﾓ ﾆﾉﾗﾍﾇﾓ;206;ﾓﾅﾑﾑﾙﾍ;2;ﾊﾅﾍﾔﾑﾉﾊﾇﾓ ﾌﾁﾊﾅﾄﾏﾍﾉﾁﾓ
163;905302;ﾍﾅﾁﾓ ﾆﾉﾗﾍﾇﾓ;9053;ﾄﾇﾌﾏﾓ;ﾍﾅﾁﾓ ﾆﾉﾗﾍﾇﾓ;206;ﾓﾅﾑﾑﾙﾍ;2;ﾊﾅﾍﾔﾑﾉﾊﾇﾓ ﾌﾁﾊﾅﾄﾏﾍﾉﾁﾓ
164;905401;ﾁﾍﾙ ﾂﾑﾏﾍﾔﾏﾕﾓ;9054;ﾄﾇﾌﾏﾓ;ﾓﾅﾑﾑﾙﾍ;206;ﾓﾅﾑﾑﾙﾍ;2;ﾊﾅﾍﾔﾑﾉﾊﾇﾓ ﾌﾁﾊﾅﾄﾏﾍﾉﾁﾓ
165;905402;ﾊﾁﾐﾅﾔﾁﾍ  ﾌﾇﾔﾑﾏﾕﾓﾉﾏﾕ;9054;ﾄﾇﾌﾏﾓ;ﾓﾅﾑﾑﾙﾍ;206;ﾓﾅﾑﾑﾙﾍ;2;ﾊﾅﾍﾔﾑﾉﾊﾇﾓ ﾌﾁﾊﾅﾄﾏﾍﾉﾁﾓ
166;905403;ﾋﾅﾕﾊﾙﾍﾁ;9054;ﾄﾇﾌﾏﾓ;ﾓﾅﾑﾑﾙﾍ;206;ﾓﾅﾑﾑﾙﾍ;2;ﾊﾅﾍﾔﾑﾉﾊﾇﾓ ﾌﾁﾊﾅﾄﾏﾍﾉﾁﾓ
167;905404;ﾏﾑﾅﾉﾍﾇﾓ;9054;ﾄﾇﾌﾏﾓ;ﾓﾅﾑﾑﾙﾍ;206;ﾓﾅﾑﾑﾙﾍ;2;ﾊﾅﾍﾔﾑﾉﾊﾇﾓ ﾌﾁﾊﾅﾄﾏﾍﾉﾁﾓ
168;905405;ﾓﾅﾑﾑﾙﾍ;9054;ﾄﾇﾌﾏﾓ;ﾓﾅﾑﾑﾙﾍ;206;ﾓﾅﾑﾑﾙﾍ;2;ﾊﾅﾍﾔﾑﾉﾊﾇﾓ ﾌﾁﾊﾅﾄﾏﾍﾉﾁﾓ
169;905406;ﾓﾊﾏﾕﾔﾁﾑﾅﾙﾓ;9054;ﾄﾇﾌﾏﾓ;ﾓﾅﾑﾑﾙﾍ;206;ﾓﾅﾑﾑﾙﾍ;2;ﾊﾅﾍﾔﾑﾉﾊﾇﾓ ﾌﾁﾊﾅﾄﾏﾍﾉﾁﾓ
170;905501;ﾁﾃﾊﾉﾓﾔﾑﾏﾕ;9055;ﾄﾇﾌﾏﾓ;ﾓﾉﾍﾔﾉﾊﾇﾓ;206;ﾓﾅﾑﾑﾙﾍ;2;ﾊﾅﾍﾔﾑﾉﾊﾇﾓ ﾌﾁﾊﾅﾄﾏﾍﾉﾁﾓ
171;905502;ﾁﾗﾋﾁﾄﾏﾗﾙﾑﾉﾏﾕ;9055;ﾄﾇﾌﾏﾓ;ﾓﾉﾍﾔﾉﾊﾇﾓ;206;ﾓﾅﾑﾑﾙﾍ;2;ﾊﾅﾍﾔﾑﾉﾊﾇﾓ ﾌﾁﾊﾅﾄﾏﾍﾉﾁﾓ
172;905503;ﾊﾅﾑﾊﾉﾍﾇﾓ;9055;ﾄﾇﾌﾏﾓ;ﾓﾉﾍﾔﾉﾊﾇﾓ;206;ﾓﾅﾑﾑﾙﾍ;2;ﾊﾅﾍﾔﾑﾉﾊﾇﾓ ﾌﾁﾊﾅﾄﾏﾍﾉﾁﾓ
173;905504;ﾐﾅﾔﾑﾉﾔﾓﾉﾏﾕ;9055;ﾄﾇﾌﾏﾓ;ﾓﾉﾍﾔﾉﾊﾇﾓ;206;ﾓﾅﾑﾑﾙﾍ;2;ﾊﾅﾍﾔﾑﾉﾊﾇﾓ ﾌﾁﾊﾅﾄﾏﾍﾉﾁﾓ
174;905505;ﾐﾑﾏﾌﾁﾗﾙﾍﾏﾓ;9055;ﾄﾇﾌﾏﾓ;ﾓﾉﾍﾔﾉﾊﾇﾓ;206;ﾓﾅﾑﾑﾙﾍ;2;ﾊﾅﾍﾔﾑﾉﾊﾇﾓ ﾌﾁﾊﾅﾄﾏﾍﾉﾁﾓ
175;905506;ﾓﾉﾄﾇﾑﾏﾊﾁﾓﾔﾑﾏﾕ;9055;ﾄﾇﾌﾏﾓ;ﾓﾉﾍﾔﾉﾊﾇﾓ;206;ﾓﾅﾑﾑﾙﾍ;2;ﾊﾅﾍﾔﾑﾉﾊﾇﾓ ﾌﾁﾊﾅﾄﾏﾍﾉﾁﾓ
176;905601;ﾁﾑﾍﾁﾉﾁﾓ;9056;ﾄﾇﾌﾏﾓ;ﾁﾑﾉﾓﾔﾏﾔﾅﾋﾇ;207;ﾗﾁﾋﾊﾉﾄﾉﾊﾇﾓ;2;ﾊﾅﾍﾔﾑﾉﾊﾇﾓ ﾌﾁﾊﾅﾄﾏﾍﾉﾁﾓ
177;905602;ﾐﾁﾍﾁﾃﾉﾁﾓ;9056;ﾄﾇﾌﾏﾓ;ﾁﾑﾉﾓﾔﾏﾔﾅﾋﾇ;207;ﾗﾁﾋﾊﾉﾄﾉﾊﾇﾓ;2;ﾊﾅﾍﾔﾑﾉﾊﾇﾓ ﾌﾁﾊﾅﾄﾏﾍﾉﾁﾓ
178;905603;ﾓﾔﾁﾃﾅﾉﾑﾙﾍ-ﾁﾊﾁﾍﾈﾏﾕ;9056;ﾄﾇﾌﾏﾓ;ﾁﾑﾉﾓﾔﾏﾔﾅﾋﾇ;207;ﾗﾁﾋﾊﾉﾄﾉﾊﾇﾓ;2;ﾊﾅﾍﾔﾑﾉﾊﾇﾓ ﾌﾁﾊﾅﾄﾏﾍﾉﾁﾓ
179;905701;ﾊﾁﾓﾓﾁﾍﾄﾑﾁﾓ;9057;ﾄﾇﾌﾏﾓ;ﾊﾁﾓﾓﾁﾍﾄﾑﾁﾓ;207;ﾗﾁﾋﾊﾉﾄﾉﾊﾇﾓ;2;ﾊﾅﾍﾔﾑﾉﾊﾇﾓ ﾌﾁﾊﾅﾄﾏﾍﾉﾁﾓ
180;905702;ﾐﾁﾋﾋﾇﾍﾇﾓ;9057;ﾄﾇﾌﾏﾓ;ﾊﾁﾓﾓﾁﾍﾄﾑﾁﾓ;207;ﾗﾁﾋﾊﾉﾄﾉﾊﾇﾓ;2;ﾊﾅﾍﾔﾑﾉﾊﾇﾓ ﾌﾁﾊﾅﾄﾏﾍﾉﾁﾓ
181;905801;ﾊﾁﾋﾋﾉﾊﾑﾁﾔﾅﾉﾁﾓ;9058;ﾄﾇﾌﾏﾓ;ﾍﾅﾁﾓ ﾐﾑﾏﾐﾏﾍﾔﾉﾄﾁﾓ;207;ﾗﾁﾋﾊﾉﾄﾉﾊﾇﾓ;2;ﾊﾅﾍﾔﾑﾉﾊﾇﾓ ﾌﾁﾊﾅﾄﾏﾍﾉﾁﾓ
182;905802;ﾌﾏﾕﾄﾁﾍﾉﾙﾍ;9058;ﾄﾇﾌﾏﾓ;ﾍﾅﾁﾓ ﾐﾑﾏﾐﾏﾍﾔﾉﾄﾁﾓ;207;ﾗﾁﾋﾊﾉﾄﾉﾊﾇﾓ;2;ﾊﾅﾍﾔﾑﾉﾊﾇﾓ ﾌﾁﾊﾅﾄﾏﾍﾉﾁﾓ
183;905803;ﾔﾑﾉﾃﾋﾉﾁﾓ;9058;ﾄﾇﾌﾏﾓ;ﾍﾅﾁﾓ ﾐﾑﾏﾐﾏﾍﾔﾉﾄﾁﾓ;207;ﾗﾁﾋﾊﾉﾄﾉﾊﾇﾓ;2;ﾊﾅﾍﾔﾑﾉﾊﾇﾓ ﾌﾁﾊﾅﾄﾏﾍﾉﾁﾓ
184;905901;ﾁﾍﾈﾅﾌﾏﾕﾍﾔﾁ;9059;ﾄﾇﾌﾏﾓ;ﾐﾏﾋﾕﾃﾕﾑﾏﾕ;207;ﾗﾁﾋﾊﾉﾄﾉﾊﾇﾓ;2;ﾊﾅﾍﾔﾑﾉﾊﾇﾓ ﾌﾁﾊﾅﾄﾏﾍﾉﾁﾓ
185;905902;ﾆﾅﾑﾂﾏﾗﾙﾑﾉﾙﾍ;9059;ﾄﾇﾌﾏﾓ;ﾐﾏﾋﾕﾃﾕﾑﾏﾕ;207;ﾗﾁﾋﾊﾉﾄﾉﾊﾇﾓ;2;ﾊﾅﾍﾔﾑﾉﾊﾇﾓ ﾌﾁﾊﾅﾄﾏﾍﾉﾁﾓ
186;905903;ﾏﾑﾌﾕﾋﾉﾁﾓ;9059;ﾄﾇﾌﾏﾓ;ﾐﾏﾋﾕﾃﾕﾑﾏﾕ;207;ﾗﾁﾋﾊﾉﾄﾉﾊﾇﾓ;2;ﾊﾅﾍﾔﾑﾉﾊﾇﾓ ﾌﾁﾊﾅﾄﾏﾍﾉﾁﾓ
187;905904;ﾐﾏﾋﾕﾃﾕﾑﾏﾕ;9059;ﾄﾇﾌﾏﾓ;ﾐﾏﾋﾕﾃﾕﾑﾏﾕ;207;ﾗﾁﾋﾊﾉﾄﾉﾊﾇﾓ;2;ﾊﾅﾍﾔﾑﾉﾊﾇﾓ ﾌﾁﾊﾅﾄﾏﾍﾉﾁﾓ
188;906001;ﾓﾉﾈﾙﾍﾉﾁﾓ;9060;ﾄﾇﾌﾏﾓ;ﾓﾉﾈﾙﾍﾉﾁﾓ;207;ﾗﾁﾋﾊﾉﾄﾉﾊﾇﾓ;2;ﾊﾅﾍﾔﾑﾉﾊﾇﾓ ﾌﾁﾊﾅﾄﾏﾍﾉﾁﾓ
189;906002;ﾔﾏﾑﾙﾍﾇﾓ;9060;ﾄﾇﾌﾏﾓ;ﾓﾉﾈﾙﾍﾉﾁﾓ;207;ﾗﾁﾋﾊﾉﾄﾉﾊﾇﾓ;2;ﾊﾅﾍﾔﾑﾉﾊﾇﾓ ﾌﾁﾊﾅﾄﾏﾍﾉﾁﾓ
190;906101;ﾁﾂﾄﾅﾋﾋﾁﾓ;9061;ﾄﾇﾌﾏﾓ;ﾃﾑﾅﾂﾅﾍﾙﾍ;301;ﾃﾑﾅﾂﾅﾍﾙﾍ;3;ﾄﾕﾔﾉﾊﾇﾓ ﾌﾁﾊﾅﾄﾏﾍﾉﾁﾓ
191;906102;ﾁﾃﾉﾏﾕ ﾊﾏﾓﾌﾁ;9061;ﾄﾇﾌﾏﾓ;ﾃﾑﾅﾂﾅﾍﾙﾍ;301;ﾃﾑﾅﾂﾅﾍﾙﾍ;3;ﾄﾕﾔﾉﾊﾇﾓ ﾌﾁﾊﾅﾄﾏﾍﾉﾁﾓ
192;906103;ﾂﾅﾍﾔﾆﾉﾏﾕ;9061;ﾄﾇﾌﾏﾓ;ﾃﾑﾅﾂﾅﾍﾙﾍ;301;ﾃﾑﾅﾂﾅﾍﾙﾍ;3;ﾄﾕﾔﾉﾊﾇﾓ ﾌﾁﾊﾅﾄﾏﾍﾉﾁﾓ
193;906104;ﾃﾏﾑﾃﾉﾁﾍﾇﾓ;9061;ﾄﾇﾌﾏﾓ;ﾃﾑﾅﾂﾅﾍﾙﾍ;301;ﾃﾑﾅﾂﾅﾍﾙﾍ;3;ﾄﾕﾔﾉﾊﾇﾓ ﾌﾁﾊﾅﾄﾏﾍﾉﾁﾓ
194;906105;ﾃﾑﾅﾂﾅﾍﾙﾍ;9061;ﾄﾇﾌﾏﾓ;ﾃﾑﾅﾂﾅﾍﾙﾍ;301;ﾃﾑﾅﾂﾅﾍﾙﾍ;3;ﾄﾕﾔﾉﾊﾇﾓ ﾌﾁﾊﾅﾄﾏﾍﾉﾁﾓ
195;906106;ﾄﾏﾔﾓﾉﾊﾏﾕ;9061;ﾄﾇﾌﾏﾓ;ﾃﾑﾅﾂﾅﾍﾙﾍ;301;ﾃﾑﾅﾂﾅﾍﾙﾍ;3;ﾄﾕﾔﾉﾊﾇﾓ ﾌﾁﾊﾅﾄﾏﾍﾉﾁﾓ
196;906107;ﾇﾑﾁﾊﾋﾅﾙﾔﾙﾍ;9061;ﾄﾇﾌﾏﾓ;ﾃﾑﾅﾂﾅﾍﾙﾍ;301;ﾃﾑﾅﾂﾅﾍﾙﾍ;3;ﾄﾕﾔﾉﾊﾇﾓ ﾌﾁﾊﾅﾄﾏﾍﾉﾁﾓ
197;906108;ﾈﾅﾏﾄﾙﾑﾏﾕ ﾆﾉﾁﾊﾁ;9061;ﾄﾇﾌﾏﾓ;ﾃﾑﾅﾂﾅﾍﾙﾍ;301;ﾃﾑﾅﾂﾅﾍﾙﾍ;3;ﾄﾕﾔﾉﾊﾇﾓ ﾌﾁﾊﾅﾄﾏﾍﾉﾁﾓ
198;906109;ﾌﾅﾓﾏﾋﾏﾕﾑﾉﾏﾕ;9061;ﾄﾇﾌﾏﾓ;ﾃﾑﾅﾂﾅﾍﾙﾍ;301;ﾃﾑﾅﾂﾅﾍﾙﾍ;3;ﾄﾕﾔﾉﾊﾇﾓ ﾌﾁﾊﾅﾄﾏﾍﾉﾁﾓ
199;906110;ﾐﾅﾑﾉﾂﾏﾋﾉﾏﾕ;9061;ﾄﾇﾌﾏﾓ;ﾃﾑﾅﾂﾅﾍﾙﾍ;301;ﾃﾑﾅﾂﾅﾍﾙﾍ;3;ﾄﾕﾔﾉﾊﾇﾓ ﾌﾁﾊﾅﾄﾏﾍﾉﾁﾓ
200;906111;ﾓﾁﾌﾁﾑﾉﾍﾁﾓ;9061;ﾄﾇﾌﾏﾓ;ﾃﾑﾅﾂﾅﾍﾙﾍ;301;ﾃﾑﾅﾂﾅﾍﾙﾍ;3;ﾄﾕﾔﾉﾊﾇﾓ ﾌﾁﾊﾅﾄﾏﾍﾉﾁﾓ
201;906112;ﾓﾌﾉﾎﾇﾓ;9061;ﾄﾇﾌﾏﾓ;ﾃﾑﾅﾂﾅﾍﾙﾍ;301;ﾃﾑﾅﾂﾅﾍﾙﾍ;3;ﾄﾕﾔﾉﾊﾇﾓ ﾌﾁﾊﾅﾄﾏﾍﾉﾁﾓ
202;906113;ﾖﾉﾋﾉﾐﾐﾁﾉﾙﾍ;9061;ﾄﾇﾌﾏﾓ;ﾃﾑﾅﾂﾅﾍﾙﾍ;301;ﾃﾑﾅﾂﾅﾍﾙﾍ;3;ﾄﾕﾔﾉﾊﾇﾓ ﾌﾁﾊﾅﾄﾏﾍﾉﾁﾓ
203;906201;ﾄﾅﾓﾊﾁﾔﾇﾓ;9062;ﾄﾇﾌﾏﾓ;ﾄﾅﾓﾊﾁﾔﾇﾓ;301;ﾃﾑﾅﾂﾅﾍﾙﾍ;3;ﾄﾕﾔﾉﾊﾇﾓ ﾌﾁﾊﾅﾄﾏﾍﾉﾁﾓ
204;906202;ﾗﾁﾓﾉﾙﾍ;9062;ﾄﾇﾌﾏﾓ;ﾄﾅﾓﾊﾁﾔﾇﾓ;301;ﾃﾑﾅﾂﾅﾍﾙﾍ;3;ﾄﾕﾔﾉﾊﾇﾓ ﾌﾁﾊﾅﾄﾏﾍﾉﾁﾓ
205;906301;ﾁﾃﾉﾁﾓ ﾔﾑﾉﾁﾄﾏﾓ;9063;ﾄﾇﾌﾏﾓ;ﾊﾁﾓﾔﾏﾑﾉﾁﾓ;302;ﾊﾁﾓﾔﾏﾑﾉﾁﾓ;3;ﾄﾕﾔﾉﾊﾇﾓ ﾌﾁﾊﾅﾄﾏﾍﾉﾁﾓ
206;906302;ﾁﾃﾉﾙﾍ ﾁﾍﾁﾑﾃﾕﾑﾙﾍ;9063;ﾄﾇﾌﾏﾓ;ﾊﾁﾓﾔﾏﾑﾉﾁﾓ;302;ﾊﾁﾓﾔﾏﾑﾉﾁﾓ;3;ﾄﾕﾔﾉﾊﾇﾓ ﾌﾁﾊﾅﾄﾏﾍﾉﾁﾓ
207;906303;ﾂﾉﾔﾓﾉﾏﾕ;9063;ﾄﾇﾌﾏﾓ;ﾊﾁﾓﾔﾏﾑﾉﾁﾓ;302;ﾊﾁﾓﾔﾏﾑﾉﾁﾓ;3;ﾄﾕﾔﾉﾊﾇﾓ ﾌﾁﾊﾅﾄﾏﾍﾉﾁﾓ
208;906304;ﾊﾁﾓﾔﾏﾑﾉﾁﾓ;9063;ﾄﾇﾌﾏﾓ;ﾊﾁﾓﾔﾏﾑﾉﾁﾓ;302;ﾊﾁﾓﾔﾏﾑﾉﾁﾓ;3;ﾄﾕﾔﾉﾊﾇﾓ ﾌﾁﾊﾅﾄﾏﾍﾉﾁﾓ
209;906305;ﾊﾁﾓﾔﾑﾁﾊﾉﾏﾕ;9063;ﾄﾇﾌﾏﾓ;ﾊﾁﾓﾔﾏﾑﾉﾁﾓ;302;ﾊﾁﾓﾔﾏﾑﾉﾁﾓ;3;ﾄﾕﾔﾉﾊﾇﾓ ﾌﾁﾊﾅﾄﾏﾍﾉﾁﾓ
210;906306;ﾊﾋﾅﾉﾓﾏﾕﾑﾁﾓ;9063;ﾄﾇﾌﾏﾓ;ﾊﾁﾓﾔﾏﾑﾉﾁﾓ;302;ﾊﾁﾓﾔﾏﾑﾉﾁﾓ;3;ﾄﾕﾔﾉﾊﾇﾓ ﾌﾁﾊﾅﾄﾏﾍﾉﾁﾓ
211;906307;ﾊﾏﾑﾅﾓﾔﾉﾙﾍ;9063;ﾄﾇﾌﾏﾓ;ﾊﾁﾓﾔﾏﾑﾉﾁﾓ;302;ﾊﾁﾓﾔﾏﾑﾉﾁﾓ;3;ﾄﾕﾔﾉﾊﾇﾓ ﾌﾁﾊﾅﾄﾏﾍﾉﾁﾓ
212;906308;ﾌﾁﾊﾅﾄﾍﾙﾍ;9063;ﾄﾇﾌﾏﾓ;ﾊﾁﾓﾔﾏﾑﾉﾁﾓ;302;ﾊﾁﾓﾔﾏﾑﾉﾁﾓ;3;ﾄﾕﾔﾉﾊﾇﾓ ﾌﾁﾊﾅﾄﾏﾍﾉﾁﾓ
213;906309;ﾌﾅﾓﾏﾐﾏﾔﾁﾌﾉﾁﾓ;9063;ﾄﾇﾌﾏﾓ;ﾊﾁﾓﾔﾏﾑﾉﾁﾓ;302;ﾊﾁﾓﾔﾏﾑﾉﾁﾓ;3;ﾄﾕﾔﾉﾊﾇﾓ ﾌﾁﾊﾅﾄﾏﾍﾉﾁﾓ
214;906401;ﾁﾊﾑﾉﾔﾙﾍ;9064;ﾄﾇﾌﾏﾓ;ﾍﾅﾓﾔﾏﾑﾉﾏﾕ;302;ﾊﾁﾓﾔﾏﾑﾉﾁﾓ;3;ﾄﾕﾔﾉﾊﾇﾓ ﾌﾁﾊﾅﾄﾏﾍﾉﾁﾓ
215;906402;ﾁﾑﾑﾅﾍﾙﾍ;9064;ﾄﾇﾌﾏﾓ;ﾍﾅﾓﾔﾏﾑﾉﾏﾕ;302;ﾊﾁﾓﾔﾏﾑﾉﾁﾓ;3;ﾄﾕﾔﾉﾊﾇﾓ ﾌﾁﾊﾅﾄﾏﾍﾉﾁﾓ
216;906403;ﾃﾑﾁﾌﾏﾕ;9064;ﾄﾇﾌﾏﾓ;ﾍﾅﾓﾔﾏﾑﾉﾏﾕ;302;ﾊﾁﾓﾔﾏﾑﾉﾁﾓ;3;ﾄﾕﾔﾉﾊﾇﾓ ﾌﾁﾊﾅﾄﾏﾍﾉﾁﾓ
217;906404;ﾍﾅﾓﾔﾏﾑﾉﾏﾕ;9064;ﾄﾇﾌﾏﾓ;ﾍﾅﾓﾔﾏﾑﾉﾏﾕ;302;ﾊﾁﾓﾔﾏﾑﾉﾁﾓ;3;ﾄﾕﾔﾉﾊﾇﾓ ﾌﾁﾊﾅﾄﾏﾍﾉﾁﾓ
218;906501;ﾁﾑﾃﾏﾕﾓ ﾏﾑﾅﾓﾔﾉﾊﾏﾕ;9065;ﾄﾇﾌﾏﾓ;ﾏﾑﾅﾓﾔﾉﾄﾏﾓ;302;ﾊﾁﾓﾔﾏﾑﾉﾁﾓ;3;ﾄﾕﾔﾉﾊﾇﾓ ﾌﾁﾊﾅﾄﾏﾍﾉﾁﾓ
219;906502;ﾉﾙﾍﾏﾓ ﾄﾑﾁﾃﾏﾕﾌﾇ;9065;ﾄﾇﾌﾏﾓ;ﾏﾑﾅﾓﾔﾉﾄﾏﾓ;302;ﾊﾁﾓﾔﾏﾑﾉﾁﾓ;3;ﾄﾕﾔﾉﾊﾇﾓ ﾌﾁﾊﾅﾄﾏﾍﾉﾁﾓ
220;906601;ﾁﾓﾊﾉﾏﾕ;9066;ﾄﾇﾌﾏﾓ;ﾂﾏﾚﾏﾕ;303;ﾊﾏﾆﾁﾍﾇﾓ;3;ﾄﾕﾔﾉﾊﾇﾓ ﾌﾁﾊﾅﾄﾏﾍﾉﾁﾓ
221;906602;ﾍﾅﾁﾐﾏﾋﾇﾓ;9066;ﾄﾇﾌﾏﾓ;ﾂﾏﾚﾏﾕ;303;ﾊﾏﾆﾁﾍﾇﾓ;3;ﾄﾕﾔﾉﾊﾇﾓ ﾌﾁﾊﾅﾄﾏﾍﾉﾁﾓ
222;906603;ﾐﾅﾍﾔﾁﾋﾏﾖﾏﾕ;9066;ﾄﾇﾌﾏﾓ;ﾂﾏﾚﾏﾕ;303;ﾊﾏﾆﾁﾍﾇﾓ;3;ﾄﾕﾔﾉﾊﾇﾓ ﾌﾁﾊﾅﾄﾏﾍﾉﾁﾓ
223;906604;ﾓﾉﾁﾔﾉﾓﾔﾁﾓ;9066;ﾄﾇﾌﾏﾓ;ﾂﾏﾚﾏﾕ;303;ﾊﾏﾆﾁﾍﾇﾓ;3;ﾄﾕﾔﾉﾊﾇﾓ ﾌﾁﾊﾅﾄﾏﾍﾉﾁﾓ
224;906605;ﾔﾓﾏﾔﾕﾋﾉﾏﾕ;9066;ﾄﾇﾌﾏﾓ;ﾂﾏﾚﾏﾕ;303;ﾊﾏﾆﾁﾍﾇﾓ;3;ﾄﾕﾔﾉﾊﾇﾓ ﾌﾁﾊﾅﾄﾏﾍﾉﾁﾓ
225;906701;ﾁﾃﾉﾁﾓ ﾐﾁﾑﾁﾓﾊﾅﾕﾇﾓ;9067;ﾄﾇﾌﾏﾓ;ﾅﾏﾑﾄﾁﾉﾁﾓ;303;ﾊﾏﾆﾁﾍﾇﾓ;3;ﾄﾕﾔﾉﾊﾇﾓ ﾌﾁﾊﾅﾄﾏﾍﾉﾁﾓ
226;906702;ﾂﾅﾑﾌﾉﾏﾕ;9067;ﾄﾇﾌﾏﾓ;ﾅﾏﾑﾄﾁﾉﾁﾓ;303;ﾊﾏﾆﾁﾍﾇﾓ;3;ﾄﾕﾔﾉﾊﾇﾓ ﾌﾁﾊﾅﾄﾏﾍﾉﾁﾓ
227;906703;ﾂﾋﾁﾓﾔﾇﾓ;9067;ﾄﾇﾌﾏﾓ;ﾅﾏﾑﾄﾁﾉﾁﾓ;303;ﾊﾏﾆﾁﾍﾇﾓ;3;ﾄﾕﾔﾉﾊﾇﾓ ﾌﾁﾊﾅﾄﾏﾍﾉﾁﾓ
228;906704;ﾌﾏﾕﾑﾉﾊﾉﾏﾕ;9067;ﾄﾇﾌﾏﾓ;ﾅﾏﾑﾄﾁﾉﾁﾓ;303;ﾊﾏﾆﾁﾍﾇﾓ;3;ﾄﾕﾔﾉﾊﾇﾓ ﾌﾁﾊﾅﾄﾏﾍﾉﾁﾓ
229;906705;ﾐﾔﾏﾋﾅﾌﾁﾚﾄﾁﾓ;9067;ﾄﾇﾌﾏﾓ;ﾅﾏﾑﾄﾁﾉﾁﾓ;303;ﾊﾏﾆﾁﾍﾇﾓ;3;ﾄﾕﾔﾉﾊﾇﾓ ﾌﾁﾊﾅﾄﾏﾍﾉﾁﾓ
230;906801;ﾁﾉﾁﾍﾇﾓ;9068;ﾄﾇﾌﾏﾓ;ﾊﾏﾆﾁﾍﾇﾓ;303;ﾊﾏﾆﾁﾍﾇﾓ;3;ﾄﾕﾔﾉﾊﾇﾓ ﾌﾁﾊﾅﾄﾏﾍﾉﾁﾓ
231;906802;ﾄﾇﾌﾇﾔﾑﾉﾏﾕ ﾕﾘﾇﾋﾁﾍﾔﾇ;9068;ﾄﾇﾌﾏﾓ;ﾊﾏﾆﾁﾍﾇﾓ;303;ﾊﾏﾆﾁﾍﾇﾓ;3;ﾄﾕﾔﾉﾊﾇﾓ ﾌﾁﾊﾅﾄﾏﾍﾉﾁﾓ
232;906803;ﾅﾋﾉﾌﾅﾉﾁﾓ;9068;ﾄﾇﾌﾏﾓ;ﾊﾏﾆﾁﾍﾇﾓ;303;ﾊﾏﾆﾁﾍﾇﾓ;3;ﾄﾕﾔﾉﾊﾇﾓ ﾌﾁﾊﾅﾄﾏﾍﾉﾁﾓ
233;906804;ﾅﾋﾋﾇﾓﾐﾏﾍﾔﾏﾕ;9068;ﾄﾇﾌﾏﾓ;ﾊﾏﾆﾁﾍﾇﾓ;303;ﾊﾏﾆﾁﾍﾇﾓ;3;ﾄﾕﾔﾉﾊﾇﾓ ﾌﾁﾊﾅﾄﾏﾍﾉﾁﾓ
234;906805;ﾊﾏﾆﾁﾍﾇﾓ;9068;ﾄﾇﾌﾏﾓ;ﾊﾏﾆﾁﾍﾇﾓ;303;ﾊﾏﾆﾁﾍﾇﾓ;3;ﾄﾕﾔﾉﾊﾇﾓ ﾌﾁﾊﾅﾄﾏﾍﾉﾁﾓ
235;906901;ﾂﾅﾋﾂﾅﾍﾔﾏﾕ;9069;ﾄﾇﾌﾏﾓ;ﾓﾅﾑﾂﾉﾙﾍ-ﾂﾅﾋﾂﾅﾍﾔﾏﾕ;303;ﾊﾏﾆﾁﾍﾇﾓ;3;ﾄﾕﾔﾉﾊﾇﾓ ﾌﾁﾊﾅﾄﾏﾍﾉﾁﾓ
236;906902;ﾊﾁﾌﾂﾏﾕﾍﾉﾙﾍ;9069;ﾄﾇﾌﾏﾓ;ﾓﾅﾑﾂﾉﾙﾍ-ﾂﾅﾋﾂﾅﾍﾔﾏﾕ;303;ﾊﾏﾆﾁﾍﾇﾓ;3;ﾄﾕﾔﾉﾊﾇﾓ ﾌﾁﾊﾅﾄﾏﾍﾉﾁﾓ
237;906903;ﾋﾉﾂﾁﾄﾅﾑﾏﾕ;9069;ﾄﾇﾌﾏﾓ;ﾓﾅﾑﾂﾉﾙﾍ-ﾂﾅﾋﾂﾅﾍﾔﾏﾕ;303;ﾊﾏﾆﾁﾍﾇﾓ;3;ﾄﾕﾔﾉﾊﾇﾓ ﾌﾁﾊﾅﾄﾏﾍﾉﾁﾓ
238;906904;ﾓﾅﾑﾂﾉﾙﾍ;9069;ﾄﾇﾌﾏﾓ;ﾓﾅﾑﾂﾉﾙﾍ-ﾂﾅﾋﾂﾅﾍﾔﾏﾕ;303;ﾊﾏﾆﾁﾍﾇﾓ;3;ﾄﾕﾔﾉﾊﾇﾓ ﾌﾁﾊﾅﾄﾏﾍﾉﾁﾓ
239;907001;ﾁﾅﾔﾏﾕ;9070;ﾄﾇﾌﾏﾓ;ﾁﾌﾕﾍﾔﾁﾉﾏﾕ;304;ﾖﾋﾙﾑﾉﾍﾁﾓ;3;ﾄﾕﾔﾉﾊﾇﾓ ﾌﾁﾊﾅﾄﾏﾍﾉﾁﾓ
240;907002;ﾁﾌﾕﾍﾔﾁﾉﾏﾕ;9070;ﾄﾇﾌﾏﾓ;ﾁﾌﾕﾍﾔﾁﾉﾏﾕ;304;ﾖﾋﾙﾑﾉﾍﾁﾓ;3;ﾄﾕﾔﾉﾊﾇﾓ ﾌﾁﾊﾅﾄﾏﾍﾉﾁﾓ
241;907003;ﾂﾁﾑﾉﾊﾏﾕ;9070;ﾄﾇﾌﾏﾓ;ﾁﾌﾕﾍﾔﾁﾉﾏﾕ;304;ﾖﾋﾙﾑﾉﾍﾁﾓ;3;ﾄﾕﾔﾉﾊﾇﾓ ﾌﾁﾊﾅﾄﾏﾍﾉﾁﾓ
242;907004;ﾋﾅﾗﾏﾂﾏﾕ;9070;ﾄﾇﾌﾏﾓ;ﾁﾌﾕﾍﾔﾁﾉﾏﾕ;304;ﾖﾋﾙﾑﾉﾍﾁﾓ;3;ﾄﾕﾔﾉﾊﾇﾓ ﾌﾁﾊﾅﾄﾏﾍﾉﾁﾓ
243;907005;ﾍﾕﾌﾖﾁﾉﾏﾕ;9070;ﾄﾇﾌﾏﾓ;ﾁﾌﾕﾍﾔﾁﾉﾏﾕ;304;ﾖﾋﾙﾑﾉﾍﾁﾓ;3;ﾄﾕﾔﾉﾊﾇﾓ ﾌﾁﾊﾅﾄﾏﾍﾉﾁﾓ
244;907006;ﾖﾉﾋﾙﾔﾁ;9070;ﾄﾇﾌﾏﾓ;ﾁﾌﾕﾍﾔﾁﾉﾏﾕ;304;ﾖﾋﾙﾑﾉﾍﾁﾓ;3;ﾄﾕﾔﾉﾊﾇﾓ ﾌﾁﾊﾅﾄﾏﾍﾉﾁﾓ
245;907101;ﾊﾑﾕﾓﾔﾁﾋﾋﾏﾐﾇﾃﾇﾓ;9071;ﾄﾇﾌﾏﾓ;ﾐﾑﾅﾓﾐﾙﾍ;304;ﾖﾋﾙﾑﾉﾍﾁﾓ;3;ﾄﾕﾔﾉﾊﾇﾓ ﾌﾁﾊﾅﾄﾏﾍﾉﾁﾓ
246;907102;ﾐﾑﾅﾓﾐﾙﾍ;9071;ﾄﾇﾌﾏﾓ;ﾐﾑﾅﾓﾐﾙﾍ;304;ﾖﾋﾙﾑﾉﾍﾁﾓ;3;ﾄﾕﾔﾉﾊﾇﾓ ﾌﾁﾊﾅﾄﾏﾍﾉﾁﾓ
247;907201;ﾊﾁﾔﾙ ﾊﾋﾅﾉﾍﾙﾍ;9072;ﾄﾇﾌﾏﾓ;ﾖﾋﾙﾑﾉﾍﾁﾓ;304;ﾖﾋﾙﾑﾉﾍﾁﾓ;3;ﾄﾕﾔﾉﾊﾇﾓ ﾌﾁﾊﾅﾄﾏﾍﾉﾁﾓ
248;907202;ﾌﾅﾋﾉﾔﾇﾓ;9072;ﾄﾇﾌﾏﾓ;ﾖﾋﾙﾑﾉﾍﾁﾓ;304;ﾖﾋﾙﾑﾉﾍﾁﾓ;3;ﾄﾕﾔﾉﾊﾇﾓ ﾌﾁﾊﾅﾄﾏﾍﾉﾁﾓ
249;907203;ﾐﾅﾑﾁﾓﾌﾁﾔﾏﾓ;9072;ﾄﾇﾌﾏﾓ;ﾖﾋﾙﾑﾉﾍﾁﾓ;304;ﾖﾋﾙﾑﾉﾍﾁﾓ;3;ﾄﾕﾔﾉﾊﾇﾓ ﾌﾁﾊﾅﾄﾏﾍﾉﾁﾓ
250;907204;ﾖﾋﾙﾑﾉﾍﾁﾓ;9072;ﾄﾇﾌﾏﾓ;ﾖﾋﾙﾑﾉﾍﾁﾓ;304;ﾖﾋﾙﾑﾉﾍﾁﾓ;3;ﾄﾕﾔﾉﾊﾇﾓ ﾌﾁﾊﾅﾄﾏﾍﾉﾁﾓ
251;907301;ﾁﾌﾂﾑﾁﾊﾉﾊﾏﾕ;9073;ﾄﾇﾌﾏﾓ;ﾁﾑﾔﾁﾉﾙﾍ;401;ﾁﾑﾔﾁﾓ;4;ﾇﾐﾅﾉﾑﾏﾕ
252;907302;ﾁﾑﾔﾁﾉﾙﾍ;9073;ﾄﾇﾌﾏﾓ;ﾁﾑﾔﾁﾉﾙﾍ;401;ﾁﾑﾔﾁﾓ;4;ﾇﾐﾅﾉﾑﾏﾕ
253;907303;ﾂﾋﾁﾗﾅﾑﾍﾙﾍ;9073;ﾄﾇﾌﾏﾓ;ﾁﾑﾔﾁﾉﾙﾍ;401;ﾁﾑﾔﾁﾓ;4;ﾇﾐﾅﾉﾑﾏﾕ
254;907304;ﾎﾇﾑﾏﾂﾏﾕﾍﾉﾏﾕ;9073;ﾄﾇﾌﾏﾓ;ﾁﾑﾔﾁﾉﾙﾍ;401;ﾁﾑﾔﾁﾓ;4;ﾇﾐﾅﾉﾑﾏﾕ
255;907305;ﾖﾉﾋﾏﾈﾅﾇﾓ;9073;ﾄﾇﾌﾏﾓ;ﾁﾑﾔﾁﾉﾙﾍ;401;ﾁﾑﾔﾁﾓ;4;ﾇﾐﾅﾉﾑﾏﾕ
256;907401;ﾃﾅﾙﾑﾃﾉﾏﾕ ﾊﾁﾑﾁﾚﾓﾊﾁﾊﾇ;9074;ﾄﾇﾌﾏﾓ;ﾃﾅﾙﾑﾃﾉﾏﾕ ﾊﾁﾑﾁﾚﾓﾊﾁﾊﾇ;401;ﾁﾑﾔﾁﾓ;4;ﾇﾐﾅﾉﾑﾏﾕ
257;907402;ﾇﾑﾁﾊﾋﾅﾉﾁﾓ;9074;ﾄﾇﾌﾏﾓ;ﾃﾅﾙﾑﾃﾉﾏﾕ ﾊﾁﾑﾁﾚﾓﾊﾁﾊﾇ;401;ﾁﾑﾔﾁﾓ;4;ﾇﾐﾅﾉﾑﾏﾕ
258;907403;ﾔﾅﾔﾑﾁﾖﾕﾋﾉﾁﾓ;9074;ﾄﾇﾌﾏﾓ;ﾃﾅﾙﾑﾃﾉﾏﾕ ﾊﾁﾑﾁﾚﾓﾊﾁﾊﾇ;401;ﾁﾑﾔﾁﾓ;4;ﾇﾐﾅﾉﾑﾏﾕ
259;907501;ﾁﾃﾍﾁﾍﾔﾙﾍ;9075;ﾄﾇﾌﾏﾓ;ﾊﾅﾍﾔﾑﾉﾊﾙﾍ ﾔﾆﾏﾕﾌﾅﾑﾊﾙﾍ;401;ﾁﾑﾔﾁﾓ;4;ﾇﾐﾅﾉﾑﾏﾕ
260;907502;ﾁﾈﾁﾌﾁﾍﾉﾁﾓ;9075;ﾄﾇﾌﾏﾓ;ﾊﾅﾍﾔﾑﾉﾊﾙﾍ ﾔﾆﾏﾕﾌﾅﾑﾊﾙﾍ;401;ﾁﾑﾔﾁﾓ;4;ﾇﾐﾅﾉﾑﾏﾕ
261;907503;ﾈﾅﾏﾄﾙﾑﾉﾁﾍﾙﾍ;9075;ﾄﾇﾌﾏﾓ;ﾊﾅﾍﾔﾑﾉﾊﾙﾍ ﾔﾆﾏﾕﾌﾅﾑﾊﾙﾍ;401;ﾁﾑﾔﾁﾓ;4;ﾇﾐﾅﾉﾑﾏﾕ
262;907504;ﾌﾅﾋﾉﾓﾓﾏﾕﾑﾃﾙﾍ;9075;ﾄﾇﾌﾏﾓ;ﾊﾅﾍﾔﾑﾉﾊﾙﾍ ﾔﾆﾏﾕﾌﾅﾑﾊﾙﾍ;401;ﾁﾑﾔﾁﾓ;4;ﾇﾐﾅﾉﾑﾏﾕ
263;907601;ﾁﾑﾁﾗﾈﾏﾕ;9076;ﾄﾇﾌﾏﾓ;ﾍﾉﾊﾏﾋﾁﾏﾕ ﾓﾊﾏﾕﾖﾁ;401;ﾁﾑﾔﾁﾓ;4;ﾇﾐﾅﾉﾑﾏﾕ
264;907602;ﾊﾏﾌﾌﾅﾍﾏﾕ;9076;ﾄﾇﾌﾏﾓ;ﾍﾉﾊﾏﾋﾁﾏﾕ ﾓﾊﾏﾕﾖﾁ;401;ﾁﾑﾔﾁﾓ;4;ﾇﾐﾅﾉﾑﾏﾕ
265;907603;ﾊﾏﾌﾐﾏﾔﾉﾏﾕ;9076;ﾄﾇﾌﾏﾓ;ﾍﾉﾊﾏﾋﾁﾏﾕ ﾓﾊﾏﾕﾖﾁ;401;ﾁﾑﾔﾁﾓ;4;ﾇﾐﾅﾉﾑﾏﾕ
266;907604;ﾐﾅﾔﾁ;9076;ﾄﾇﾌﾏﾓ;ﾍﾉﾊﾏﾋﾁﾏﾕ ﾓﾊﾏﾕﾖﾁ;401;ﾁﾑﾔﾁﾓ;4;ﾇﾐﾅﾉﾑﾏﾕ
267;907701;ﾇﾃﾏﾕﾌﾅﾍﾉﾔﾓﾇﾓ;9077;ﾄﾇﾌﾏﾓ;ﾇﾃﾏﾕﾌﾅﾍﾉﾔﾓﾇﾓ;402;ﾈﾅﾓﾐﾑﾙﾔﾉﾁﾓ;4;ﾇﾐﾅﾉﾑﾏﾕ
268;907702;ﾌﾁﾑﾃﾁﾑﾉﾔﾉﾏﾕ;9077;ﾄﾇﾌﾏﾓ;ﾇﾃﾏﾕﾌﾅﾍﾉﾔﾓﾇﾓ;402;ﾈﾅﾓﾐﾑﾙﾔﾉﾁﾓ;4;ﾇﾐﾅﾉﾑﾏﾕ
269;907703;ﾐﾁﾑﾁﾐﾏﾔﾁﾌﾏﾕ;9077;ﾄﾇﾌﾏﾓ;ﾇﾃﾏﾕﾌﾅﾍﾉﾔﾓﾇﾓ;402;ﾈﾅﾓﾐﾑﾙﾔﾉﾁﾓ;4;ﾇﾐﾅﾉﾑﾏﾕ
270;907704;ﾐﾅﾑﾄﾉﾊﾁﾓ;9077;ﾄﾇﾌﾏﾓ;ﾇﾃﾏﾕﾌﾅﾍﾉﾔﾓﾇﾓ;402;ﾈﾅﾓﾐﾑﾙﾔﾉﾁﾓ;4;ﾇﾐﾅﾉﾑﾏﾕ
271;907705;ﾓﾕﾂﾏﾔﾙﾍ;9077;ﾄﾇﾌﾏﾓ;ﾇﾃﾏﾕﾌﾅﾍﾉﾔﾓﾇﾓ;402;ﾈﾅﾓﾐﾑﾙﾔﾉﾁﾓ;4;ﾇﾐﾅﾉﾑﾏﾕ
272;907801;ﾁﾗﾅﾑﾏﾍﾔﾁ;9078;ﾄﾇﾌﾏﾓ;ﾓﾏﾕﾋﾉﾏﾕ;402;ﾈﾅﾓﾐﾑﾙﾔﾉﾁﾓ;4;ﾇﾐﾅﾉﾑﾏﾕ
273;907802;ﾐﾁﾑﾁﾌﾕﾈﾉﾁﾓ;9078;ﾄﾇﾌﾏﾓ;ﾓﾏﾕﾋﾉﾏﾕ;402;ﾈﾅﾓﾐﾑﾙﾔﾉﾁﾓ;4;ﾇﾐﾅﾉﾑﾏﾕ
274;907803;ﾓﾏﾕﾋﾉﾏﾕ;9078;ﾄﾇﾌﾏﾓ;ﾓﾏﾕﾋﾉﾏﾕ;402;ﾈﾅﾓﾐﾑﾙﾔﾉﾁﾓ;4;ﾇﾐﾅﾉﾑﾏﾕ
275;907901;ﾓﾁﾃﾉﾁﾄﾁﾓ;9079;ﾄﾇﾌﾏﾓ;ﾖﾉﾋﾉﾁﾔﾙﾍ;402;ﾈﾅﾓﾐﾑﾙﾔﾉﾁﾓ;4;ﾇﾐﾅﾉﾑﾏﾕ
276;907902;ﾖﾉﾋﾉﾁﾔﾙﾍ;9079;ﾄﾇﾌﾏﾓ;ﾖﾉﾋﾉﾁﾔﾙﾍ;402;ﾈﾅﾓﾐﾑﾙﾔﾉﾁﾓ;4;ﾇﾐﾅﾉﾑﾏﾕ
277;908001;ﾂﾁﾈﾕﾐﾅﾄﾏﾕ;9080;ﾄﾇﾌﾏﾓ;ﾂﾏﾑﾅﾉﾙﾍ ﾔﾆﾏﾕﾌﾅﾑﾊﾙﾍ;403;ﾉﾙﾁﾍﾍﾉﾍﾙﾍ;4;ﾇﾐﾅﾉﾑﾏﾕ
278;908002;ﾊﾁﾋﾁﾑﾑﾕﾔﾙﾍ;9080;ﾄﾇﾌﾏﾓ;ﾂﾏﾑﾅﾉﾙﾍ ﾔﾆﾏﾕﾌﾅﾑﾊﾙﾍ;403;ﾉﾙﾁﾍﾍﾉﾍﾙﾍ;4;ﾇﾐﾅﾉﾑﾏﾕ
279;908003;ﾊﾁﾔﾓﾁﾍﾏﾗﾙﾑﾉﾙﾍ;9080;ﾄﾇﾌﾏﾓ;ﾂﾏﾑﾅﾉﾙﾍ ﾔﾆﾏﾕﾌﾅﾑﾊﾙﾍ;403;ﾉﾙﾁﾍﾍﾉﾍﾙﾍ;4;ﾇﾐﾅﾉﾑﾏﾕ
280;908004;ﾌﾁﾔﾓﾏﾕﾊﾉﾏﾕ;9080;ﾄﾇﾌﾏﾓ;ﾂﾏﾑﾅﾉﾙﾍ ﾔﾆﾏﾕﾌﾅﾑﾊﾙﾍ;403;ﾉﾙﾁﾍﾍﾉﾍﾙﾍ;4;ﾇﾐﾅﾉﾑﾏﾕ
281;908005;ﾐﾑﾁﾌﾁﾍﾔﾙﾍ;9080;ﾄﾇﾌﾏﾓ;ﾂﾏﾑﾅﾉﾙﾍ ﾔﾆﾏﾕﾌﾅﾑﾊﾙﾍ;403;ﾉﾙﾁﾍﾍﾉﾍﾙﾍ;4;ﾇﾐﾅﾉﾑﾏﾕ
282;908006;ﾓﾕﾑﾑﾁﾊﾏﾕ;9080;ﾄﾇﾌﾏﾓ;ﾂﾏﾑﾅﾉﾙﾍ ﾔﾆﾏﾕﾌﾅﾑﾊﾙﾍ;403;ﾉﾙﾁﾍﾍﾉﾍﾙﾍ;4;ﾇﾐﾅﾉﾑﾏﾕ
283;908007;ﾔﾆﾏﾕﾌﾅﾑﾊﾙﾍ;9080;ﾄﾇﾌﾏﾓ;ﾂﾏﾑﾅﾉﾙﾍ ﾔﾆﾏﾕﾌﾅﾑﾊﾙﾍ;403;ﾉﾙﾁﾍﾍﾉﾍﾙﾍ;4;ﾇﾐﾅﾉﾑﾏﾕ
284;908101;ﾁﾃﾉﾏﾕ ﾄﾇﾌﾇﾔﾑﾉﾏﾕ;9081;ﾄﾇﾌﾏﾓ;ﾄﾙﾄﾙﾍﾇﾓ;403;ﾉﾙﾁﾍﾍﾉﾍﾙﾍ;4;ﾇﾐﾅﾉﾑﾏﾕ
285;908102;ﾄﾙﾄﾙﾍﾇﾓ;9081;ﾄﾇﾌﾏﾓ;ﾄﾙﾄﾙﾍﾇﾓ;403;ﾉﾙﾁﾍﾍﾉﾍﾙﾍ;4;ﾇﾐﾅﾉﾑﾏﾕ
286;908103;ﾋﾁﾊﾊﾁﾓ ﾓﾏﾕﾋﾉﾏﾕ;9081;ﾄﾇﾌﾏﾓ;ﾄﾙﾄﾙﾍﾇﾓ;403;ﾉﾙﾁﾍﾍﾉﾍﾙﾍ;4;ﾇﾐﾅﾉﾑﾏﾕ
287;908104;ﾓﾅﾋﾋﾙﾍ;9081;ﾄﾇﾌﾏﾓ;ﾄﾙﾄﾙﾍﾇﾓ;403;ﾉﾙﾁﾍﾍﾉﾍﾙﾍ;4;ﾇﾐﾅﾉﾑﾏﾕ
288;908201;ﾁﾍﾁﾔﾏﾋﾉﾊﾏﾕ ﾆﾁﾃﾏﾑﾉﾏﾕ;9082;ﾄﾇﾌﾏﾓ;ﾆﾁﾃﾏﾑﾉﾏﾕ;403;ﾉﾙﾁﾍﾍﾉﾍﾙﾍ;4;ﾇﾐﾅﾉﾑﾏﾕ
289;908202;ﾂﾏﾂﾏﾕﾓﾇﾓ;9082;ﾄﾇﾌﾏﾓ;ﾆﾁﾃﾏﾑﾉﾏﾕ;403;ﾉﾙﾁﾍﾍﾉﾍﾙﾍ;4;ﾇﾐﾅﾉﾑﾏﾕ
290;908203;ﾊﾅﾍﾔﾑﾉﾊﾏﾕ ﾆﾁﾃﾏﾑﾉﾏﾕ;9082;ﾄﾇﾌﾏﾓ;ﾆﾁﾃﾏﾑﾉﾏﾕ;403;ﾉﾙﾁﾍﾍﾉﾍﾙﾍ;4;ﾇﾐﾅﾉﾑﾏﾕ
291;908204;ﾐﾁﾐﾉﾃﾊﾏﾕ;9082;ﾄﾇﾌﾏﾓ;ﾆﾁﾃﾏﾑﾉﾏﾕ;403;ﾉﾙﾁﾍﾍﾉﾍﾙﾍ;4;ﾇﾐﾅﾉﾑﾏﾕ
292;908205;ﾔﾕﾌﾖﾇﾓ;9082;ﾄﾇﾌﾏﾓ;ﾆﾁﾃﾏﾑﾉﾏﾕ;403;ﾉﾙﾁﾍﾍﾉﾍﾙﾍ;4;ﾇﾐﾅﾉﾑﾏﾕ
293;908301;ﾅﾊﾁﾋﾇﾓ;9083;ﾄﾇﾌﾏﾓ;ﾆﾉﾔﾓﾁﾓ;403;ﾉﾙﾁﾍﾍﾉﾍﾙﾍ;4;ﾇﾐﾅﾉﾑﾏﾕ
294;908302;ﾅﾕﾑﾕﾌﾅﾍﾙﾍ;9083;ﾄﾇﾌﾏﾓ;ﾆﾉﾔﾓﾁﾓ;403;ﾉﾙﾁﾍﾍﾉﾍﾙﾍ;4;ﾇﾐﾅﾉﾑﾏﾕ
295;908303;ﾆﾉﾔﾓﾁﾓ;9083;ﾄﾇﾌﾏﾓ;ﾆﾉﾔﾓﾁﾓ;403;ﾉﾙﾁﾍﾍﾉﾍﾙﾍ;4;ﾇﾐﾅﾉﾑﾏﾕ
296;908304;ﾌﾏﾋﾏﾓﾓﾙﾍ;9083;ﾄﾇﾌﾏﾓ;ﾆﾉﾔﾓﾁﾓ;403;ﾉﾙﾁﾍﾍﾉﾍﾙﾍ;4;ﾇﾐﾅﾉﾑﾏﾕ
297;908305;ﾐﾁﾓﾁﾑﾙﾍﾏﾓ;9083;ﾄﾇﾌﾏﾓ;ﾆﾉﾔﾓﾁﾓ;403;ﾉﾙﾁﾍﾍﾉﾍﾙﾍ;4;ﾇﾐﾅﾉﾑﾏﾕ
298;908401;ﾁﾍﾁﾔﾏﾋﾇﾓ;9084;ﾄﾇﾌﾏﾓ;ﾉﾙﾁﾍﾍﾉﾔﾙﾍ;403;ﾉﾙﾁﾍﾍﾉﾍﾙﾍ;4;ﾇﾐﾅﾉﾑﾏﾕ
299;908402;ﾉﾙﾁﾍﾍﾉﾔﾙﾍ;9084;ﾄﾇﾌﾏﾓ;ﾉﾙﾁﾍﾍﾉﾔﾙﾍ;403;ﾉﾙﾁﾍﾍﾉﾍﾙﾍ;4;ﾇﾐﾅﾉﾑﾏﾕ
300;908403;ﾌﾐﾉﾆﾁﾍﾉﾏﾕ;9084;ﾄﾇﾌﾏﾓ;ﾉﾙﾁﾍﾍﾉﾔﾙﾍ;403;ﾉﾙﾁﾍﾍﾉﾍﾙﾍ;4;ﾇﾐﾅﾉﾑﾏﾕ
301;908404;ﾍﾇﾓﾏﾕ ﾉﾙﾁﾍﾍﾉﾍﾙﾍ;9084;ﾄﾇﾌﾏﾓ;ﾉﾙﾁﾍﾍﾉﾔﾙﾍ;403;ﾉﾙﾁﾍﾍﾉﾍﾙﾍ;4;ﾇﾐﾅﾉﾑﾏﾕ
302;908405;ﾐﾁﾌﾂﾙﾔﾉﾄﾏﾓ;9084;ﾄﾇﾌﾏﾓ;ﾉﾙﾁﾍﾍﾉﾔﾙﾍ;403;ﾉﾙﾁﾍﾍﾉﾍﾙﾍ;4;ﾇﾐﾅﾉﾑﾏﾕ
303;908406;ﾐﾅﾑﾁﾌﾁﾔﾏﾓ;9084;ﾄﾇﾌﾏﾓ;ﾉﾙﾁﾍﾍﾉﾔﾙﾍ;403;ﾉﾙﾁﾍﾍﾉﾍﾙﾍ;4;ﾇﾐﾅﾉﾑﾏﾕ
304;908501;ﾁﾅﾔﾏﾌﾇﾋﾉﾔﾓﾇﾓ;9085;ﾄﾇﾌﾏﾓ;ﾊﾏﾍﾉﾔﾓﾁﾓ;403;ﾉﾙﾁﾍﾍﾉﾍﾙﾍ;4;ﾇﾐﾅﾉﾑﾏﾕ
305;908502;ﾄﾉﾓﾔﾑﾁﾔﾏﾕ;9085;ﾄﾇﾌﾏﾓ;ﾊﾏﾍﾉﾔﾓﾁﾓ;403;ﾉﾙﾁﾍﾍﾉﾍﾙﾍ;4;ﾇﾐﾅﾉﾑﾏﾕ
306;908503;ﾊﾏﾍﾉﾔﾓﾁﾓ;9085;ﾄﾇﾌﾏﾓ;ﾊﾏﾍﾉﾔﾓﾁﾓ;403;ﾉﾙﾁﾍﾍﾉﾍﾙﾍ;4;ﾇﾐﾅﾉﾑﾏﾕ
307;908504;ﾌﾁﾓﾔﾏﾑﾏﾗﾙﾑﾉﾙﾍ;9085;ﾄﾇﾌﾏﾓ;ﾊﾏﾍﾉﾔﾓﾁﾓ;403;ﾉﾙﾁﾍﾍﾉﾍﾙﾍ;4;ﾇﾐﾅﾉﾑﾏﾕ
308;908505;ﾖﾏﾕﾑﾊﾁﾓ;9085;ﾄﾇﾌﾏﾓ;ﾊﾏﾍﾉﾔﾓﾁﾓ;403;ﾉﾙﾁﾍﾍﾉﾍﾙﾍ;4;ﾇﾐﾅﾉﾑﾏﾕ
309;908601;ﾅﾃﾍﾁﾔﾉﾁﾓ;9086;ﾄﾇﾌﾏﾓ;ﾌﾅﾔﾓﾏﾂﾏﾕ;403;ﾉﾙﾁﾍﾍﾉﾍﾙﾍ;4;ﾇﾐﾅﾉﾑﾏﾕ
310;908602;ﾌﾅﾔﾓﾏﾂﾏﾕ;9086;ﾄﾇﾌﾏﾓ;ﾌﾅﾔﾓﾏﾂﾏﾕ;403;ﾉﾙﾁﾍﾍﾉﾍﾙﾍ;4;ﾇﾐﾅﾉﾑﾏﾕ
311;908603;ﾌﾇﾋﾅﾁﾓ;9086;ﾄﾇﾌﾏﾓ;ﾌﾅﾔﾓﾏﾂﾏﾕ;403;ﾉﾙﾁﾍﾍﾉﾍﾙﾍ;4;ﾇﾐﾅﾉﾑﾏﾕ
312;908701;ﾁﾍﾙ ﾊﾁﾋﾁﾌﾁ;9087;ﾄﾇﾌﾏﾓ;ﾐﾙﾃﾙﾍﾉﾏﾕ;403;ﾉﾙﾁﾍﾍﾉﾍﾙﾍ;4;ﾇﾐﾅﾉﾑﾏﾕ
313;908702;ﾁﾍﾙ ﾐﾙﾃﾙﾍﾉﾏﾕ;9087;ﾄﾇﾌﾏﾓ;ﾐﾙﾃﾙﾍﾉﾏﾕ;403;ﾉﾙﾁﾍﾍﾉﾍﾙﾍ;4;ﾇﾐﾅﾉﾑﾏﾕ
314;908703;ﾄﾅﾋﾂﾉﾍﾁﾊﾉﾏﾕ;9087;ﾄﾇﾌﾏﾓ;ﾐﾙﾃﾙﾍﾉﾏﾕ;403;ﾉﾙﾁﾍﾍﾉﾍﾙﾍ;4;ﾇﾐﾅﾉﾑﾏﾕ
315;908704;ﾊﾁﾋﾐﾁﾊﾉﾏﾕ;9087;ﾄﾇﾌﾏﾓ;ﾐﾙﾃﾙﾍﾉﾏﾕ;403;ﾉﾙﾁﾍﾍﾉﾍﾙﾍ;4;ﾇﾐﾅﾉﾑﾏﾕ
316;908705;ﾋﾁﾂﾄﾁﾍﾇﾓ;9087;ﾄﾇﾌﾏﾓ;ﾐﾙﾃﾙﾍﾉﾏﾕ;403;ﾉﾙﾁﾍﾍﾉﾍﾙﾍ;4;ﾇﾐﾅﾉﾑﾏﾕ
317;908706;ﾐﾙﾃﾙﾍﾉﾁﾍﾇﾓ;9087;ﾄﾇﾌﾏﾓ;ﾐﾙﾃﾙﾍﾉﾏﾕ;403;ﾉﾙﾁﾍﾍﾉﾍﾙﾍ;4;ﾇﾐﾅﾉﾑﾏﾕ
318;908801;ﾁﾍﾙﾃﾅﾉﾏﾕ;9088;ﾄﾇﾌﾏﾓ;ﾆﾇﾑﾏﾕ;404;ﾐﾑﾅﾂﾅﾆﾁﾓ;4;ﾇﾐﾅﾉﾑﾏﾕ
319;908802;ﾈﾅﾓﾐﾑﾙﾔﾉﾊﾏﾕ;9088;ﾄﾇﾌﾏﾓ;ﾆﾇﾑﾏﾕ;404;ﾐﾑﾅﾂﾅﾆﾁﾓ;4;ﾇﾐﾅﾉﾑﾏﾕ
320;908803;ﾊﾑﾁﾍﾅﾁﾓ;9088;ﾄﾇﾌﾏﾓ;ﾆﾇﾑﾏﾕ;404;ﾐﾑﾅﾂﾅﾆﾁﾓ;4;ﾇﾐﾅﾉﾑﾏﾕ
321;908804;ﾖﾉﾋﾉﾐﾐﾉﾁﾄﾏﾓ;9088;ﾄﾇﾌﾏﾓ;ﾆﾇﾑﾏﾕ;404;ﾐﾑﾅﾂﾅﾆﾁﾓ;4;ﾇﾐﾅﾉﾑﾏﾕ
322;908901;ﾐﾁﾑﾃﾁﾓ;9089;ﾄﾇﾌﾏﾓ;ﾐﾁﾑﾃﾁﾓ;404;ﾐﾑﾅﾂﾅﾆﾁﾓ;4;ﾇﾐﾅﾉﾑﾏﾕ
323;908902;ﾖﾁﾍﾁﾑﾉﾏﾕ;9089;ﾄﾇﾌﾏﾓ;ﾐﾁﾑﾃﾁﾓ;404;ﾐﾑﾅﾂﾅﾆﾁﾓ;4;ﾇﾐﾅﾉﾑﾏﾕ
324;909001;ﾆﾁﾋﾏﾃﾃﾏﾕ;9090;ﾄﾇﾌﾏﾓ;ﾐﾑﾅﾂﾅﾆﾇﾓ;404;ﾐﾑﾅﾂﾅﾆﾁﾓ;4;ﾇﾐﾅﾉﾑﾏﾕ
325;909002;ﾋﾏﾕﾑﾏﾕ;9090;ﾄﾇﾌﾏﾓ;ﾐﾑﾅﾂﾅﾆﾇﾓ;404;ﾐﾑﾅﾂﾅﾆﾁﾓ;4;ﾇﾐﾅﾉﾑﾏﾕ
326;909003;ﾐﾑﾅﾂﾅﾆﾇﾓ;9090;ﾄﾇﾌﾏﾓ;ﾐﾑﾅﾂﾅﾆﾇﾓ;404;ﾐﾑﾅﾂﾅﾆﾁﾓ;4;ﾇﾐﾅﾉﾑﾏﾕ
327;909101;ﾁﾍﾁﾔﾏﾋﾉﾊﾇﾓ ﾁﾑﾃﾉﾈﾅﾁﾓ;9091;ﾄﾇﾌﾏﾓ;ﾁﾑﾃﾉﾈﾅﾁﾓ;501;ﾊﾁﾑﾄﾉﾔﾓﾁﾓ;5;ﾈﾅﾓﾓﾁﾋﾉﾁﾓ
328;909102;ﾁﾑﾃﾉﾈﾅﾁﾓ;9091;ﾄﾇﾌﾏﾓ;ﾁﾑﾃﾉﾈﾅﾁﾓ;501;ﾊﾁﾑﾄﾉﾔﾓﾁﾓ;5;ﾈﾅﾓﾓﾁﾋﾉﾁﾓ
329;909103;ﾁﾗﾅﾋﾙﾏﾕ;9091;ﾄﾇﾌﾏﾓ;ﾁﾑﾃﾉﾈﾅﾁﾓ;501;ﾊﾁﾑﾄﾉﾔﾓﾁﾓ;5;ﾈﾅﾓﾓﾁﾋﾉﾁﾓ
330;909201;ﾉﾔﾁﾌﾏﾕ;9092;ﾄﾇﾌﾏﾓ;ﾊﾁﾑﾄﾉﾔﾓﾁﾓ;501;ﾊﾁﾑﾄﾉﾔﾓﾁﾓ;5;ﾈﾅﾓﾓﾁﾋﾉﾁﾓ
331;909202;ﾊﾁﾋﾋﾉﾖﾙﾍﾉﾏﾕ;9092;ﾄﾇﾌﾏﾓ;ﾊﾁﾑﾄﾉﾔﾓﾁﾓ;501;ﾊﾁﾑﾄﾉﾔﾓﾁﾓ;5;ﾈﾅﾓﾓﾁﾋﾉﾁﾓ
332;909203;ﾊﾁﾌﾐﾏﾕ;9092;ﾄﾇﾌﾏﾓ;ﾊﾁﾑﾄﾉﾔﾓﾁﾓ;501;ﾊﾁﾑﾄﾉﾔﾓﾁﾓ;5;ﾈﾅﾓﾓﾁﾋﾉﾁﾓ
333;909204;ﾊﾁﾑﾄﾉﾔﾓﾁﾓ;9092;ﾄﾇﾌﾏﾓ;ﾊﾁﾑﾄﾉﾔﾓﾁﾓ;501;ﾊﾁﾑﾄﾉﾔﾓﾁﾓ;5;ﾈﾅﾓﾓﾁﾋﾉﾁﾓ
334;909205;ﾌﾇﾔﾑﾏﾐﾏﾋﾇﾓ;9092;ﾄﾇﾌﾏﾓ;ﾊﾁﾑﾄﾉﾔﾓﾁﾓ;501;ﾊﾁﾑﾄﾉﾔﾓﾁﾓ;5;ﾈﾅﾓﾓﾁﾋﾉﾁﾓ
335;909301;ﾍﾅﾂﾑﾏﾐﾏﾋﾇﾓ ﾁﾃﾑﾁﾖﾙﾍ;9093;ﾄﾇﾌﾏﾓ;ﾋﾉﾌﾍﾇﾓ ﾐﾋﾁﾓﾔﾇﾑﾁ;501;ﾊﾁﾑﾄﾉﾔﾓﾁﾓ;5;ﾈﾅﾓﾓﾁﾋﾉﾁﾓ
336;909302;ﾐﾋﾁﾓﾔﾇﾑﾁ;9093;ﾄﾇﾌﾏﾓ;ﾋﾉﾌﾍﾇﾓ ﾐﾋﾁﾓﾔﾇﾑﾁ;501;ﾊﾁﾑﾄﾉﾔﾓﾁﾓ;5;ﾈﾅﾓﾓﾁﾋﾉﾁﾓ
337;909401;ﾉﾈﾙﾌﾇﾓ;9094;ﾄﾇﾌﾏﾓ;ﾌﾏﾕﾆﾁﾊﾉﾏﾕ;501;ﾊﾁﾑﾄﾉﾔﾓﾁﾓ;5;ﾈﾅﾓﾓﾁﾋﾉﾁﾓ
338;909402;ﾌﾏﾕﾆﾁﾊﾉﾏﾕ;9094;ﾄﾇﾌﾏﾓ;ﾌﾏﾕﾆﾁﾊﾉﾏﾕ;501;ﾊﾁﾑﾄﾉﾔﾓﾁﾓ;5;ﾈﾅﾓﾓﾁﾋﾉﾁﾓ
339;909403;ﾐﾁﾌﾉﾓﾏﾕ;9094;ﾄﾇﾌﾏﾓ;ﾌﾏﾕﾆﾁﾊﾉﾏﾕ;501;ﾊﾁﾑﾄﾉﾔﾓﾁﾓ;5;ﾈﾅﾓﾓﾁﾋﾉﾁﾓ
340;909501;ﾐﾁﾋﾁﾌﾁ;9095;ﾄﾇﾌﾏﾓ;ﾐﾁﾋﾁﾌﾁ;501;ﾊﾁﾑﾄﾉﾔﾓﾁﾓ;5;ﾈﾅﾓﾓﾁﾋﾉﾁﾓ
341;909502;ﾓﾅﾋﾋﾁﾍﾙﾍ;9095;ﾄﾇﾌﾏﾓ;ﾐﾁﾋﾁﾌﾁ;501;ﾊﾁﾑﾄﾉﾔﾓﾁﾓ;5;ﾈﾅﾓﾓﾁﾋﾉﾁﾓ
342;909503;ﾖﾕﾋﾋﾏﾕ;9095;ﾄﾇﾌﾏﾓ;ﾐﾁﾋﾁﾌﾁ;501;ﾊﾁﾑﾄﾉﾔﾓﾁﾓ;5;ﾈﾅﾓﾓﾁﾋﾉﾁﾓ
343;909601;ﾁﾑﾍﾇﾓ;9096;ﾄﾇﾌﾏﾓ;ﾓﾏﾖﾁﾄﾙﾍ;501;ﾊﾁﾑﾄﾉﾔﾓﾁﾓ;5;ﾈﾅﾓﾓﾁﾋﾉﾁﾓ
344;909602;ﾌﾅﾍﾅﾋﾁﾚﾄﾁﾓ;9096;ﾄﾇﾌﾏﾓ;ﾓﾏﾖﾁﾄﾙﾍ;501;ﾊﾁﾑﾄﾉﾔﾓﾁﾓ;5;ﾈﾅﾓﾓﾁﾋﾉﾁﾓ
345;909603;ﾑﾅﾍﾔﾉﾍﾇﾓ;9096;ﾄﾇﾌﾏﾓ;ﾓﾏﾖﾁﾄﾙﾍ;501;ﾊﾁﾑﾄﾉﾔﾓﾁﾓ;5;ﾈﾅﾓﾓﾁﾋﾉﾁﾓ
346;909604;ﾓﾏﾖﾁﾄﾙﾍ;9096;ﾄﾇﾌﾏﾓ;ﾓﾏﾖﾁﾄﾙﾍ;501;ﾊﾁﾑﾄﾉﾔﾓﾁﾓ;5;ﾈﾅﾓﾓﾁﾋﾉﾁﾓ
347;909605;ﾔﾁﾌﾁﾓﾉﾏﾕ;9096;ﾄﾇﾌﾏﾓ;ﾓﾏﾖﾁﾄﾙﾍ;501;ﾊﾁﾑﾄﾉﾔﾓﾁﾓ;5;ﾈﾅﾓﾓﾁﾋﾉﾁﾓ
348;909701;ﾁﾃﾉﾁﾓ;9097;ﾄﾇﾌﾏﾓ;ﾁﾃﾉﾁﾓ;502;ﾋﾁﾑﾉﾓﾁﾓ;5;ﾈﾅﾓﾓﾁﾋﾉﾁﾓ
349;909702;ﾅﾕﾑﾕﾌﾅﾍﾙﾍ;9097;ﾄﾇﾌﾏﾓ;ﾁﾃﾉﾁﾓ;502;ﾋﾁﾑﾉﾓﾁﾓ;5;ﾈﾅﾓﾓﾁﾋﾉﾁﾓ
350;909703;ﾋﾁﾊﾅﾑﾅﾉﾁﾓ;9097;ﾄﾇﾌﾏﾓ;ﾁﾃﾉﾁﾓ;502;ﾋﾁﾑﾉﾓﾁﾓ;5;ﾈﾅﾓﾓﾁﾋﾉﾁﾓ
351;909704;ﾌﾅﾋﾉﾂﾏﾉﾁﾓ;9097;ﾄﾇﾌﾏﾓ;ﾁﾃﾉﾁﾓ;502;ﾋﾁﾑﾉﾓﾁﾓ;5;ﾈﾅﾓﾓﾁﾋﾉﾁﾓ
352;909801;ﾁﾍﾔﾉﾗﾁﾓﾉﾙﾍ;9098;ﾄﾇﾌﾏﾓ;ﾅﾋﾁﾓﾓﾏﾍﾁﾓ;502;ﾋﾁﾑﾉﾓﾁﾓ;5;ﾈﾅﾓﾓﾁﾋﾉﾁﾓ
353;909802;ﾂﾅﾑﾄﾉﾊﾏﾕﾓﾇﾓ;9098;ﾄﾇﾌﾏﾓ;ﾅﾋﾁﾓﾓﾏﾍﾁﾓ;502;ﾋﾁﾑﾉﾓﾁﾓ;5;ﾈﾅﾓﾓﾁﾋﾉﾁﾓ
354;909803;ﾅﾋﾁﾓﾓﾏﾍﾁﾓ;9098;ﾄﾇﾌﾏﾓ;ﾅﾋﾁﾓﾓﾏﾍﾁﾓ;502;ﾋﾁﾑﾉﾓﾁﾓ;5;ﾈﾅﾓﾓﾁﾋﾉﾁﾓ
355;909804;ﾊﾁﾑﾕﾁﾓ;9098;ﾄﾇﾌﾏﾓ;ﾅﾋﾁﾓﾓﾏﾍﾁﾓ;502;ﾋﾁﾑﾉﾓﾁﾓ;5;ﾈﾅﾓﾓﾁﾋﾉﾁﾓ
356;909805;ﾋﾉﾂﾁﾄﾉﾏﾕ;9098;ﾄﾇﾌﾏﾓ;ﾅﾋﾁﾓﾓﾏﾍﾁﾓ;502;ﾋﾁﾑﾉﾓﾁﾓ;5;ﾈﾅﾓﾓﾁﾋﾉﾁﾓ
357;909806;ﾏﾋﾕﾌﾐﾏﾕ;9098;ﾄﾇﾌﾏﾓ;ﾅﾋﾁﾓﾓﾏﾍﾁﾓ;502;ﾋﾁﾑﾉﾓﾁﾓ;5;ﾈﾅﾓﾓﾁﾋﾉﾁﾓ
358;909807;ﾐﾏﾔﾁﾌﾉﾁﾓ;9098;ﾄﾇﾌﾏﾓ;ﾅﾋﾁﾓﾓﾏﾍﾁﾓ;502;ﾋﾁﾑﾉﾓﾁﾓ;5;ﾈﾅﾓﾓﾁﾋﾉﾁﾓ
359;909808;ﾓﾁﾑﾁﾍﾔﾁﾐﾏﾑﾏﾕ;9098;ﾄﾇﾌﾏﾓ;ﾅﾋﾁﾓﾓﾏﾍﾁﾓ;502;ﾋﾁﾑﾉﾓﾁﾓ;5;ﾈﾅﾓﾓﾁﾋﾉﾁﾓ
360;909809;ﾔﾓﾁﾑﾉﾔﾓﾁﾍﾇﾓ;9098;ﾄﾇﾌﾏﾓ;ﾅﾋﾁﾓﾓﾏﾍﾁﾓ;502;ﾋﾁﾑﾉﾓﾁﾓ;5;ﾈﾅﾓﾓﾁﾋﾉﾁﾓ
361;909901;ﾁﾑﾌﾅﾍﾉﾏﾕ;9099;ﾄﾇﾌﾏﾓ;ﾊﾉﾋﾅﾋﾅﾑ;502;ﾋﾁﾑﾉﾓﾁﾓ;5;ﾈﾅﾓﾓﾁﾋﾉﾁﾓ
362;909902;ﾊﾉﾋﾅﾋﾅﾑ;9099;ﾄﾇﾌﾏﾓ;ﾊﾉﾋﾅﾋﾅﾑ;502;ﾋﾁﾑﾉﾓﾁﾓ;5;ﾈﾅﾓﾓﾁﾋﾉﾁﾓ
363;909903;ﾊﾑﾁﾍﾍﾙﾍﾏﾓ;9099;ﾄﾇﾌﾏﾓ;ﾊﾉﾋﾅﾋﾅﾑ;502;ﾋﾁﾑﾉﾓﾁﾓ;5;ﾈﾅﾓﾓﾁﾋﾉﾁﾓ
364;909904;ﾍﾉﾊﾁﾉﾁﾓ;9099;ﾄﾇﾌﾏﾓ;ﾊﾉﾋﾅﾋﾅﾑ;502;ﾋﾁﾑﾉﾓﾁﾓ;5;ﾈﾅﾓﾓﾁﾋﾉﾁﾓ
365;909905;ﾐﾋﾁﾔﾕﾊﾁﾌﾐﾏﾕ;9099;ﾄﾇﾌﾏﾓ;ﾊﾉﾋﾅﾋﾅﾑ;502;ﾋﾁﾑﾉﾓﾁﾓ;5;ﾈﾅﾓﾓﾁﾋﾉﾁﾓ
366;910001;ﾃﾉﾁﾍﾍﾏﾕﾋﾇﾓ;9100;ﾄﾇﾌﾏﾓ;ﾋﾁﾑﾉﾓﾁﾉﾙﾍ;502;ﾋﾁﾑﾉﾓﾁﾓ;5;ﾈﾅﾓﾓﾁﾋﾉﾁﾓ
367;910002;ﾊﾏﾉﾋﾁﾄﾁﾓ;9100;ﾄﾇﾌﾏﾓ;ﾋﾁﾑﾉﾓﾁﾉﾙﾍ;502;ﾋﾁﾑﾉﾓﾁﾓ;5;ﾈﾅﾓﾓﾁﾋﾉﾁﾓ
368;910003;ﾋﾁﾑﾉﾓﾁﾉﾙﾍ;9100;ﾄﾇﾌﾏﾓ;ﾋﾁﾑﾉﾓﾁﾉﾙﾍ;502;ﾋﾁﾑﾉﾓﾁﾓ;5;ﾈﾅﾓﾓﾁﾋﾉﾁﾓ
369;910101;ﾁﾌﾐﾅﾋﾁﾊﾉﾙﾍ;9101;ﾄﾇﾌﾏﾓ;ﾔﾅﾌﾐﾙﾍ;502;ﾋﾁﾑﾉﾓﾁﾓ;5;ﾈﾅﾓﾓﾁﾋﾉﾁﾓ
370;910102;ﾃﾏﾍﾍﾙﾍ;9101;ﾄﾇﾌﾏﾓ;ﾔﾅﾌﾐﾙﾍ;502;ﾋﾁﾑﾉﾓﾁﾓ;5;ﾈﾅﾓﾓﾁﾋﾉﾁﾓ
371;910103;ﾊﾁﾔﾙ ﾏﾋﾕﾌﾐﾏﾕ;9101;ﾄﾇﾌﾏﾓ;ﾔﾅﾌﾐﾙﾍ;502;ﾋﾁﾑﾉﾓﾁﾓ;5;ﾈﾅﾓﾓﾁﾋﾉﾁﾓ
372;910104;ﾌﾁﾊﾑﾕﾗﾙﾑﾉﾏﾕ;9101;ﾄﾇﾌﾏﾓ;ﾔﾅﾌﾐﾙﾍ;502;ﾋﾁﾑﾉﾓﾁﾓ;5;ﾈﾅﾓﾓﾁﾋﾉﾁﾓ
373;910105;ﾍﾅﾓﾓﾙﾍﾏﾓ;9101;ﾄﾇﾌﾏﾓ;ﾔﾅﾌﾐﾙﾍ;502;ﾋﾁﾑﾉﾓﾁﾓ;5;ﾈﾅﾓﾓﾁﾋﾉﾁﾓ
374;910201;ﾁﾌﾐﾅﾋﾙﾍﾏﾓ;9102;ﾄﾇﾌﾏﾓ;ﾔﾕﾑﾍﾁﾂﾏﾕ;502;ﾋﾁﾑﾉﾓﾁﾓ;5;ﾈﾅﾓﾓﾁﾋﾉﾁﾓ
375;910202;ﾔﾕﾑﾍﾁﾂﾏﾕ;9102;ﾄﾇﾌﾏﾓ;ﾔﾕﾑﾍﾁﾂﾏﾕ;502;ﾋﾁﾑﾉﾓﾁﾓ;5;ﾈﾅﾓﾓﾁﾋﾉﾁﾓ
376;910301;ﾅﾍﾉﾐﾐﾅﾁ;9103;ﾄﾇﾌﾏﾓ;ﾖﾁﾑﾓﾁﾋﾙﾍ;502;ﾋﾁﾑﾉﾓﾁﾓ;5;ﾈﾅﾓﾓﾁﾋﾉﾁﾓ
377;910302;ﾍﾁﾑﾈﾁﾊﾉﾏﾕ;9103;ﾄﾇﾌﾏﾓ;ﾖﾁﾑﾓﾁﾋﾙﾍ;502;ﾋﾁﾑﾉﾓﾁﾓ;5;ﾈﾅﾓﾓﾁﾋﾉﾁﾓ
378;910303;ﾐﾏﾋﾕﾄﾁﾌﾁﾍﾔﾁ;9103;ﾄﾇﾌﾏﾓ;ﾖﾁﾑﾓﾁﾋﾙﾍ;502;ﾋﾁﾑﾉﾓﾁﾓ;5;ﾈﾅﾓﾓﾁﾋﾉﾁﾓ
379;910304;ﾖﾁﾑﾓﾁﾋﾙﾍ;9103;ﾄﾇﾌﾏﾓ;ﾖﾁﾑﾓﾁﾋﾙﾍ;502;ﾋﾁﾑﾉﾓﾁﾓ;5;ﾈﾅﾓﾓﾁﾋﾉﾁﾓ
380;910401;ﾁﾋﾌﾕﾑﾏﾕ;9104;ﾄﾇﾌﾏﾓ;ﾁﾋﾌﾕﾑﾏﾕ;503;ﾌﾁﾃﾍﾇﾓﾉﾁﾓ;5;ﾈﾅﾓﾓﾁﾋﾉﾁﾓ
381;910402;ﾁﾍﾁﾂﾑﾁﾓ;9104;ﾄﾇﾌﾏﾓ;ﾁﾋﾌﾕﾑﾏﾕ;503;ﾌﾁﾃﾍﾇﾓﾉﾁﾓ;5;ﾈﾅﾓﾓﾁﾋﾉﾁﾓ
382;910403;ﾐﾔﾅﾋﾅﾏﾕ;9104;ﾄﾇﾌﾏﾓ;ﾁﾋﾌﾕﾑﾏﾕ;503;ﾌﾁﾃﾍﾇﾓﾉﾁﾓ;5;ﾈﾅﾓﾓﾁﾋﾉﾁﾓ
383;910404;ﾓﾏﾕﾑﾐﾇﾓ;9104;ﾄﾇﾌﾏﾓ;ﾁﾋﾌﾕﾑﾏﾕ;503;ﾌﾁﾃﾍﾇﾓﾉﾁﾓ;5;ﾈﾅﾓﾓﾁﾋﾉﾁﾓ
384;910501;ﾁﾃﾑﾉﾁﾓ;9105;ﾄﾇﾌﾏﾓ;ﾂﾏﾋﾏﾕ;503;ﾌﾁﾃﾍﾇﾓﾉﾁﾓ;5;ﾈﾅﾓﾓﾁﾋﾉﾁﾓ
385;910502;ﾁﾉﾓﾙﾍﾉﾁﾓ;9105;ﾄﾇﾌﾏﾓ;ﾂﾏﾋﾏﾕ;503;ﾌﾁﾃﾍﾇﾓﾉﾁﾓ;5;ﾈﾅﾓﾓﾁﾋﾉﾁﾓ
386;910503;ﾁﾑﾔﾅﾌﾉﾄﾁﾓ;9105;ﾄﾇﾌﾏﾓ;ﾂﾏﾋﾏﾕ;503;ﾌﾁﾃﾍﾇﾓﾉﾁﾓ;5;ﾈﾅﾓﾓﾁﾋﾉﾁﾓ
387;910504;ﾂﾏﾋﾏﾕ;9105;ﾄﾇﾌﾏﾓ;ﾂﾏﾋﾏﾕ;503;ﾌﾁﾃﾍﾇﾓﾉﾁﾓ;5;ﾈﾅﾓﾓﾁﾋﾉﾁﾓ
388;910505;ﾉﾙﾋﾊﾏﾕ;9105;ﾄﾇﾌﾏﾓ;ﾂﾏﾋﾏﾕ;503;ﾌﾁﾃﾍﾇﾓﾉﾁﾓ;5;ﾈﾅﾓﾓﾁﾋﾉﾁﾓ
389;910506;ﾌﾁﾊﾑﾉﾍﾉﾔﾓﾇﾓ;9105;ﾄﾇﾌﾏﾓ;ﾂﾏﾋﾏﾕ;503;ﾌﾁﾃﾍﾇﾓﾉﾁﾓ;5;ﾈﾅﾓﾓﾁﾋﾉﾁﾓ
390;910507;ﾍﾅﾁﾓ ﾁﾃﾗﾉﾁﾋﾏﾕ;9105;ﾄﾇﾌﾏﾓ;ﾂﾏﾋﾏﾕ;503;ﾌﾁﾃﾍﾇﾓﾉﾁﾓ;5;ﾈﾅﾓﾓﾁﾋﾉﾁﾓ
391;910508;ﾍﾅﾁﾓ ﾉﾙﾍﾉﾁﾓ;9105;ﾄﾇﾌﾏﾓ;ﾂﾏﾋﾏﾕ;503;ﾌﾁﾃﾍﾇﾓﾉﾁﾓ;5;ﾈﾅﾓﾓﾁﾋﾉﾁﾓ
392;910509;ﾐﾏﾑﾔﾁﾑﾉﾁﾓ;9105;ﾄﾇﾌﾏﾓ;ﾂﾏﾋﾏﾕ;503;ﾌﾁﾃﾍﾇﾓﾉﾁﾓ;5;ﾈﾅﾓﾓﾁﾋﾉﾁﾓ
393;910601;ﾆﾁﾃﾏﾑﾁﾓ;9106;ﾄﾇﾌﾏﾓ;ﾆﾁﾃﾏﾑﾁﾓ-ﾌﾏﾕﾑﾅﾓﾉﾏﾕ;503;ﾌﾁﾃﾍﾇﾓﾉﾁﾓ;5;ﾈﾅﾓﾓﾁﾋﾉﾁﾓ
394;910602;ﾌﾏﾕﾑﾅﾓﾉﾏﾕ;9106;ﾄﾇﾌﾏﾓ;ﾆﾁﾃﾏﾑﾁﾓ-ﾌﾏﾕﾑﾅﾓﾉﾏﾕ;503;ﾌﾁﾃﾍﾇﾓﾉﾁﾓ;5;ﾈﾅﾓﾓﾁﾋﾉﾁﾓ
395;910701;ﾁﾑﾃﾁﾋﾁﾓﾔﾇﾓ;9107;ﾄﾇﾌﾏﾓ;ﾍﾏﾔﾉﾏﾕ ﾐﾇﾋﾉﾏﾕ;503;ﾌﾁﾃﾍﾇﾓﾉﾁﾓ;5;ﾈﾅﾓﾓﾁﾋﾉﾁﾓ
396;910702;ﾁﾖﾅﾔﾙﾍ;9107;ﾄﾇﾌﾏﾓ;ﾍﾏﾔﾉﾏﾕ ﾐﾇﾋﾉﾏﾕ;503;ﾌﾁﾃﾍﾇﾓﾉﾁﾓ;5;ﾈﾅﾓﾓﾁﾋﾉﾁﾓ
397;910703;ﾌﾇﾋﾅﾙﾍ;9107;ﾄﾇﾌﾏﾓ;ﾍﾏﾔﾉﾏﾕ ﾐﾇﾋﾉﾏﾕ;503;ﾌﾁﾃﾍﾇﾓﾉﾁﾓ;5;ﾈﾅﾓﾓﾁﾋﾉﾁﾓ
398;910704;ﾓﾇﾐﾉﾁﾄﾏﾓ;9107;ﾄﾇﾌﾏﾓ;ﾍﾏﾔﾉﾏﾕ ﾐﾇﾋﾉﾏﾕ;503;ﾌﾁﾃﾍﾇﾓﾉﾁﾓ;5;ﾈﾅﾓﾓﾁﾋﾉﾁﾓ
399;910705;ﾔﾑﾉﾊﾅﾑﾉﾏﾕ;9107;ﾄﾇﾌﾏﾓ;ﾍﾏﾔﾉﾏﾕ ﾐﾇﾋﾉﾏﾕ;503;ﾌﾁﾃﾍﾇﾓﾉﾁﾓ;5;ﾈﾅﾓﾓﾁﾋﾉﾁﾓ
400;910801;ﾊﾁﾑﾋﾁﾓ;9108;ﾄﾇﾌﾏﾓ;ﾑﾇﾃﾁ ﾖﾅﾑﾑﾁﾉﾏﾕ;503;ﾌﾁﾃﾍﾇﾓﾉﾁﾓ;5;ﾈﾅﾓﾓﾁﾋﾉﾁﾓ
401;910802;ﾊﾅﾑﾁﾌﾉﾄﾉﾏﾕ;9108;ﾄﾇﾌﾏﾓ;ﾑﾇﾃﾁ ﾖﾅﾑﾑﾁﾉﾏﾕ;503;ﾌﾁﾃﾍﾇﾓﾉﾁﾓ;5;ﾈﾅﾓﾓﾁﾋﾉﾁﾓ
402;910803;ﾖﾅﾑﾙﾍ;9108;ﾄﾇﾌﾏﾓ;ﾑﾇﾃﾁ ﾖﾅﾑﾑﾁﾉﾏﾕ;503;ﾌﾁﾃﾍﾇﾓﾉﾁﾓ;5;ﾈﾅﾓﾓﾁﾋﾉﾁﾓ
403;910901;ﾁﾋﾏﾍﾍﾇﾓﾏﾕ;9109;ﾄﾇﾌﾏﾓ;ﾁﾋﾏﾍﾍﾇﾓﾏﾕ;504;ﾓﾐﾏﾑﾁﾄﾙﾍ;5;ﾈﾅﾓﾓﾁﾋﾉﾁﾓ
404;911001;ﾓﾊﾉﾁﾈﾏﾕ;9110;ﾄﾇﾌﾏﾓ;ﾓﾊﾉﾁﾈﾏﾕ;504;ﾓﾐﾏﾑﾁﾄﾙﾍ;5;ﾈﾅﾓﾓﾁﾋﾉﾁﾓ
405;911101;ﾓﾊﾏﾐﾅﾋﾏﾕ;9111;ﾄﾇﾌﾏﾓ;ﾓﾊﾏﾐﾅﾋﾏﾕ;504;ﾓﾐﾏﾑﾁﾄﾙﾍ;5;ﾈﾅﾓﾓﾁﾋﾉﾁﾓ
406;911201;ﾁﾓﾐﾑﾏﾐﾏﾔﾁﾌﾏﾕ;9112;ﾄﾇﾌﾏﾓ;ﾊﾁﾋﾁﾌﾐﾁﾊﾁﾓ;505;ﾔﾑﾉﾊﾁﾋﾙﾍ;5;ﾈﾅﾓﾓﾁﾋﾉﾁﾓ
407;911202;ﾂﾁﾓﾉﾋﾉﾊﾇﾓ;9112;ﾄﾇﾌﾏﾓ;ﾊﾁﾋﾁﾌﾐﾁﾊﾁﾓ;505;ﾔﾑﾉﾊﾁﾋﾙﾍ;5;ﾈﾅﾓﾓﾁﾋﾉﾁﾓ
408;911203;ﾊﾁﾋﾁﾌﾐﾁﾊﾁﾓ;9112;ﾄﾇﾌﾏﾓ;ﾊﾁﾋﾁﾌﾐﾁﾊﾁﾓ;505;ﾔﾑﾉﾊﾁﾋﾙﾍ;5;ﾈﾅﾓﾓﾁﾋﾉﾁﾓ
409;911204;ﾊﾁﾓﾔﾁﾍﾉﾁﾓ;9112;ﾄﾇﾌﾏﾓ;ﾊﾁﾋﾁﾌﾐﾁﾊﾁﾓ;505;ﾔﾑﾉﾊﾁﾋﾙﾍ;5;ﾈﾅﾓﾓﾁﾋﾉﾁﾓ
410;911205;ﾊﾋﾅﾉﾍﾏﾂﾏﾕ;9112;ﾄﾇﾌﾏﾓ;ﾊﾁﾋﾁﾌﾐﾁﾊﾁﾓ;505;ﾔﾑﾉﾊﾁﾋﾙﾍ;5;ﾈﾅﾓﾓﾁﾋﾉﾁﾓ
411;911206;ﾌﾁﾋﾁﾊﾁﾓﾉﾏﾕ;9112;ﾄﾇﾌﾏﾓ;ﾊﾁﾋﾁﾌﾐﾁﾊﾁﾓ;505;ﾔﾑﾉﾊﾁﾋﾙﾍ;5;ﾈﾅﾓﾓﾁﾋﾉﾁﾓ
412;911207;ﾔﾕﾌﾖﾁﾉﾙﾍ;9112;ﾄﾇﾌﾏﾓ;ﾊﾁﾋﾁﾌﾐﾁﾊﾁﾓ;505;ﾔﾑﾉﾊﾁﾋﾙﾍ;5;ﾈﾅﾓﾓﾁﾋﾉﾁﾓ
413;911208;ﾗﾁﾓﾉﾙﾍ;9112;ﾄﾇﾌﾏﾓ;ﾊﾁﾋﾁﾌﾐﾁﾊﾁﾓ;505;ﾔﾑﾉﾊﾁﾋﾙﾍ;5;ﾈﾅﾓﾓﾁﾋﾉﾁﾓ
414;911301;ﾁﾉﾈﾇﾊﾙﾍ;9113;ﾄﾇﾌﾏﾓ;ﾐﾕﾋﾇﾓ;505;ﾔﾑﾉﾊﾁﾋﾙﾍ;5;ﾈﾅﾓﾓﾁﾋﾉﾁﾓ
415;911302;ﾃﾏﾌﾖﾙﾍ;9113;ﾄﾇﾌﾏﾓ;ﾐﾕﾋﾇﾓ;505;ﾔﾑﾉﾊﾁﾋﾙﾍ;5;ﾈﾅﾓﾓﾁﾋﾉﾁﾓ
416;911303;ﾌﾕﾑﾏﾖﾕﾋﾋﾏﾕ;9113;ﾄﾇﾌﾏﾓ;ﾐﾕﾋﾇﾓ;505;ﾔﾑﾉﾊﾁﾋﾙﾍ;5;ﾈﾅﾓﾓﾁﾋﾉﾁﾓ
417;911304;ﾍﾅﾑﾁﾉﾄﾁﾓ;9113;ﾄﾇﾌﾏﾓ;ﾐﾕﾋﾇﾓ;505;ﾔﾑﾉﾊﾁﾋﾙﾍ;5;ﾈﾅﾓﾓﾁﾋﾉﾁﾓ
418;911305;ﾐﾉﾁﾋﾅﾉﾙﾍ;9113;ﾄﾇﾌﾏﾓ;ﾐﾕﾋﾇﾓ;505;ﾔﾑﾉﾊﾁﾋﾙﾍ;5;ﾈﾅﾓﾓﾁﾋﾉﾁﾓ
419;911306;ﾐﾉﾍﾄﾅﾙﾍ;9113;ﾄﾇﾌﾏﾓ;ﾐﾕﾋﾇﾓ;505;ﾔﾑﾉﾊﾁﾋﾙﾍ;5;ﾈﾅﾓﾓﾁﾋﾉﾁﾓ
420;911307;ﾐﾕﾋﾇﾓ;9113;ﾄﾇﾌﾏﾓ;ﾐﾕﾋﾇﾓ;505;ﾔﾑﾉﾊﾁﾋﾙﾍ;5;ﾈﾅﾓﾓﾁﾋﾉﾁﾓ
421;911401;ﾅﾓﾔﾉﾁﾉﾙﾔﾉﾄﾁﾓ;9114;ﾄﾇﾌﾏﾓ;ﾔﾑﾉﾊﾊﾁﾉﾙﾍ;505;ﾔﾑﾉﾊﾁﾋﾙﾍ;5;ﾈﾅﾓﾓﾁﾋﾉﾁﾓ
422;911402;ﾊﾁﾋﾋﾉﾄﾅﾍﾄﾑﾏﾕ;9114;ﾄﾇﾌﾏﾓ;ﾔﾑﾉﾊﾊﾁﾉﾙﾍ;505;ﾔﾑﾉﾊﾁﾋﾙﾍ;5;ﾈﾅﾓﾓﾁﾋﾉﾁﾓ
423;911403;ﾊﾏﾆﾉﾁﾊﾁ;9114;ﾄﾇﾌﾏﾓ;ﾔﾑﾉﾊﾊﾁﾉﾙﾍ;505;ﾔﾑﾉﾊﾁﾋﾙﾍ;5;ﾈﾅﾓﾓﾁﾋﾉﾁﾓ
424;911404;ﾌﾅﾃﾁﾋﾙﾍ ﾊﾁﾋﾕﾂﾉﾙﾍ;9114;ﾄﾇﾌﾏﾓ;ﾔﾑﾉﾊﾊﾁﾉﾙﾍ;505;ﾔﾑﾉﾊﾁﾋﾙﾍ;5;ﾈﾅﾓﾓﾁﾋﾉﾁﾓ
425;911405;ﾐﾁﾋﾇﾏﾊﾁﾓﾔﾑﾏﾕ;9114;ﾄﾇﾌﾏﾓ;ﾔﾑﾉﾊﾊﾁﾉﾙﾍ;505;ﾔﾑﾉﾊﾁﾋﾙﾍ;5;ﾈﾅﾓﾓﾁﾋﾉﾁﾓ
426;911406;ﾐﾁﾑﾁﾋﾇﾈﾁﾉﾙﾍ;9114;ﾄﾇﾌﾏﾓ;ﾔﾑﾉﾊﾊﾁﾉﾙﾍ;505;ﾔﾑﾉﾊﾁﾋﾙﾍ;5;ﾈﾅﾓﾓﾁﾋﾉﾁﾓ
427;911407;ﾔﾑﾉﾊﾊﾁﾉﾙﾍ;9114;ﾄﾇﾌﾏﾓ;ﾔﾑﾉﾊﾊﾁﾉﾙﾍ;505;ﾔﾑﾉﾊﾁﾋﾙﾍ;5;ﾈﾅﾓﾓﾁﾋﾉﾁﾓ
428;911408;ﾖﾁﾋﾙﾑﾅﾉﾁﾓ;9114;ﾄﾇﾌﾏﾓ;ﾔﾑﾉﾊﾊﾁﾉﾙﾍ;505;ﾔﾑﾉﾊﾁﾋﾙﾍ;5;ﾈﾅﾓﾓﾁﾋﾉﾁﾓ
429;911501;ﾏﾉﾗﾁﾋﾉﾁﾓ;9115;ﾄﾇﾌﾏﾓ;ﾖﾁﾑﾊﾁﾄﾏﾍﾁﾓ;505;ﾔﾑﾉﾊﾁﾋﾙﾍ;5;ﾈﾅﾓﾓﾁﾋﾉﾁﾓ
430;911502;ﾐﾅﾋﾉﾍﾍﾁﾉﾙﾍ;9115;ﾄﾇﾌﾏﾓ;ﾖﾁﾑﾊﾁﾄﾏﾍﾁﾓ;505;ﾔﾑﾉﾊﾁﾋﾙﾍ;5;ﾈﾅﾓﾓﾁﾋﾉﾁﾓ
431;911503;ﾖﾁﾑﾊﾁﾄﾏﾍﾁﾓ;9115;ﾄﾇﾌﾏﾓ;ﾖﾁﾑﾊﾁﾄﾏﾍﾁﾓ;505;ﾔﾑﾉﾊﾁﾋﾙﾍ;5;ﾈﾅﾓﾓﾁﾋﾉﾁﾓ
432;911601;ﾁﾋﾕﾊﾙﾍ;9116;ﾄﾇﾌﾏﾓ;ﾆﾁﾊﾕﾍﾈﾏﾕ;601;ﾆﾁﾊﾕﾍﾈﾏﾕ;6;ﾉﾏﾍﾉﾙﾍ ﾍﾇﾓﾙﾍ
433;911602;ﾁﾑﾊﾁﾄﾉﾙﾍ;9116;ﾄﾇﾌﾏﾓ;ﾆﾁﾊﾕﾍﾈﾏﾕ;601;ﾆﾁﾊﾕﾍﾈﾏﾕ;6;ﾉﾏﾍﾉﾙﾍ ﾍﾇﾓﾙﾍ
434;911603;ﾁﾑﾔﾅﾌﾉﾓﾉﾙﾍ;9116;ﾄﾇﾌﾏﾓ;ﾆﾁﾊﾕﾍﾈﾏﾕ;601;ﾆﾁﾊﾕﾍﾈﾏﾕ;6;ﾉﾏﾍﾉﾙﾍ ﾍﾇﾓﾙﾍ
435;911604;ﾅﾋﾁﾔﾉﾙﾍ;9116;ﾄﾇﾌﾏﾓ;ﾆﾁﾊﾕﾍﾈﾏﾕ;601;ﾆﾁﾊﾕﾍﾈﾏﾕ;6;ﾉﾏﾍﾉﾙﾍ ﾍﾇﾓﾙﾍ
436;911605;ﾆﾁﾊﾕﾍﾈﾉﾙﾍ;9116;ﾄﾇﾌﾏﾓ;ﾆﾁﾊﾕﾍﾈﾏﾕ;601;ﾆﾁﾊﾕﾍﾈﾏﾕ;6;ﾉﾏﾍﾉﾙﾍ ﾍﾇﾓﾙﾍ
437;911606;ﾋﾁﾃﾁﾍﾁ;9116;ﾄﾇﾌﾏﾓ;ﾆﾁﾊﾕﾍﾈﾏﾕ;601;ﾆﾁﾊﾕﾍﾈﾏﾕ;6;ﾉﾏﾍﾉﾙﾍ ﾍﾇﾓﾙﾍ
438;911701;ﾉﾈﾁﾊﾇﾓ;9117;ﾄﾇﾌﾏﾓ;ﾉﾈﾁﾊﾇﾓ;602;ﾉﾈﾁﾊﾇﾓ;6;ﾉﾏﾍﾉﾙﾍ ﾍﾇﾓﾙﾍ
439;911801;ﾁﾃﾉﾏﾕ ﾃﾅﾙﾑﾃﾉﾏﾕ;9118;ﾄﾇﾌﾏﾓ;ﾊﾅﾑﾊﾕﾑﾁﾓ;603;ﾊﾅﾑﾊﾕﾑﾁﾓ;6;ﾉﾏﾍﾉﾙﾍ ﾍﾇﾓﾙﾍ
440;911802;ﾁﾗﾉﾋﾋﾅﾉﾙﾍ;9118;ﾄﾇﾌﾏﾓ;ﾊﾅﾑﾊﾕﾑﾁﾓ;603;ﾊﾅﾑﾊﾕﾑﾁﾓ;6;ﾉﾏﾍﾉﾙﾍ ﾍﾇﾓﾙﾍ
441;911803;ﾅﾑﾅﾉﾊﾏﾕﾓﾓﾇﾓ;9118;ﾄﾇﾌﾏﾓ;ﾊﾅﾑﾊﾕﾑﾁﾓ;603;ﾊﾅﾑﾊﾕﾑﾁﾓ;6;ﾉﾏﾍﾉﾙﾍ ﾍﾇﾓﾙﾍ
442;911804;ﾅﾓﾐﾅﾑﾉﾙﾍ;9118;ﾄﾇﾌﾏﾓ;ﾊﾅﾑﾊﾕﾑﾁﾓ;603;ﾊﾅﾑﾊﾕﾑﾁﾓ;6;ﾉﾏﾍﾉﾙﾍ ﾍﾇﾓﾙﾍ
443;911805;ﾈﾉﾍﾁﾋﾉﾏﾕ;9118;ﾄﾇﾌﾏﾓ;ﾊﾅﾑﾊﾕﾑﾁﾓ;603;ﾊﾅﾑﾊﾕﾑﾁﾓ;6;ﾉﾏﾍﾉﾙﾍ ﾍﾇﾓﾙﾍ
444;911806;ﾊﾁﾓﾓﾙﾐﾁﾉﾙﾍ;9118;ﾄﾇﾌﾏﾓ;ﾊﾅﾑﾊﾕﾑﾁﾓ;603;ﾊﾅﾑﾊﾕﾑﾁﾓ;6;ﾉﾏﾍﾉﾙﾍ ﾍﾇﾓﾙﾍ
445;911807;ﾊﾅﾑﾊﾕﾑﾁﾉﾙﾍ;9118;ﾄﾇﾌﾏﾓ;ﾊﾅﾑﾊﾕﾑﾁﾓ;603;ﾊﾅﾑﾊﾕﾑﾁﾓ;6;ﾉﾏﾍﾉﾙﾍ ﾍﾇﾓﾙﾍ
446;911808;ﾊﾏﾑﾉﾓﾓﾉﾙﾍ;9118;ﾄﾇﾌﾏﾓ;ﾊﾅﾑﾊﾕﾑﾁﾓ;603;ﾊﾅﾑﾊﾕﾑﾁﾓ;6;ﾉﾏﾍﾉﾙﾍ ﾍﾇﾓﾙﾍ
447;911809;ﾋﾅﾕﾊﾉﾌﾌﾁﾉﾙﾍ;9118;ﾄﾇﾌﾏﾓ;ﾊﾅﾑﾊﾕﾑﾁﾓ;603;ﾊﾅﾑﾊﾕﾑﾁﾓ;6;ﾉﾏﾍﾉﾙﾍ ﾍﾇﾓﾙﾍ
448;911810;ﾌﾁﾈﾑﾁﾊﾉﾏﾕ;9118;ﾄﾇﾌﾏﾓ;ﾊﾅﾑﾊﾕﾑﾁﾓ;603;ﾊﾅﾑﾊﾕﾑﾁﾓ;6;ﾉﾏﾍﾉﾙﾍ ﾍﾇﾓﾙﾍ
449;911811;ﾌﾅﾋﾉﾔﾅﾉﾅﾙﾍ;9118;ﾄﾇﾌﾏﾓ;ﾊﾅﾑﾊﾕﾑﾁﾓ;603;ﾊﾅﾑﾊﾕﾑﾁﾓ;6;ﾉﾏﾍﾉﾙﾍ ﾍﾇﾓﾙﾍ
450;911812;ﾏﾈﾙﾍﾙﾍ;9118;ﾄﾇﾌﾏﾓ;ﾊﾅﾑﾊﾕﾑﾁﾓ;603;ﾊﾅﾑﾊﾕﾑﾁﾓ;6;ﾉﾏﾍﾉﾙﾍ ﾍﾇﾓﾙﾍ
451;911813;ﾐﾁﾋﾁﾉﾏﾊﾁﾓﾔﾑﾉﾔﾙﾍ;9118;ﾄﾇﾌﾏﾓ;ﾊﾅﾑﾊﾕﾑﾁﾓ;603;ﾊﾅﾑﾊﾕﾑﾁﾓ;6;ﾉﾏﾍﾉﾙﾍ ﾍﾇﾓﾙﾍ
452;911814;ﾐﾁﾑﾅﾋﾉﾙﾍ;9118;ﾄﾇﾌﾏﾓ;ﾊﾅﾑﾊﾕﾑﾁﾓ;603;ﾊﾅﾑﾊﾕﾑﾁﾓ;6;ﾉﾏﾍﾉﾙﾍ ﾍﾇﾓﾙﾍ
453;911815;ﾖﾁﾉﾁﾊﾙﾍ;9118;ﾄﾇﾌﾏﾓ;ﾊﾅﾑﾊﾕﾑﾁﾓ;603;ﾊﾅﾑﾊﾕﾑﾁﾓ;6;ﾉﾏﾍﾉﾙﾍ ﾍﾇﾓﾙﾍ
454;911901;ﾐﾁﾎﾙﾍ;9119;ﾄﾇﾌﾏﾓ;ﾐﾁﾎﾙﾍ;603;ﾊﾅﾑﾊﾕﾑﾁﾓ;6;ﾉﾏﾍﾉﾙﾍ ﾍﾇﾓﾙﾍ
455;912001;ﾁﾑﾃﾏﾓﾔﾏﾋﾉﾏﾕ;9120;ﾄﾇﾌﾏﾓ;ﾊﾅﾖﾁﾋﾏﾍﾉﾁﾓ;604;ﾊﾅﾖﾁﾋﾋﾇﾍﾉﾁﾓ;6;ﾉﾏﾍﾉﾙﾍ ﾍﾇﾓﾙﾍ
456;912002;ﾅﾋﾅﾉﾏﾕ - ﾐﾑﾏﾍﾙﾍ;9120;ﾄﾇﾌﾏﾓ;ﾊﾅﾖﾁﾋﾏﾍﾉﾁﾓ;604;ﾊﾅﾖﾁﾋﾋﾇﾍﾉﾁﾓ;6;ﾉﾏﾍﾉﾙﾍ ﾍﾇﾓﾙﾍ
457;912003;ﾅﾑﾉﾓﾏﾕ;9120;ﾄﾇﾌﾏﾓ;ﾊﾅﾖﾁﾋﾏﾍﾉﾁﾓ;604;ﾊﾅﾖﾁﾋﾋﾇﾍﾉﾁﾓ;6;ﾉﾏﾍﾉﾙﾍ ﾍﾇﾓﾙﾍ
458;912004;ﾋﾅﾉﾂﾁﾈﾏﾕﾓ;9120;ﾄﾇﾌﾏﾓ;ﾊﾅﾖﾁﾋﾏﾍﾉﾁﾓ;604;ﾊﾅﾖﾁﾋﾋﾇﾍﾉﾁﾓ;6;ﾉﾏﾍﾉﾙﾍ ﾍﾇﾓﾙﾍ
459;912005;ﾏﾌﾁﾋﾙﾍ;9120;ﾄﾇﾌﾏﾓ;ﾊﾅﾖﾁﾋﾏﾍﾉﾁﾓ;604;ﾊﾅﾖﾁﾋﾋﾇﾍﾉﾁﾓ;6;ﾉﾏﾍﾉﾙﾍ ﾍﾇﾓﾙﾍ
460;912006;ﾐﾁﾋﾉﾊﾇﾓ;9120;ﾄﾇﾌﾏﾓ;ﾊﾅﾖﾁﾋﾏﾍﾉﾁﾓ;604;ﾊﾅﾖﾁﾋﾋﾇﾍﾉﾁﾓ;6;ﾉﾏﾍﾉﾙﾍ ﾍﾇﾓﾙﾍ
461;912007;ﾐﾕﾋﾁﾑﾅﾙﾍ;9120;ﾄﾇﾌﾏﾓ;ﾊﾅﾖﾁﾋﾏﾍﾉﾁﾓ;604;ﾊﾅﾖﾁﾋﾋﾇﾍﾉﾁﾓ;6;ﾉﾏﾍﾉﾙﾍ ﾍﾇﾓﾙﾍ
462;912008;ﾓﾁﾌﾇﾓ;9120;ﾄﾇﾌﾏﾓ;ﾊﾅﾖﾁﾋﾏﾍﾉﾁﾓ;604;ﾊﾅﾖﾁﾋﾋﾇﾍﾉﾁﾓ;6;ﾉﾏﾍﾉﾙﾍ ﾍﾇﾓﾙﾍ
463;912101;ﾁﾐﾏﾋﾋﾙﾍﾉﾙﾍ;9121;ﾄﾇﾌﾏﾓ;ﾋﾅﾕﾊﾁﾄﾁﾓ;605;ﾋﾅﾕﾊﾁﾄﾁﾓ;6;ﾉﾏﾍﾉﾙﾍ ﾍﾇﾓﾙﾍ
464;912102;ﾅﾋﾋﾏﾌﾅﾍﾏﾕ;9121;ﾄﾇﾌﾏﾓ;ﾋﾅﾕﾊﾁﾄﾁﾓ;605;ﾋﾅﾕﾊﾁﾄﾁﾓ;6;ﾉﾏﾍﾉﾙﾍ ﾍﾇﾓﾙﾍ
465;912103;ﾊﾁﾋﾁﾌﾏﾕ;9121;ﾄﾇﾌﾏﾓ;ﾋﾅﾕﾊﾁﾄﾁﾓ;605;ﾋﾅﾕﾊﾁﾄﾁﾓ;6;ﾉﾏﾍﾉﾙﾍ ﾍﾇﾓﾙﾍ
466;912104;ﾊﾁﾑﾕﾁﾓ;9121;ﾄﾇﾌﾏﾓ;ﾋﾅﾕﾊﾁﾄﾁﾓ;605;ﾋﾅﾕﾊﾁﾄﾁﾓ;6;ﾉﾏﾍﾉﾙﾍ ﾍﾇﾓﾙﾍ
467;912105;ﾊﾁﾓﾔﾏﾕ;9121;ﾄﾇﾌﾏﾓ;ﾋﾅﾕﾊﾁﾄﾁﾓ;605;ﾋﾅﾕﾊﾁﾄﾁﾓ;6;ﾉﾏﾍﾉﾙﾍ ﾍﾇﾓﾙﾍ
468;912106;ﾋﾅﾕﾊﾁﾄﾏﾓ;9121;ﾄﾇﾌﾏﾓ;ﾋﾅﾕﾊﾁﾄﾁﾓ;605;ﾋﾅﾕﾊﾁﾄﾁﾓ;6;ﾉﾏﾍﾉﾙﾍ ﾍﾇﾓﾙﾍ
469;912107;ﾓﾖﾁﾊﾉﾙﾔﾙﾍ;9121;ﾄﾇﾌﾏﾓ;ﾋﾅﾕﾊﾁﾄﾁﾓ;605;ﾋﾅﾕﾊﾁﾄﾁﾓ;6;ﾉﾏﾍﾉﾙﾍ ﾍﾇﾓﾙﾍ
470;912201;ﾌﾅﾃﾁﾍﾇﾓﾉﾏﾕ;9122;ﾄﾇﾌﾏﾓ;ﾌﾅﾃﾁﾍﾇﾓﾉﾏﾕ;605;ﾋﾅﾕﾊﾁﾄﾁﾓ;6;ﾉﾏﾍﾉﾙﾍ ﾍﾇﾓﾙﾍ
471;912301;ﾁﾃﾃﾅﾋﾏﾊﾁﾓﾔﾑﾏﾕ;9123;ﾄﾇﾌﾏﾓ;ﾁﾃﾑﾉﾍﾉﾏﾕ;701;ﾁﾉﾔﾙﾋﾏﾁﾊﾁﾑﾍﾁﾍﾉﾁﾓ;7;ﾄﾕﾔﾉﾊﾇﾓ ﾅﾋﾋﾁﾄﾁﾓ
472;912302;ﾁﾃﾑﾉﾍﾉﾏﾕ;9123;ﾄﾇﾌﾏﾓ;ﾁﾃﾑﾉﾍﾉﾏﾕ;701;ﾁﾉﾔﾙﾋﾏﾁﾊﾁﾑﾍﾁﾍﾉﾁﾓ;7;ﾄﾕﾔﾉﾊﾇﾓ ﾅﾋﾋﾁﾄﾁﾓ
473;912303;ﾁﾑﾁﾊﾕﾍﾈﾏﾕ;9123;ﾄﾇﾌﾏﾓ;ﾁﾃﾑﾉﾍﾉﾏﾕ;701;ﾁﾉﾔﾙﾋﾏﾁﾊﾁﾑﾍﾁﾍﾉﾁﾓ;7;ﾄﾕﾔﾉﾊﾇﾓ ﾅﾋﾋﾁﾄﾁﾓ
474;912304;ﾈﾅﾓﾔﾉﾅﾙﾍ;9123;ﾄﾇﾌﾏﾓ;ﾁﾃﾑﾉﾍﾉﾏﾕ;701;ﾁﾉﾔﾙﾋﾏﾁﾊﾁﾑﾍﾁﾍﾉﾁﾓ;7;ﾄﾕﾔﾉﾊﾇﾓ ﾅﾋﾋﾁﾄﾁﾓ
475;912305;ﾌﾁﾊﾑﾕﾍﾅﾉﾁﾓ;9123;ﾄﾇﾌﾏﾓ;ﾁﾃﾑﾉﾍﾉﾏﾕ;701;ﾁﾉﾔﾙﾋﾏﾁﾊﾁﾑﾍﾁﾍﾉﾁﾓ;7;ﾄﾕﾔﾉﾊﾇﾓ ﾅﾋﾋﾁﾄﾁﾓ
476;912306;ﾍﾅﾁﾐﾏﾋﾇﾓ;9123;ﾄﾇﾌﾏﾓ;ﾁﾃﾑﾉﾍﾉﾏﾕ;701;ﾁﾉﾔﾙﾋﾏﾁﾊﾁﾑﾍﾁﾍﾉﾁﾓ;7;ﾄﾕﾔﾉﾊﾇﾓ ﾅﾋﾋﾁﾄﾁﾓ
477;912307;ﾐﾁﾍﾁﾉﾔﾙﾋﾉﾊﾏﾕ;9123;ﾄﾇﾌﾏﾓ;ﾁﾃﾑﾉﾍﾉﾏﾕ;701;ﾁﾉﾔﾙﾋﾏﾁﾊﾁﾑﾍﾁﾍﾉﾁﾓ;7;ﾄﾕﾔﾉﾊﾇﾓ ﾅﾋﾋﾁﾄﾁﾓ
478;912308;ﾐﾁﾑﾁﾂﾏﾋﾁﾓ;9123;ﾄﾇﾌﾏﾓ;ﾁﾃﾑﾉﾍﾉﾏﾕ;701;ﾁﾉﾔﾙﾋﾏﾁﾊﾁﾑﾍﾁﾍﾉﾁﾓ;7;ﾄﾕﾔﾉﾊﾇﾓ ﾅﾋﾋﾁﾄﾁﾓ
479;912309;ﾐﾁﾑﾁﾊﾁﾌﾐﾕﾋﾉﾙﾍ;9123;ﾄﾇﾌﾏﾓ;ﾁﾃﾑﾉﾍﾉﾏﾕ;701;ﾁﾉﾔﾙﾋﾏﾁﾊﾁﾑﾍﾁﾍﾉﾁﾓ;7;ﾄﾕﾔﾉﾊﾇﾓ ﾅﾋﾋﾁﾄﾁﾓ
480;912310;ﾓﾔﾑﾁﾔﾏﾕ;9123;ﾄﾇﾌﾏﾓ;ﾁﾃﾑﾉﾍﾉﾏﾕ;701;ﾁﾉﾔﾙﾋﾏﾁﾊﾁﾑﾍﾁﾍﾉﾁﾓ;7;ﾄﾕﾔﾉﾊﾇﾓ ﾅﾋﾋﾁﾄﾁﾓ
481;912401;ﾁﾍﾁﾊﾔﾏﾑﾉﾏﾕ;9124;ﾄﾇﾌﾏﾓ;ﾁﾊﾔﾉﾏﾕ-ﾂﾏﾍﾉﾔﾓﾁﾓ;701;ﾁﾉﾔﾙﾋﾏﾁﾊﾁﾑﾍﾁﾍﾉﾁﾓ;7;ﾄﾕﾔﾉﾊﾇﾓ ﾅﾋﾋﾁﾄﾁﾓ
482;912402;ﾌﾅﾄﾅﾙﾍﾏﾓ;9124;ﾄﾇﾌﾏﾓ;ﾁﾊﾔﾉﾏﾕ-ﾂﾏﾍﾉﾔﾓﾁﾓ;701;ﾁﾉﾔﾙﾋﾏﾁﾊﾁﾑﾍﾁﾍﾉﾁﾓ;7;ﾄﾕﾔﾉﾊﾇﾓ ﾅﾋﾋﾁﾄﾁﾓ
483;912403;ﾐﾁﾋﾁﾉﾑﾏﾕ;9124;ﾄﾇﾌﾏﾓ;ﾁﾊﾔﾉﾏﾕ-ﾂﾏﾍﾉﾔﾓﾁﾓ;701;ﾁﾉﾔﾙﾋﾏﾁﾊﾁﾑﾍﾁﾍﾉﾁﾓ;7;ﾄﾕﾔﾉﾊﾇﾓ ﾅﾋﾋﾁﾄﾁﾓ
484;912501;ﾁﾌﾖﾉﾋﾏﾗﾉﾁﾓ;9125;ﾄﾇﾌﾏﾓ;ﾁﾌﾖﾉﾋﾏﾗﾉﾁﾓ;701;ﾁﾉﾔﾙﾋﾏﾁﾊﾁﾑﾍﾁﾍﾉﾁﾓ;7;ﾄﾕﾔﾉﾊﾇﾓ ﾅﾋﾋﾁﾄﾁﾓ
485;912502;ﾉﾍﾁﾗﾏﾕ;9125;ﾄﾇﾌﾏﾓ;ﾁﾌﾖﾉﾋﾏﾗﾉﾁﾓ;701;ﾁﾉﾔﾙﾋﾏﾁﾊﾁﾑﾍﾁﾍﾉﾁﾓ;7;ﾄﾕﾔﾉﾊﾇﾓ ﾅﾋﾋﾁﾄﾁﾓ
486;912503;ﾌﾅﾍﾉﾄﾉﾏﾕ;9125;ﾄﾇﾌﾏﾓ;ﾁﾌﾖﾉﾋﾏﾗﾉﾁﾓ;701;ﾁﾉﾔﾙﾋﾏﾁﾊﾁﾑﾍﾁﾍﾉﾁﾓ;7;ﾄﾕﾔﾉﾊﾇﾓ ﾅﾋﾋﾁﾄﾁﾓ
487;912601;ﾈﾅﾑﾌﾏﾕ;9126;ﾄﾇﾌﾏﾓ;ﾈﾅﾑﾌﾏﾕ;701;ﾁﾉﾔﾙﾋﾏﾁﾊﾁﾑﾍﾁﾍﾉﾁﾓ;7;ﾄﾕﾔﾉﾊﾇﾓ ﾅﾋﾋﾁﾄﾁﾓ
488;912701;ﾁﾉﾔﾙﾋﾉﾊﾏﾕ;9127;ﾄﾇﾌﾏﾓ;ﾉﾅﾑﾁﾓ ﾐﾏﾋﾇﾓ ﾌﾅﾓﾏﾋﾏﾃﾃﾉﾏﾕ;701;ﾁﾉﾔﾙﾋﾏﾁﾊﾁﾑﾍﾁﾍﾉﾁﾓ;7;ﾄﾕﾔﾉﾊﾇﾓ ﾅﾋﾋﾁﾄﾁﾓ
489;912702;ﾉﾅﾑﾁﾓ ﾐﾏﾋﾇﾓ ﾌﾅﾓﾏﾋﾏﾃﾃﾉﾏﾕ;9127;ﾄﾇﾌﾏﾓ;ﾉﾅﾑﾁﾓ ﾐﾏﾋﾇﾓ ﾌﾅﾓﾏﾋﾏﾃﾃﾉﾏﾕ;701;ﾁﾉﾔﾙﾋﾏﾁﾊﾁﾑﾍﾁﾍﾉﾁﾓ;7;ﾄﾕﾔﾉﾊﾇﾓ ﾅﾋﾋﾁﾄﾁﾓ
490;912703;ﾏﾉﾍﾉﾁﾄﾙﾍ;9127;ﾄﾇﾌﾏﾓ;ﾉﾅﾑﾁﾓ ﾐﾏﾋﾇﾓ ﾌﾅﾓﾏﾋﾏﾃﾃﾉﾏﾕ;701;ﾁﾉﾔﾙﾋﾏﾁﾊﾁﾑﾍﾁﾍﾉﾁﾓ;7;ﾄﾕﾔﾉﾊﾇﾓ ﾅﾋﾋﾁﾄﾁﾓ
491;912801;ﾁﾍﾔﾉﾑﾑﾉﾏﾕ;9128;ﾄﾇﾌﾏﾓ;ﾍﾁﾕﾐﾁﾊﾔﾉﾁﾓ;701;ﾁﾉﾔﾙﾋﾏﾁﾊﾁﾑﾍﾁﾍﾉﾁﾓ;7;ﾄﾕﾔﾉﾊﾇﾓ ﾅﾋﾋﾁﾄﾁﾓ
492;912802;ﾁﾐﾏﾄﾏﾔﾉﾁﾓ;9128;ﾄﾇﾌﾏﾓ;ﾍﾁﾕﾐﾁﾊﾔﾉﾁﾓ;701;ﾁﾉﾔﾙﾋﾏﾁﾊﾁﾑﾍﾁﾍﾉﾁﾓ;7;ﾄﾕﾔﾉﾊﾇﾓ ﾅﾋﾋﾁﾄﾁﾓ
493;912803;ﾍﾁﾕﾐﾁﾊﾔﾏﾕ;9128;ﾄﾇﾌﾏﾓ;ﾍﾁﾕﾐﾁﾊﾔﾉﾁﾓ;701;ﾁﾉﾔﾙﾋﾏﾁﾊﾁﾑﾍﾁﾍﾉﾁﾓ;7;ﾄﾕﾔﾉﾊﾇﾓ ﾅﾋﾋﾁﾄﾁﾓ
494;912804;ﾐﾋﾁﾔﾁﾍﾏﾕ;9128;ﾄﾇﾌﾏﾓ;ﾍﾁﾕﾐﾁﾊﾔﾉﾁﾓ;701;ﾁﾉﾔﾙﾋﾏﾁﾊﾁﾑﾍﾁﾍﾉﾁﾓ;7;ﾄﾕﾔﾉﾊﾇﾓ ﾅﾋﾋﾁﾄﾁﾓ
495;912805;ﾐﾕﾋﾋﾇﾍﾇﾓ;9128;ﾄﾇﾌﾏﾓ;ﾍﾁﾕﾐﾁﾊﾔﾉﾁﾓ;701;ﾁﾉﾔﾙﾋﾏﾁﾊﾁﾑﾍﾁﾍﾉﾁﾓ;7;ﾄﾕﾔﾉﾊﾇﾓ ﾅﾋﾋﾁﾄﾁﾓ
496;912806;ﾗﾁﾋﾊﾅﾉﾁﾓ;9128;ﾄﾇﾌﾏﾓ;ﾍﾁﾕﾐﾁﾊﾔﾉﾁﾓ;701;ﾁﾉﾔﾙﾋﾏﾁﾊﾁﾑﾍﾁﾍﾉﾁﾓ;7;ﾄﾕﾔﾉﾊﾇﾓ ﾅﾋﾋﾁﾄﾁﾓ
497;912901;ﾁﾋﾕﾆﾉﾁﾓ;9129;ﾄﾇﾌﾏﾓ;ﾎﾇﾑﾏﾌﾅﾑﾏﾕ;701;ﾁﾉﾔﾙﾋﾏﾁﾊﾁﾑﾍﾁﾍﾉﾁﾓ;7;ﾄﾕﾔﾉﾊﾇﾓ ﾅﾋﾋﾁﾄﾁﾓ
498;912902;ﾁﾓﾔﾁﾊﾏﾕ;9129;ﾄﾇﾌﾏﾓ;ﾎﾇﾑﾏﾌﾅﾑﾏﾕ;701;ﾁﾉﾔﾙﾋﾏﾁﾊﾁﾑﾍﾁﾍﾉﾁﾓ;7;ﾄﾕﾔﾉﾊﾇﾓ ﾅﾋﾋﾁﾄﾁﾓ
499;912903;ﾖﾕﾔﾅﾉﾙﾍ;9129;ﾄﾇﾌﾏﾓ;ﾎﾇﾑﾏﾌﾅﾑﾏﾕ;701;ﾁﾉﾔﾙﾋﾏﾁﾊﾁﾑﾍﾁﾍﾉﾁﾓ;7;ﾄﾕﾔﾉﾊﾇﾓ ﾅﾋﾋﾁﾄﾁﾓ
500;913001;ﾁﾉﾃﾅﾉﾑﾁﾓ;9130;ﾄﾇﾌﾏﾓ;ﾁﾉﾃﾉﾁﾋﾅﾉﾁﾓ;702;ﾁﾗﾁﾚﾁﾓ;7;ﾄﾕﾔﾉﾊﾇﾓ ﾅﾋﾋﾁﾄﾁﾓ
501;913002;ﾁﾉﾃﾉﾏﾕ;9130;ﾄﾇﾌﾏﾓ;ﾁﾉﾃﾉﾁﾋﾅﾉﾁﾓ;702;ﾁﾗﾁﾚﾁﾓ;7;ﾄﾕﾔﾉﾊﾇﾓ ﾅﾋﾋﾁﾄﾁﾓ
502;913003;ﾁﾊﾑﾁﾔﾁﾓ;9130;ﾄﾇﾌﾏﾓ;ﾁﾉﾃﾉﾁﾋﾅﾉﾁﾓ;702;ﾁﾗﾁﾚﾁﾓ;7;ﾄﾕﾔﾉﾊﾇﾓ ﾅﾋﾋﾁﾄﾁﾓ
503;913004;ﾄﾉﾁﾊﾏﾐﾔﾏﾕ;9130;ﾄﾇﾌﾏﾓ;ﾁﾉﾃﾉﾁﾋﾅﾉﾁﾓ;702;ﾁﾗﾁﾚﾁﾓ;7;ﾄﾕﾔﾉﾊﾇﾓ ﾅﾋﾋﾁﾄﾁﾓ
504;913005;ﾅﾑﾉﾍﾅﾏﾕ;9130;ﾄﾇﾌﾏﾓ;ﾁﾉﾃﾉﾁﾋﾅﾉﾁﾓ;702;ﾁﾗﾁﾚﾁﾓ;7;ﾄﾕﾔﾉﾊﾇﾓ ﾅﾋﾋﾁﾄﾁﾓ
505;913006;ﾓﾕﾌﾐﾏﾋﾉﾔﾅﾉﾁﾓ;9130;ﾄﾇﾌﾏﾓ;ﾁﾉﾃﾉﾁﾋﾅﾉﾁﾓ;702;ﾁﾗﾁﾚﾁﾓ;7;ﾄﾕﾔﾉﾊﾇﾓ ﾅﾋﾋﾁﾄﾁﾓ
506;913101;ﾄﾕﾌﾇﾓ;9131;ﾄﾇﾌﾏﾓ;ﾄﾕﾔﾉﾊﾇﾓ ﾁﾗﾁﾉﾁﾓ;702;ﾁﾗﾁﾚﾁﾓ;7;ﾄﾕﾔﾉﾊﾇﾓ ﾅﾋﾋﾁﾄﾁﾓ
507;913102;ﾋﾁﾑﾉﾓﾓﾏﾕ;9131;ﾄﾇﾌﾏﾓ;ﾄﾕﾔﾉﾊﾇﾓ ﾁﾗﾁﾉﾁﾓ;702;ﾁﾗﾁﾚﾁﾓ;7;ﾄﾕﾔﾉﾊﾇﾓ ﾅﾋﾋﾁﾄﾁﾓ
508;913103;ﾌﾏﾂﾑﾇﾓ;9131;ﾄﾇﾌﾏﾓ;ﾄﾕﾔﾉﾊﾇﾓ ﾁﾗﾁﾉﾁﾓ;702;ﾁﾗﾁﾚﾁﾓ;7;ﾄﾕﾔﾉﾊﾇﾓ ﾅﾋﾋﾁﾄﾁﾓ
509;913104;ﾙﾋﾅﾍﾉﾁﾓ;9131;ﾄﾇﾌﾏﾓ;ﾄﾕﾔﾉﾊﾇﾓ ﾁﾗﾁﾉﾁﾓ;702;ﾁﾗﾁﾚﾁﾓ;7;ﾄﾕﾔﾉﾊﾇﾓ ﾅﾋﾋﾁﾄﾁﾓ
510;913201;ﾊﾁﾋﾅﾍﾔﾆﾉﾏﾕ;9132;ﾄﾇﾌﾏﾓ;ﾅﾑﾕﾌﾁﾍﾈﾏﾕ;702;ﾁﾗﾁﾚﾁﾓ;7;ﾄﾕﾔﾉﾊﾇﾓ ﾅﾋﾋﾁﾄﾁﾓ
511;913202;ﾋﾅﾏﾍﾔﾉﾏﾕ;9132;ﾄﾇﾌﾏﾓ;ﾅﾑﾕﾌﾁﾍﾈﾏﾕ;702;ﾁﾗﾁﾚﾁﾓ;7;ﾄﾕﾔﾉﾊﾇﾓ ﾅﾋﾋﾁﾄﾁﾓ
512;913203;ﾔﾑﾉﾔﾁﾉﾁﾓ;9132;ﾄﾇﾌﾏﾓ;ﾅﾑﾕﾌﾁﾍﾈﾏﾕ;702;ﾁﾗﾁﾚﾁﾓ;7;ﾄﾕﾔﾉﾊﾇﾓ ﾅﾋﾋﾁﾄﾁﾓ
513;913204;ﾖﾁﾑﾑﾙﾍ;9132;ﾄﾇﾌﾏﾓ;ﾅﾑﾕﾌﾁﾍﾈﾏﾕ;702;ﾁﾗﾁﾚﾁﾓ;7;ﾄﾕﾔﾉﾊﾇﾓ ﾅﾋﾋﾁﾄﾁﾓ
514;913301;ﾁﾑﾏﾁﾍﾉﾁﾓ;9133;ﾄﾇﾌﾏﾓ;ﾊﾁﾋﾁﾂﾑﾕﾔﾙﾍ;702;ﾁﾗﾁﾚﾁﾓ;7;ﾄﾕﾔﾉﾊﾇﾓ ﾅﾋﾋﾁﾄﾁﾓ
515;913302;ﾊﾁﾋﾁﾂﾑﾕﾔﾙﾍ;9133;ﾄﾇﾌﾏﾓ;ﾊﾁﾋﾁﾂﾑﾕﾔﾙﾍ;702;ﾁﾗﾁﾚﾁﾓ;7;ﾄﾕﾔﾉﾊﾇﾓ ﾅﾋﾋﾁﾄﾁﾓ
516;913303;ﾊﾋﾅﾉﾔﾏﾑﾉﾁﾓ;9133;ﾄﾇﾌﾏﾓ;ﾊﾁﾋﾁﾂﾑﾕﾔﾙﾍ;702;ﾁﾗﾁﾚﾁﾓ;7;ﾄﾕﾔﾉﾊﾇﾓ ﾅﾋﾋﾁﾄﾁﾓ
517;913304;ﾐﾁﾚﾙﾍ;9133;ﾄﾇﾌﾏﾓ;ﾊﾁﾋﾁﾂﾑﾕﾔﾙﾍ;702;ﾁﾗﾁﾚﾁﾓ;7;ﾄﾕﾔﾉﾊﾇﾓ ﾅﾋﾋﾁﾄﾁﾓ
518;913401;ﾂﾑﾁﾗﾍﾁﾉﾉﾊﾙﾍ;9134;ﾄﾇﾌﾏﾓ;ﾐﾁﾔﾑﾅﾙﾍ;702;ﾁﾗﾁﾚﾁﾓ;7;ﾄﾕﾔﾉﾊﾇﾓ ﾅﾋﾋﾁﾄﾁﾓ
519;913402;ﾌﾅﾓﾓﾁﾔﾉﾄﾏﾓ;9134;ﾄﾇﾌﾏﾓ;ﾐﾁﾔﾑﾅﾙﾍ;702;ﾁﾗﾁﾚﾁﾓ;7;ﾄﾕﾔﾉﾊﾇﾓ ﾅﾋﾋﾁﾄﾁﾓ
520;913403;ﾐﾁﾑﾁﾋﾉﾁﾓ;9134;ﾄﾇﾌﾏﾓ;ﾐﾁﾔﾑﾅﾙﾍ;702;ﾁﾗﾁﾚﾁﾓ;7;ﾄﾕﾔﾉﾊﾇﾓ ﾅﾋﾋﾁﾄﾁﾓ
521;913404;ﾐﾁﾔﾑﾅﾙﾍ;9134;ﾄﾇﾌﾏﾓ;ﾐﾁﾔﾑﾅﾙﾍ;702;ﾁﾗﾁﾚﾁﾓ;7;ﾄﾕﾔﾉﾊﾇﾓ ﾅﾋﾋﾁﾄﾁﾓ
522;913405;ﾑﾉﾏﾕ;9134;ﾄﾇﾌﾏﾓ;ﾐﾁﾔﾑﾅﾙﾍ;702;ﾁﾗﾁﾚﾁﾓ;7;ﾄﾕﾔﾉﾊﾇﾓ ﾅﾋﾋﾁﾄﾁﾓ
523;913501;ﾁﾍﾄﾑﾁﾂﾉﾄﾁﾓ;9135;ﾄﾇﾌﾏﾓ;ﾁﾍﾄﾑﾁﾂﾉﾄﾁﾓ-ﾊﾕﾋﾋﾇﾍﾇﾓ;703;ﾇﾋﾅﾉﾁﾓ;7;ﾄﾕﾔﾉﾊﾇﾓ ﾅﾋﾋﾁﾄﾁﾓ
524;913502;ﾂﾏﾕﾐﾑﾁﾓﾉﾁﾓ;9135;ﾄﾇﾌﾏﾓ;ﾁﾍﾄﾑﾁﾂﾉﾄﾁﾓ-ﾊﾕﾋﾋﾇﾍﾇﾓ;703;ﾇﾋﾅﾉﾁﾓ;7;ﾄﾕﾔﾉﾊﾇﾓ ﾅﾋﾋﾁﾄﾁﾓ
525;913503;ﾊﾁﾓﾔﾑﾏﾕ - ﾊﾕﾋﾋﾇﾍﾇﾓ;9135;ﾄﾇﾌﾏﾓ;ﾁﾍﾄﾑﾁﾂﾉﾄﾁﾓ-ﾊﾕﾋﾋﾇﾍﾇﾓ;703;ﾇﾋﾅﾉﾁﾓ;7;ﾄﾕﾔﾉﾊﾇﾓ ﾅﾋﾋﾁﾄﾁﾓ
526;913504;ﾋﾅﾗﾁﾉﾍﾙﾍ;9135;ﾄﾇﾌﾏﾓ;ﾁﾍﾄﾑﾁﾂﾉﾄﾁﾓ-ﾊﾕﾋﾋﾇﾍﾇﾓ;703;ﾇﾋﾅﾉﾁﾓ;7;ﾄﾕﾔﾉﾊﾇﾓ ﾅﾋﾋﾁﾄﾁﾓ
527;913601;ﾁﾋﾉﾖﾅﾉﾑﾁﾓ;9136;ﾄﾇﾌﾏﾓ;ﾁﾍﾄﾑﾉﾔﾓﾁﾉﾍﾁﾓ-ﾊﾑﾅﾓﾔﾅﾍﾙﾍ;703;ﾇﾋﾅﾉﾁﾓ;7;ﾄﾕﾔﾉﾊﾇﾓ ﾅﾋﾋﾁﾄﾁﾓ
528;913602;ﾁﾍﾄﾑﾉﾔﾓﾁﾉﾍﾇﾓ;9136;ﾄﾇﾌﾏﾓ;ﾁﾍﾄﾑﾉﾔﾓﾁﾉﾍﾁﾓ-ﾊﾑﾅﾓﾔﾅﾍﾙﾍ;703;ﾇﾋﾅﾉﾁﾓ;7;ﾄﾕﾔﾉﾊﾇﾓ ﾅﾋﾋﾁﾄﾁﾓ
529;913603;ﾓﾊﾉﾋﾋﾏﾕﾍﾔﾏﾓ;9136;ﾄﾇﾌﾏﾓ;ﾁﾍﾄﾑﾉﾔﾓﾁﾉﾍﾁﾓ-ﾊﾑﾅﾓﾔﾅﾍﾙﾍ;703;ﾇﾋﾅﾉﾁﾓ;7;ﾄﾕﾔﾉﾊﾇﾓ ﾅﾋﾋﾁﾄﾁﾓ
530;913701;ﾁﾑﾗﾁﾉﾁﾓ ﾏﾋﾕﾌﾐﾉﾁﾓ;9137;ﾄﾇﾌﾏﾓ;ﾁﾑﾗﾁﾉﾁﾓ ﾏﾋﾕﾌﾐﾉﾁﾓ;703;ﾇﾋﾅﾉﾁﾓ;7;ﾄﾕﾔﾉﾊﾇﾓ ﾅﾋﾋﾁﾄﾁﾓ
531;913702;ﾋﾁﾌﾐﾅﾉﾁﾓ;9137;ﾄﾇﾌﾏﾓ;ﾁﾑﾗﾁﾉﾁﾓ ﾏﾋﾕﾌﾐﾉﾁﾓ;703;ﾇﾋﾅﾉﾁﾓ;7;ﾄﾕﾔﾉﾊﾇﾓ ﾅﾋﾋﾁﾄﾁﾓ
532;913703;ﾋﾁﾓﾉﾙﾍﾏﾓ;9137;ﾄﾇﾌﾏﾓ;ﾁﾑﾗﾁﾉﾁﾓ ﾏﾋﾕﾌﾐﾉﾁﾓ;703;ﾇﾋﾅﾉﾁﾓ;7;ﾄﾕﾔﾉﾊﾇﾓ ﾅﾋﾋﾁﾄﾁﾓ
533;913704;ﾖﾏﾋﾏﾇﾓ;9137;ﾄﾇﾌﾏﾓ;ﾁﾑﾗﾁﾉﾁﾓ ﾏﾋﾕﾌﾐﾉﾁﾓ;703;ﾇﾋﾅﾉﾁﾓ;7;ﾄﾕﾔﾉﾊﾇﾓ ﾅﾋﾋﾁﾄﾁﾓ
534;913801;ﾆﾁﾗﾁﾑﾙﾓ;9138;ﾄﾇﾌﾏﾓ;ﾆﾁﾗﾁﾑﾙﾓ;703;ﾇﾋﾅﾉﾁﾓ;7;ﾄﾕﾔﾉﾊﾇﾓ ﾅﾋﾋﾁﾄﾁﾓ
535;913802;ﾖﾉﾃﾁﾋﾅﾉﾁﾓ;9138;ﾄﾇﾌﾏﾓ;ﾆﾁﾗﾁﾑﾙﾓ;703;ﾇﾋﾅﾉﾁﾓ;7;ﾄﾕﾔﾉﾊﾇﾓ ﾅﾋﾋﾁﾄﾁﾓ
536;913901;ﾁﾌﾁﾋﾉﾁﾄﾏﾓ;9139;ﾄﾇﾌﾏﾓ;ﾇﾋﾉﾄﾁﾓ;703;ﾇﾋﾅﾉﾁﾓ;7;ﾄﾕﾔﾉﾊﾇﾓ ﾅﾋﾋﾁﾄﾁﾓ
537;913902;ﾐﾇﾍﾅﾉﾁﾓ;9139;ﾄﾇﾌﾏﾓ;ﾇﾋﾉﾄﾁﾓ;703;ﾇﾋﾅﾉﾁﾓ;7;ﾄﾕﾔﾉﾊﾇﾓ ﾅﾋﾋﾁﾄﾁﾓ
538;914001;ﾂﾁﾑﾈﾏﾋﾏﾌﾉﾏﾕ;9140;ﾄﾇﾌﾏﾓ;ﾐﾇﾍﾅﾉﾏﾕ;703;ﾇﾋﾅﾉﾁﾓ;7;ﾄﾕﾔﾉﾊﾇﾓ ﾅﾋﾋﾁﾄﾁﾓ
539;914002;ﾃﾁﾓﾔﾏﾕﾍﾇﾓ;9140;ﾄﾇﾌﾏﾓ;ﾐﾇﾍﾅﾉﾏﾕ;703;ﾇﾋﾅﾉﾁﾓ;7;ﾄﾕﾔﾉﾊﾇﾓ ﾅﾋﾋﾁﾄﾁﾓ
540;914003;ﾔﾑﾁﾃﾁﾍﾏﾕ;9140;ﾄﾇﾌﾏﾓ;ﾐﾇﾍﾅﾉﾏﾕ;703;ﾇﾋﾅﾉﾁﾓ;7;ﾄﾕﾔﾉﾊﾇﾓ ﾅﾋﾋﾁﾄﾁﾓ
541;914101;ﾂﾙﾋﾁﾊﾏﾓ;9141;ﾄﾇﾌﾏﾓ;ﾐﾕﾑﾃﾏﾕ;703;ﾇﾋﾅﾉﾁﾓ;7;ﾄﾕﾔﾉﾊﾇﾓ ﾅﾋﾋﾁﾄﾁﾓ
542;914102;ﾉﾁﾑﾄﾁﾍﾏﾕ;9141;ﾄﾇﾌﾏﾓ;ﾐﾕﾑﾃﾏﾕ;703;ﾇﾋﾅﾉﾁﾓ;7;ﾄﾕﾔﾉﾊﾇﾓ ﾅﾋﾋﾁﾄﾁﾓ
543;914103;ﾐﾕﾑﾃﾏﾕ;9141;ﾄﾇﾌﾏﾓ;ﾐﾕﾑﾃﾏﾕ;703;ﾇﾋﾅﾉﾁﾓ;7;ﾄﾕﾔﾉﾊﾇﾓ ﾅﾋﾋﾁﾄﾁﾓ
544;914104;ﾙﾋﾅﾍﾇﾓ;9141;ﾄﾇﾌﾏﾓ;ﾐﾕﾑﾃﾏﾕ;703;ﾇﾋﾅﾉﾁﾓ;7;ﾄﾕﾔﾉﾊﾇﾓ ﾅﾋﾋﾁﾄﾁﾓ
545;914201;ﾁﾋﾉﾁﾑﾔﾏﾕ;9142;ﾄﾇﾌﾏﾓ;ﾁﾋﾉﾁﾑﾔﾏﾕ;801;ﾂﾏﾉﾙﾔﾉﾁﾓ;8;ﾓﾔﾅﾑﾅﾁﾓ ﾅﾋﾋﾁﾄﾁﾓ
546;914202;ﾈﾅﾓﾐﾉﾅﾙﾍ;9142;ﾄﾇﾌﾏﾓ;ﾁﾋﾉﾁﾑﾔﾏﾕ;801;ﾂﾏﾉﾙﾔﾉﾁﾓ;8;ﾓﾔﾅﾑﾅﾁﾓ ﾅﾋﾋﾁﾄﾁﾓ
547;914301;ﾁﾍﾔﾉﾊﾕﾑﾁﾓ;9143;ﾄﾇﾌﾏﾓ;ﾄﾉﾓﾔﾏﾌﾏﾕ - ﾁﾑﾁﾗﾏﾂﾁﾓ - ﾁﾍﾔﾉﾊﾕﾑﾁﾓ;801;ﾂﾏﾉﾙﾔﾉﾁﾓ;8;ﾓﾔﾅﾑﾅﾁﾓ ﾅﾋﾋﾁﾄﾁﾓ
548;914302;ﾁﾑﾁﾗﾏﾂﾇﾓ;9143;ﾄﾇﾌﾏﾓ;ﾄﾉﾓﾔﾏﾌﾏﾕ - ﾁﾑﾁﾗﾏﾂﾁﾓ - ﾁﾍﾔﾉﾊﾕﾑﾁﾓ;801;ﾂﾏﾉﾙﾔﾉﾁﾓ;8;ﾓﾔﾅﾑﾅﾁﾓ ﾅﾋﾋﾁﾄﾁﾓ
549;914303;ﾄﾉﾓﾔﾏﾌﾏﾕ;9143;ﾄﾇﾌﾏﾓ;ﾄﾉﾓﾔﾏﾌﾏﾕ - ﾁﾑﾁﾗﾏﾂﾁﾓ - ﾁﾍﾔﾉﾊﾕﾑﾁﾓ;801;ﾂﾏﾉﾙﾔﾉﾁﾓ;8;ﾓﾔﾅﾑﾅﾁﾓ ﾅﾋﾋﾁﾄﾁﾓ
550;914401;ﾂﾁﾃﾉﾙﾍ;9144;ﾄﾇﾌﾏﾓ;ﾈﾇﾂﾁﾉﾙﾍ;801;ﾂﾏﾉﾙﾔﾉﾁﾓ;8;ﾓﾔﾅﾑﾅﾁﾓ ﾅﾋﾋﾁﾄﾁﾓ
551;914402;ﾈﾇﾂﾁﾉﾙﾍ;9144;ﾄﾇﾌﾏﾓ;ﾈﾇﾂﾁﾉﾙﾍ;801;ﾂﾏﾉﾙﾔﾉﾁﾓ;8;ﾓﾔﾅﾑﾅﾁﾓ ﾅﾋﾋﾁﾄﾁﾓ
552;914403;ﾈﾉﾓﾂﾇﾓ;9144;ﾄﾇﾌﾏﾓ;ﾈﾇﾂﾁﾉﾙﾍ;801;ﾂﾏﾉﾙﾔﾉﾁﾓ;8;ﾓﾔﾅﾑﾅﾁﾓ ﾅﾋﾋﾁﾄﾁﾓ
553;914404;ﾐﾋﾁﾔﾁﾉﾙﾍ;9144;ﾄﾇﾌﾏﾓ;ﾈﾇﾂﾁﾉﾙﾍ;801;ﾂﾏﾉﾙﾔﾉﾁﾓ;8;ﾓﾔﾅﾑﾅﾁﾓ ﾅﾋﾋﾁﾄﾁﾓ
554;914501;ﾄﾁﾕﾋﾅﾉﾁﾓ;9145;ﾄﾇﾌﾏﾓ;ﾋﾅﾂﾁﾄﾅﾙﾍ;801;ﾂﾏﾉﾙﾔﾉﾁﾓ;8;ﾓﾔﾅﾑﾅﾁﾓ ﾅﾋﾋﾁﾄﾁﾓ
555;914502;ﾊﾏﾑﾙﾍﾅﾉﾁﾓ;9145;ﾄﾇﾌﾏﾓ;ﾋﾅﾂﾁﾄﾅﾙﾍ;801;ﾂﾏﾉﾙﾔﾉﾁﾓ;8;ﾓﾔﾅﾑﾅﾁﾓ ﾅﾋﾋﾁﾄﾁﾓ
556;914503;ﾊﾕﾑﾉﾁﾊﾉﾏﾕ;9145;ﾄﾇﾌﾏﾓ;ﾋﾅﾂﾁﾄﾅﾙﾍ;801;ﾂﾏﾉﾙﾔﾉﾁﾓ;8;ﾓﾔﾅﾑﾅﾁﾓ ﾅﾋﾋﾁﾄﾁﾓ
557;914504;ﾋﾅﾂﾁﾄﾅﾙﾍ;9145;ﾄﾇﾌﾏﾓ;ﾋﾅﾂﾁﾄﾅﾙﾍ;801;ﾂﾏﾉﾙﾔﾉﾁﾓ;8;ﾓﾔﾅﾑﾅﾁﾓ ﾅﾋﾋﾁﾄﾁﾓ
558;914505;ﾗﾁﾉﾑﾙﾍﾅﾉﾁﾓ;9145;ﾄﾇﾌﾏﾓ;ﾋﾅﾂﾁﾄﾅﾙﾍ;801;ﾂﾏﾉﾙﾔﾉﾁﾓ;8;ﾓﾔﾅﾑﾅﾁﾓ ﾅﾋﾋﾁﾄﾁﾓ
559;914601;ﾁﾊﾑﾁﾉﾖﾍﾉﾁﾓ;9146;ﾄﾇﾌﾏﾓ;ﾏﾑﾗﾏﾌﾅﾍﾏﾕ;801;ﾂﾏﾉﾙﾔﾉﾁﾓ;8;ﾓﾔﾅﾑﾅﾁﾓ ﾅﾋﾋﾁﾄﾁﾓ
560;914602;ﾏﾑﾗﾏﾌﾅﾍﾏﾕ;9146;ﾄﾇﾌﾏﾓ;ﾏﾑﾗﾏﾌﾅﾍﾏﾕ;801;ﾂﾏﾉﾙﾔﾉﾁﾓ;8;ﾓﾔﾅﾑﾅﾁﾓ ﾅﾋﾋﾁﾄﾁﾓ
561;914701;ﾄﾅﾑﾂﾅﾍﾏﾗﾙﾑﾉﾙﾍ;9147;ﾄﾇﾌﾏﾓ;ﾔﾁﾍﾁﾃﾑﾁﾓ;801;ﾂﾏﾉﾙﾔﾉﾁﾓ;8;ﾓﾔﾅﾑﾅﾁﾓ ﾅﾋﾋﾁﾄﾁﾓ
562;914702;ﾏﾉﾍﾏﾖﾕﾔﾙﾍ;9147;ﾄﾇﾌﾏﾓ;ﾔﾁﾍﾁﾃﾑﾁﾓ;801;ﾂﾏﾉﾙﾔﾉﾁﾓ;8;ﾓﾔﾅﾑﾅﾁﾓ ﾅﾋﾋﾁﾄﾁﾓ
563;914703;ﾓﾗﾇﾌﾁﾔﾁﾑﾉﾏﾕ;9147;ﾄﾇﾌﾏﾓ;ﾔﾁﾍﾁﾃﾑﾁﾓ;801;ﾂﾏﾉﾙﾔﾉﾁﾓ;8;ﾓﾔﾅﾑﾅﾁﾓ ﾅﾋﾋﾁﾄﾁﾓ
564;914704;ﾔﾁﾍﾁﾃﾑﾁﾓ;9147;ﾄﾇﾌﾏﾓ;ﾔﾁﾍﾁﾃﾑﾁﾓ;801;ﾂﾏﾉﾙﾔﾉﾁﾓ;8;ﾓﾔﾅﾑﾅﾁﾓ ﾅﾋﾋﾁﾄﾁﾓ
565;914801;ﾄﾉﾑﾖﾕﾙﾍ;9148;ﾄﾇﾌﾏﾓ;ﾄﾉﾑﾖﾕﾙﾍ-ﾌﾅﾓﾓﾁﾐﾉﾙﾍ;802;ﾅﾕﾂﾏﾉﾁﾓ;8;ﾓﾔﾅﾑﾅﾁﾓ ﾅﾋﾋﾁﾄﾁﾓ
566;914802;ﾌﾅﾓﾓﾁﾐﾉﾙﾍ;9148;ﾄﾇﾌﾏﾓ;ﾄﾉﾑﾖﾕﾙﾍ-ﾌﾅﾓﾓﾁﾐﾉﾙﾍ;802;ﾅﾕﾂﾏﾉﾁﾓ;8;ﾓﾔﾅﾑﾅﾁﾓ ﾅﾋﾋﾁﾄﾁﾓ
567;914901;ﾁﾌﾁﾑﾕﾍﾈﾉﾙﾍ;9149;ﾄﾇﾌﾏﾓ;ﾅﾑﾅﾔﾑﾉﾁﾓ;802;ﾅﾕﾂﾏﾉﾁﾓ;8;ﾓﾔﾅﾑﾅﾁﾓ ﾅﾋﾋﾁﾄﾁﾓ
568;914902;ﾅﾑﾅﾔﾑﾉﾁﾓ;9149;ﾄﾇﾌﾏﾓ;ﾅﾑﾅﾔﾑﾉﾁﾓ;802;ﾅﾕﾂﾏﾉﾁﾓ;8;ﾓﾔﾅﾑﾅﾁﾓ ﾅﾋﾋﾁﾄﾁﾓ
569;915001;ﾁﾉﾄﾇﾘﾏﾕ;9150;ﾄﾇﾌﾏﾓ;ﾉﾓﾔﾉﾁﾉﾁﾓ-ﾁﾉﾄﾇﾘﾏﾕ;802;ﾅﾕﾂﾏﾉﾁﾓ;8;ﾓﾔﾅﾑﾅﾁﾓ ﾅﾋﾋﾁﾄﾁﾓ
570;915002;ﾁﾑﾔﾅﾌﾉﾓﾉﾏﾕ;9150;ﾄﾇﾌﾏﾓ;ﾉﾓﾔﾉﾁﾉﾁﾓ-ﾁﾉﾄﾇﾘﾏﾕ;802;ﾅﾕﾂﾏﾉﾁﾓ;8;ﾓﾔﾅﾑﾅﾁﾓ ﾅﾋﾋﾁﾄﾁﾓ
571;915003;ﾉﾓﾔﾉﾁﾉﾁﾓ;9150;ﾄﾇﾌﾏﾓ;ﾉﾓﾔﾉﾁﾉﾁﾓ-ﾁﾉﾄﾇﾘﾏﾕ;802;ﾅﾕﾂﾏﾉﾁﾓ;8;ﾓﾔﾅﾑﾅﾁﾓ ﾅﾋﾋﾁﾄﾁﾓ
572;915004;ﾋﾉﾗﾁﾄﾏﾓ;9150;ﾄﾇﾌﾏﾓ;ﾉﾓﾔﾉﾁﾉﾁﾓ-ﾁﾉﾄﾇﾘﾏﾕ;802;ﾅﾕﾂﾏﾉﾁﾓ;8;ﾓﾔﾅﾑﾅﾁﾓ ﾅﾋﾋﾁﾄﾁﾓ
573;915005;ﾙﾑﾅﾙﾍ;9150;ﾄﾇﾌﾏﾓ;ﾉﾓﾔﾉﾁﾉﾁﾓ-ﾁﾉﾄﾇﾘﾏﾕ;802;ﾅﾕﾂﾏﾉﾁﾓ;8;ﾓﾔﾅﾑﾅﾁﾓ ﾅﾋﾋﾁﾄﾁﾓ
574;915101;ﾊﾁﾑﾕﾓﾔﾏﾕ;9151;ﾄﾇﾌﾏﾓ;ﾊﾁﾑﾕﾓﾔﾏﾕ;802;ﾅﾕﾂﾏﾉﾁﾓ;8;ﾓﾔﾅﾑﾅﾁﾓ ﾅﾋﾋﾁﾄﾁﾓ
575;915102;ﾊﾁﾖﾇﾑﾅﾙﾓ;9151;ﾄﾇﾌﾏﾓ;ﾊﾁﾑﾕﾓﾔﾏﾕ;802;ﾅﾕﾂﾏﾉﾁﾓ;8;ﾓﾔﾅﾑﾅﾁﾓ ﾅﾋﾋﾁﾄﾁﾓ
576;915103;ﾌﾁﾑﾌﾁﾑﾉﾏﾕ;9151;ﾄﾇﾌﾏﾓ;ﾊﾁﾑﾕﾓﾔﾏﾕ;802;ﾅﾕﾂﾏﾉﾁﾓ;8;ﾓﾔﾅﾑﾅﾁﾓ ﾅﾋﾋﾁﾄﾁﾓ
577;915104;ﾓﾔﾕﾑﾅﾙﾍ;9151;ﾄﾇﾌﾏﾓ;ﾊﾁﾑﾕﾓﾔﾏﾕ;802;ﾅﾕﾂﾏﾉﾁﾓ;8;ﾓﾔﾅﾑﾅﾁﾓ ﾅﾋﾋﾁﾄﾁﾓ
578;915201;ﾁﾕﾋﾙﾍﾏﾓ;9152;ﾄﾇﾌﾏﾓ;ﾊﾕﾌﾇﾓ-ﾁﾋﾉﾂﾅﾑﾉﾏﾕ;802;ﾅﾕﾂﾏﾉﾁﾓ;8;ﾓﾔﾅﾑﾅﾁﾓ ﾅﾋﾋﾁﾄﾁﾓ
579;915202;ﾄﾕﾓﾔﾉﾙﾍ;9152;ﾄﾇﾌﾏﾓ;ﾊﾕﾌﾇﾓ-ﾁﾋﾉﾂﾅﾑﾉﾏﾕ;802;ﾅﾕﾂﾏﾉﾁﾓ;8;ﾓﾔﾅﾑﾅﾁﾓ ﾅﾋﾋﾁﾄﾁﾓ
580;915203;ﾊﾏﾍﾉﾓﾔﾑﾙﾍ;9152;ﾄﾇﾌﾏﾓ;ﾊﾕﾌﾇﾓ-ﾁﾋﾉﾂﾅﾑﾉﾏﾕ;802;ﾅﾕﾂﾏﾉﾁﾓ;8;ﾓﾔﾅﾑﾅﾁﾓ ﾅﾋﾋﾁﾄﾁﾓ
581;915204;ﾊﾕﾌﾇﾓ;9152;ﾄﾇﾌﾏﾓ;ﾊﾕﾌﾇﾓ-ﾁﾋﾉﾂﾅﾑﾉﾏﾕ;802;ﾅﾕﾂﾏﾉﾁﾓ;8;ﾓﾔﾅﾑﾅﾁﾓ ﾅﾋﾋﾁﾄﾁﾓ
582;915205;ﾔﾁﾌﾕﾍﾅﾙﾍ;9152;ﾄﾇﾌﾏﾓ;ﾊﾕﾌﾇﾓ-ﾁﾋﾉﾂﾅﾑﾉﾏﾕ;802;ﾅﾕﾂﾏﾉﾁﾓ;8;ﾓﾔﾅﾑﾅﾁﾓ ﾅﾋﾋﾁﾄﾁﾓ
583;915301;ﾅﾋﾕﾌﾍﾉﾙﾍ;9153;ﾄﾇﾌﾏﾓ;ﾌﾁﾍﾔﾏﾕﾄﾉﾏﾕ-ﾋﾉﾌﾍﾇﾓ-ﾁﾃﾉﾁﾓ ﾁﾍﾍﾁﾓ;802;ﾅﾕﾂﾏﾉﾁﾓ;8;ﾓﾔﾅﾑﾅﾁﾓ ﾅﾋﾋﾁﾄﾁﾓ
584;915302;ﾊﾇﾑﾅﾙﾓ;9153;ﾄﾇﾌﾏﾓ;ﾌﾁﾍﾔﾏﾕﾄﾉﾏﾕ-ﾋﾉﾌﾍﾇﾓ-ﾁﾃﾉﾁﾓ ﾁﾍﾍﾁﾓ;802;ﾅﾕﾂﾏﾉﾁﾓ;8;ﾓﾔﾅﾑﾅﾁﾓ ﾅﾋﾋﾁﾄﾁﾓ
585;915303;ﾍﾇﾋﾅﾙﾓ;9153;ﾄﾇﾌﾏﾓ;ﾌﾁﾍﾔﾏﾕﾄﾉﾏﾕ-ﾋﾉﾌﾍﾇﾓ-ﾁﾃﾉﾁﾓ ﾁﾍﾍﾁﾓ;802;ﾅﾕﾂﾏﾉﾁﾓ;8;ﾓﾔﾅﾑﾅﾁﾓ ﾅﾋﾋﾁﾄﾁﾓ
586;915401;ﾓﾊﾕﾑﾏﾕ;9154;ﾄﾇﾌﾏﾓ;ﾓﾊﾕﾑﾏﾕ;802;ﾅﾕﾂﾏﾉﾁﾓ;8;ﾓﾔﾅﾑﾅﾁﾓ ﾅﾋﾋﾁﾄﾁﾓ
587;915501;ﾁﾍﾈﾇﾄﾙﾍﾏﾓ;9155;ﾄﾇﾌﾏﾓ;ﾗﾁﾋﾊﾉﾄﾅﾙﾍ;802;ﾅﾕﾂﾏﾉﾁﾓ;8;ﾓﾔﾅﾑﾅﾁﾓ ﾅﾋﾋﾁﾄﾁﾓ
588;915502;ﾁﾕﾋﾉﾄﾏﾓ;9155;ﾄﾇﾌﾏﾓ;ﾗﾁﾋﾊﾉﾄﾅﾙﾍ;802;ﾅﾕﾂﾏﾉﾁﾓ;8;ﾓﾔﾅﾑﾅﾁﾓ ﾅﾋﾋﾁﾄﾁﾓ
589;915503;ﾋﾇﾋﾁﾍﾔﾉﾙﾍ;9155;ﾄﾇﾌﾏﾓ;ﾗﾁﾋﾊﾉﾄﾅﾙﾍ;802;ﾅﾕﾂﾏﾉﾁﾓ;8;ﾓﾔﾅﾑﾅﾁﾓ ﾅﾋﾋﾁﾄﾁﾓ
590;915504;ﾍﾅﾁﾓ ﾁﾑﾔﾁﾊﾇﾓ;9155;ﾄﾇﾌﾏﾓ;ﾗﾁﾋﾊﾉﾄﾅﾙﾍ;802;ﾅﾕﾂﾏﾉﾁﾓ;8;ﾓﾔﾅﾑﾅﾁﾓ ﾅﾋﾋﾁﾄﾁﾓ
591;915505;ﾗﾁﾋﾊﾉﾄﾅﾙﾍ;9155;ﾄﾇﾌﾏﾓ;ﾗﾁﾋﾊﾉﾄﾅﾙﾍ;802;ﾅﾕﾂﾏﾉﾁﾓ;8;ﾓﾔﾅﾑﾅﾁﾓ ﾅﾋﾋﾁﾄﾁﾓ
592;915601;ﾁﾃﾑﾁﾖﾙﾍ;9156;ﾄﾇﾌﾏﾓ;ﾁﾃﾑﾁﾖﾙﾍ;803;ﾅﾕﾑﾕﾔﾁﾍﾉﾁﾓ;8;ﾓﾔﾅﾑﾅﾁﾓ ﾅﾋﾋﾁﾄﾁﾓ
593;915602;ﾁﾐﾅﾑﾁﾍﾔﾉﾙﾍ;9156;ﾄﾇﾌﾏﾓ;ﾁﾃﾑﾁﾖﾙﾍ;803;ﾅﾕﾑﾕﾔﾁﾍﾉﾁﾓ;8;ﾓﾔﾅﾑﾅﾁﾓ ﾅﾋﾋﾁﾄﾁﾓ
594;915603;ﾁﾓﾐﾑﾏﾐﾏﾔﾁﾌﾏﾕ;9156;ﾄﾇﾌﾏﾓ;ﾁﾃﾑﾁﾖﾙﾍ;803;ﾅﾕﾑﾕﾔﾁﾍﾉﾁﾓ;8;ﾓﾔﾅﾑﾅﾁﾓ ﾅﾋﾋﾁﾄﾁﾓ
595;915604;ﾂﾉﾍﾉﾁﾍﾇﾓ;9156;ﾄﾇﾌﾏﾓ;ﾁﾃﾑﾁﾖﾙﾍ;803;ﾅﾕﾑﾕﾔﾁﾍﾉﾁﾓ;8;ﾓﾔﾅﾑﾅﾁﾓ ﾅﾋﾋﾁﾄﾁﾓ
596;915605;ﾖﾑﾁﾃﾊﾉﾓﾔﾁﾓ;9156;ﾄﾇﾌﾏﾓ;ﾁﾃﾑﾁﾖﾙﾍ;803;ﾅﾕﾑﾕﾔﾁﾍﾉﾁﾓ;8;ﾓﾔﾅﾑﾅﾁﾓ ﾅﾋﾋﾁﾄﾁﾓ
597;915701;ﾄﾏﾌﾍﾉﾓﾔﾁﾓ;9157;ﾄﾇﾌﾏﾓ;ﾊﾁﾑﾐﾅﾍﾇﾓﾉﾏﾕ;803;ﾅﾕﾑﾕﾔﾁﾍﾉﾁﾓ;8;ﾓﾔﾅﾑﾅﾁﾓ ﾅﾋﾋﾁﾄﾁﾓ
598;915702;ﾊﾁﾑﾐﾅﾍﾇﾓﾉﾏﾕ;9157;ﾄﾇﾌﾏﾓ;ﾊﾁﾑﾐﾅﾍﾇﾓﾉﾏﾕ;803;ﾅﾕﾑﾕﾔﾁﾍﾉﾁﾓ;8;ﾓﾔﾅﾑﾅﾁﾓ ﾅﾋﾋﾁﾄﾁﾓ
599;915703;ﾊﾔﾇﾌﾅﾍﾉﾙﾍ;9157;ﾄﾇﾌﾏﾓ;ﾊﾁﾑﾐﾅﾍﾇﾓﾉﾏﾕ;803;ﾅﾕﾑﾕﾔﾁﾍﾉﾁﾓ;8;ﾓﾔﾅﾑﾅﾁﾓ ﾅﾋﾋﾁﾄﾁﾓ
600;915704;ﾐﾏﾔﾁﾌﾉﾁﾓ;9157;ﾄﾇﾌﾏﾓ;ﾊﾁﾑﾐﾅﾍﾇﾓﾉﾏﾕ;803;ﾅﾕﾑﾕﾔﾁﾍﾉﾁﾓ;8;ﾓﾔﾅﾑﾅﾁﾓ ﾅﾋﾋﾁﾄﾁﾓ
601;915705;ﾐﾑﾏﾕﾓﾓﾏﾕ;9157;ﾄﾇﾌﾏﾓ;ﾊﾁﾑﾐﾅﾍﾇﾓﾉﾏﾕ;803;ﾅﾕﾑﾕﾔﾁﾍﾉﾁﾓ;8;ﾓﾔﾅﾑﾅﾁﾓ ﾅﾋﾋﾁﾄﾁﾓ
602;915706;ﾖﾏﾕﾑﾍﾁ;9157;ﾄﾇﾌﾏﾓ;ﾊﾁﾑﾐﾅﾍﾇﾓﾉﾏﾕ;803;ﾅﾕﾑﾕﾔﾁﾍﾉﾁﾓ;8;ﾓﾔﾅﾑﾅﾁﾓ ﾅﾋﾋﾁﾄﾁﾓ
603;915801;ﾁﾌﾖﾉﾊﾋﾅﾉﾁﾓ;9158;ﾄﾇﾌﾏﾓ;ﾁﾌﾖﾉﾊﾋﾅﾉﾁﾓ - ﾅﾋﾁﾔﾅﾉﾁﾓ;804;ﾖﾈﾉﾙﾔﾉﾄﾁﾓ;8;ﾓﾔﾅﾑﾅﾁﾓ ﾅﾋﾋﾁﾄﾁﾓ
604;915802;ﾅﾋﾁﾔﾅﾉﾁﾓ;9158;ﾄﾇﾌﾏﾓ;ﾁﾌﾖﾉﾊﾋﾅﾉﾁﾓ - ﾅﾋﾁﾔﾅﾉﾁﾓ;804;ﾖﾈﾉﾙﾔﾉﾄﾁﾓ;8;ﾓﾔﾅﾑﾅﾁﾓ ﾅﾋﾋﾁﾄﾁﾓ
605;915803;ﾔﾉﾈﾏﾑﾅﾁﾓ;9158;ﾄﾇﾌﾏﾓ;ﾁﾌﾖﾉﾊﾋﾅﾉﾁﾓ - ﾅﾋﾁﾔﾅﾉﾁﾓ;804;ﾖﾈﾉﾙﾔﾉﾄﾁﾓ;8;ﾓﾔﾅﾑﾅﾁﾓ ﾅﾋﾋﾁﾄﾁﾓ
606;915901;ﾄﾏﾌﾏﾊﾏﾕ;9159;ﾄﾇﾌﾏﾓ;ﾄﾏﾌﾏﾊﾏﾕ;804;ﾖﾈﾉﾙﾔﾉﾄﾁﾓ;8;ﾓﾔﾅﾑﾅﾁﾓ ﾅﾋﾋﾁﾄﾁﾓ
607;915902;ﾈﾅﾓﾓﾁﾋﾉﾙﾔﾉﾄﾏﾓ;9159;ﾄﾇﾌﾏﾓ;ﾄﾏﾌﾏﾊﾏﾕ;804;ﾖﾈﾉﾙﾔﾉﾄﾁﾓ;8;ﾓﾔﾅﾑﾅﾁﾓ ﾅﾋﾋﾁﾄﾁﾓ
608;915903;ﾎﾕﾍﾉﾁﾄﾏﾓ;9159;ﾄﾇﾌﾏﾓ;ﾄﾏﾌﾏﾊﾏﾕ;804;ﾖﾈﾉﾙﾔﾉﾄﾁﾓ;8;ﾓﾔﾅﾑﾅﾁﾓ ﾅﾋﾋﾁﾄﾁﾓ
609;916001;ﾃﾏﾑﾃﾏﾐﾏﾔﾁﾌﾏﾕ;9160;ﾄﾇﾌﾏﾓ;ﾋﾁﾌﾉﾅﾙﾍ;804;ﾖﾈﾉﾙﾔﾉﾄﾁﾓ;8;ﾓﾔﾅﾑﾅﾁﾓ ﾅﾋﾋﾁﾄﾁﾓ
610;916002;ﾋﾁﾌﾉﾅﾙﾍ;9160;ﾄﾇﾌﾏﾓ;ﾋﾁﾌﾉﾅﾙﾍ;804;ﾖﾈﾉﾙﾔﾉﾄﾁﾓ;8;ﾓﾔﾅﾑﾅﾁﾓ ﾅﾋﾋﾁﾄﾁﾓ
611;916003;ﾋﾅﾉﾁﾍﾏﾊﾋﾁﾄﾉﾏﾕ;9160;ﾄﾇﾌﾏﾓ;ﾋﾁﾌﾉﾅﾙﾍ;804;ﾖﾈﾉﾙﾔﾉﾄﾁﾓ;8;ﾓﾔﾅﾑﾅﾁﾓ ﾅﾋﾋﾁﾄﾁﾓ
612;916004;ﾐﾁﾕﾋﾉﾁﾍﾇﾓ;9160;ﾄﾇﾌﾏﾓ;ﾋﾁﾌﾉﾅﾙﾍ;804;ﾖﾈﾉﾙﾔﾉﾄﾁﾓ;8;ﾓﾔﾅﾑﾅﾁﾓ ﾅﾋﾋﾁﾄﾁﾓ
613;916005;ﾕﾐﾁﾔﾇﾓ;9160;ﾄﾇﾌﾏﾓ;ﾋﾁﾌﾉﾅﾙﾍ;804;ﾖﾈﾉﾙﾔﾉﾄﾁﾓ;8;ﾓﾔﾅﾑﾅﾁﾓ ﾅﾋﾋﾁﾄﾁﾓ
614;916101;ﾁﾔﾁﾋﾁﾍﾔﾇﾓ;9161;ﾄﾇﾌﾏﾓ;ﾋﾏﾊﾑﾙﾍ;804;ﾖﾈﾉﾙﾔﾉﾄﾁﾓ;8;ﾓﾔﾅﾑﾅﾁﾓ ﾅﾋﾋﾁﾄﾁﾓ
615;916102;ﾄﾁﾖﾍﾏﾕﾓﾉﾙﾍ;9161;ﾄﾇﾌﾏﾓ;ﾋﾏﾊﾑﾙﾍ;804;ﾖﾈﾉﾙﾔﾉﾄﾁﾓ;8;ﾓﾔﾅﾑﾅﾁﾓ ﾅﾋﾋﾁﾄﾁﾓ
616;916103;ﾌﾁﾋﾅﾓﾉﾍﾇﾓ;9161;ﾄﾇﾌﾏﾓ;ﾋﾏﾊﾑﾙﾍ;804;ﾖﾈﾉﾙﾔﾉﾄﾁﾓ;8;ﾓﾔﾅﾑﾅﾁﾓ ﾅﾋﾋﾁﾄﾁﾓ
617;916104;ﾏﾐﾏﾕﾍﾔﾉﾙﾍ;9161;ﾄﾇﾌﾏﾓ;ﾋﾏﾊﾑﾙﾍ;804;ﾖﾈﾉﾙﾔﾉﾄﾁﾓ;8;ﾓﾔﾅﾑﾅﾁﾓ ﾅﾋﾋﾁﾄﾁﾓ
618;916201;ﾁﾃﾉﾏﾕ ﾃﾅﾙﾑﾃﾉﾏﾕ ﾔﾕﾌﾖﾑﾇﾓﾔﾏﾕ;9162;ﾄﾇﾌﾏﾓ;ﾌﾁﾊﾑﾁﾊﾙﾌﾇﾓ;804;ﾖﾈﾉﾙﾔﾉﾄﾁﾓ;8;ﾓﾔﾅﾑﾅﾁﾓ ﾅﾋﾋﾁﾄﾁﾓ
619;916202;ﾌﾁﾊﾑﾁﾊﾙﾌﾇﾓ;9162;ﾄﾇﾌﾏﾓ;ﾌﾁﾊﾑﾁﾊﾙﾌﾇﾓ;804;ﾖﾈﾉﾙﾔﾉﾄﾁﾓ;8;ﾓﾔﾅﾑﾅﾁﾓ ﾅﾋﾋﾁﾄﾁﾓ
620;916203;ﾓﾐﾅﾑﾗﾅﾉﾁﾄﾏﾓ;9162;ﾄﾇﾌﾏﾓ;ﾌﾁﾊﾑﾁﾊﾙﾌﾇﾓ;804;ﾖﾈﾉﾙﾔﾉﾄﾁﾓ;8;ﾓﾔﾅﾑﾅﾁﾓ ﾅﾋﾋﾁﾄﾁﾓ
621;916204;ﾔﾕﾌﾖﾑﾇﾓﾔﾏﾕ;9162;ﾄﾇﾌﾏﾓ;ﾌﾁﾊﾑﾁﾊﾙﾌﾇﾓ;804;ﾖﾈﾉﾙﾔﾉﾄﾁﾓ;8;ﾓﾔﾅﾑﾅﾁﾓ ﾅﾋﾋﾁﾄﾁﾓ
622;916301;ﾁﾃﾉﾏﾕ ﾊﾙﾍﾓﾔﾁﾍﾔﾉﾍﾏﾕ;9163;ﾄﾇﾌﾏﾓ;ﾌﾙﾋﾏﾕ - ﾁﾃﾉﾏﾕ ﾊﾙﾍﾓﾔﾁﾍﾔﾉﾍﾏﾕ;804;ﾖﾈﾉﾙﾔﾉﾄﾁﾓ;8;ﾓﾔﾅﾑﾅﾁﾓ ﾅﾋﾋﾁﾄﾁﾓ
623;916302;ﾊﾁﾌﾅﾍﾙﾍ ﾂﾏﾕﾑﾋﾙﾍ;9163;ﾄﾇﾌﾏﾓ;ﾌﾙﾋﾏﾕ - ﾁﾃﾉﾏﾕ ﾊﾙﾍﾓﾔﾁﾍﾔﾉﾍﾏﾕ;804;ﾖﾈﾉﾙﾔﾉﾄﾁﾓ;8;ﾓﾔﾅﾑﾅﾁﾓ ﾅﾋﾋﾁﾄﾁﾓ
624;916303;ﾌﾙﾋﾏﾕ;9163;ﾄﾇﾌﾏﾓ;ﾌﾙﾋﾏﾕ - ﾁﾃﾉﾏﾕ ﾊﾙﾍﾓﾔﾁﾍﾔﾉﾍﾏﾕ;804;ﾖﾈﾉﾙﾔﾉﾄﾁﾓ;8;ﾓﾔﾅﾑﾅﾁﾓ ﾅﾋﾋﾁﾄﾁﾓ
625;916401;ﾅﾗﾉﾍﾁﾉﾙﾍ;9164;ﾄﾇﾌﾏﾓ;ﾓﾔﾕﾋﾉﾄﾏﾓ;804;ﾖﾈﾉﾙﾔﾉﾄﾁﾓ;8;ﾓﾔﾅﾑﾅﾁﾓ ﾅﾋﾋﾁﾄﾁﾓ
626;916402;ﾐﾅﾋﾁﾓﾃﾉﾁﾓ;9164;ﾄﾇﾌﾏﾓ;ﾓﾔﾕﾋﾉﾄﾏﾓ;804;ﾖﾈﾉﾙﾔﾉﾄﾁﾓ;8;ﾓﾔﾅﾑﾅﾁﾓ ﾅﾋﾋﾁﾄﾁﾓ
627;916403;ﾓﾔﾕﾋﾉﾄﾏﾓ;9164;ﾄﾇﾌﾏﾓ;ﾓﾔﾕﾋﾉﾄﾏﾓ;804;ﾖﾈﾉﾙﾔﾉﾄﾁﾓ;8;ﾓﾔﾅﾑﾅﾁﾓ ﾅﾋﾋﾁﾄﾁﾓ
628;916501;ﾁﾌﾖﾉﾓﾓﾇﾓ;9165;ﾄﾇﾌﾏﾓ;ﾄﾅﾋﾖﾙﾍ;805;ﾖﾙﾊﾉﾄﾁﾓ;8;ﾓﾔﾅﾑﾅﾁﾓ ﾅﾋﾋﾁﾄﾁﾓ
629;916502;ﾃﾁﾋﾁﾎﾉﾄﾉﾏﾕ;9165;ﾄﾇﾌﾏﾓ;ﾄﾅﾋﾖﾙﾍ;805;ﾖﾙﾊﾉﾄﾁﾓ;8;ﾓﾔﾅﾑﾅﾁﾓ ﾅﾋﾋﾁﾄﾁﾓ
630;916503;ﾃﾑﾁﾂﾉﾁﾓ;9165;ﾄﾇﾌﾏﾓ;ﾄﾅﾋﾖﾙﾍ;805;ﾖﾙﾊﾉﾄﾁﾓ;8;ﾓﾔﾅﾑﾅﾁﾓ ﾅﾋﾋﾁﾄﾁﾓ
631;916504;ﾄﾅﾋﾖﾙﾍ;9165;ﾄﾇﾌﾏﾓ;ﾄﾅﾋﾖﾙﾍ;805;ﾖﾙﾊﾉﾄﾁﾓ;8;ﾓﾔﾅﾑﾅﾁﾓ ﾅﾋﾋﾁﾄﾁﾓ
632;916505;ﾄﾅﾓﾖﾉﾍﾁﾓ;9165;ﾄﾇﾌﾏﾓ;ﾄﾅﾋﾖﾙﾍ;805;ﾖﾙﾊﾉﾄﾁﾓ;8;ﾓﾔﾅﾑﾅﾁﾓ ﾅﾋﾋﾁﾄﾁﾓ
633;916506;ﾉﾔﾅﾁﾓ;9165;ﾄﾇﾌﾏﾓ;ﾄﾅﾋﾖﾙﾍ;805;ﾖﾙﾊﾉﾄﾁﾓ;8;ﾓﾔﾅﾑﾅﾁﾓ ﾅﾋﾋﾁﾄﾁﾓ
634;916507;ﾊﾁﾋﾋﾉﾅﾙﾍ;9165;ﾄﾇﾌﾏﾓ;ﾄﾅﾋﾖﾙﾍ;805;ﾖﾙﾊﾉﾄﾁﾓ;8;ﾓﾔﾅﾑﾅﾁﾓ ﾅﾋﾋﾁﾄﾁﾓ
635;916508;ﾐﾁﾑﾍﾁﾓﾓﾏﾕ;9165;ﾄﾇﾌﾏﾓ;ﾄﾅﾋﾖﾙﾍ;805;ﾖﾙﾊﾉﾄﾁﾓ;8;ﾓﾔﾅﾑﾅﾁﾓ ﾅﾋﾋﾁﾄﾁﾓ
636;916601;ﾂﾁﾑﾄﾏﾕﾓﾉﾙﾍ;9166;ﾄﾇﾌﾏﾓ;ﾄﾙﾑﾉﾄﾏﾓ;805;ﾖﾙﾊﾉﾄﾁﾓ;8;ﾓﾔﾅﾑﾅﾁﾓ ﾅﾋﾋﾁﾄﾁﾓ
637;916602;ﾅﾕﾐﾁﾋﾉﾏﾕ;9166;ﾄﾇﾌﾏﾓ;ﾄﾙﾑﾉﾄﾏﾓ;805;ﾖﾙﾊﾉﾄﾁﾓ;8;ﾓﾔﾅﾑﾅﾁﾓ ﾅﾋﾋﾁﾄﾁﾓ
638;916603;ﾋﾉﾄﾙﾑﾉﾊﾉﾏﾕ;9166;ﾄﾇﾌﾏﾓ;ﾄﾙﾑﾉﾄﾏﾓ;805;ﾖﾙﾊﾉﾄﾁﾓ;8;ﾓﾔﾅﾑﾅﾁﾓ ﾅﾋﾋﾁﾄﾁﾓ
639;916604;ﾔﾏﾋﾏﾖﾙﾍﾏﾓ;9166;ﾄﾇﾌﾏﾓ;ﾄﾙﾑﾉﾄﾏﾓ;805;ﾖﾙﾊﾉﾄﾁﾓ;8;ﾓﾔﾅﾑﾅﾁﾓ ﾅﾋﾋﾁﾄﾁﾓ
640;916701;ﾁﾃﾉﾁﾓ ﾐﾁﾑﾁﾓﾊﾅﾕﾇﾓ;9167;ﾄﾇﾌﾏﾓ;ﾁﾃﾉﾁﾓ ﾐﾁﾑﾁﾓﾊﾅﾕﾇﾓ;901;ﾂﾏﾑﾅﾉﾏﾕ ﾔﾏﾌﾅﾁ ﾁﾈﾇﾍﾙﾍ;9;ﾁﾔﾔﾉﾊﾇﾓ
641;916801;ﾁﾌﾁﾑﾏﾕﾓﾉﾏﾕ;9168;ﾄﾇﾌﾏﾓ;ﾁﾌﾁﾑﾏﾕﾓﾉﾏﾕ;901;ﾂﾏﾑﾅﾉﾏﾕ ﾔﾏﾌﾅﾁ ﾁﾈﾇﾍﾙﾍ;9;ﾁﾔﾔﾉﾊﾇﾓ
642;916901;ﾂﾑﾉﾋﾇﾓﾓﾉﾙﾍ;9169;ﾄﾇﾌﾏﾓ;ﾂﾑﾉﾋﾇﾓﾓﾉﾙﾍ;901;ﾂﾏﾑﾅﾉﾏﾕ ﾔﾏﾌﾅﾁ ﾁﾈﾇﾍﾙﾍ;9;ﾁﾔﾔﾉﾊﾇﾓ
643;917001;ﾇﾑﾁﾊﾋﾅﾉﾏﾕ;9170;ﾄﾇﾌﾏﾓ;ﾇﾑﾁﾊﾋﾅﾉﾏﾕ;901;ﾂﾏﾑﾅﾉﾏﾕ ﾔﾏﾌﾅﾁ ﾁﾈﾇﾍﾙﾍ;9;ﾁﾔﾔﾉﾊﾇﾓ
644;917101;ﾅﾊﾁﾋﾇﾓ;9171;ﾄﾇﾌﾏﾓ;ﾊﾇﾖﾉﾓﾉﾁﾓ;901;ﾂﾏﾑﾅﾉﾏﾕ ﾔﾏﾌﾅﾁ ﾁﾈﾇﾍﾙﾍ;9;ﾁﾔﾔﾉﾊﾇﾓ
645;917102;ﾊﾇﾖﾉﾓﾉﾁﾓ;9171;ﾄﾇﾌﾏﾓ;ﾊﾇﾖﾉﾓﾉﾁﾓ;901;ﾂﾏﾑﾅﾉﾏﾕ ﾔﾏﾌﾅﾁ ﾁﾈﾇﾍﾙﾍ;9;ﾁﾔﾔﾉﾊﾇﾓ
646;917103;ﾍﾅﾁﾓ ﾅﾑﾕﾈﾑﾁﾉﾁﾓ;9171;ﾄﾇﾌﾏﾓ;ﾊﾇﾖﾉﾓﾉﾁﾓ;901;ﾂﾏﾑﾅﾉﾏﾕ ﾔﾏﾌﾅﾁ ﾁﾈﾇﾍﾙﾍ;9;ﾁﾔﾔﾉﾊﾇﾓ
647;917201;ﾋﾕﾊﾏﾂﾑﾕﾓﾅﾙﾓ;9172;ﾄﾇﾌﾏﾓ;ﾋﾕﾊﾏﾂﾑﾕﾓﾇﾓ - ﾐﾅﾕﾊﾇﾓ;901;ﾂﾏﾑﾅﾉﾏﾕ ﾔﾏﾌﾅﾁ ﾁﾈﾇﾍﾙﾍ;9;ﾁﾔﾔﾉﾊﾇﾓ
648;917202;ﾐﾅﾕﾊﾇﾓ;9172;ﾄﾇﾌﾏﾓ;ﾋﾕﾊﾏﾂﾑﾕﾓﾇﾓ - ﾐﾅﾕﾊﾇﾓ;901;ﾂﾏﾑﾅﾉﾏﾕ ﾔﾏﾌﾅﾁ ﾁﾈﾇﾍﾙﾍ;9;ﾁﾔﾔﾉﾊﾇﾓ
649;917301;ﾌﾅﾔﾁﾌﾏﾑﾖﾙﾓﾅﾙﾓ;9173;ﾄﾇﾌﾏﾓ;ﾌﾅﾔﾁﾌﾏﾑﾖﾙﾓﾅﾙﾓ;901;ﾂﾏﾑﾅﾉﾏﾕ ﾔﾏﾌﾅﾁ ﾁﾈﾇﾍﾙﾍ;9;ﾁﾔﾔﾉﾊﾇﾓ
650;917401;ﾍﾅﾁﾓ ﾉﾙﾍﾉﾁﾓ;9174;ﾄﾇﾌﾏﾓ;ﾍﾅﾁﾓ ﾉﾙﾍﾉﾁﾓ;901;ﾂﾏﾑﾅﾉﾏﾕ ﾔﾏﾌﾅﾁ ﾁﾈﾇﾍﾙﾍ;9;ﾁﾔﾔﾉﾊﾇﾓ
651;917501;ﾐﾁﾐﾁﾃﾏﾕ;9175;ﾄﾇﾌﾏﾓ;ﾐﾁﾐﾁﾃﾏﾕ - ﾗﾏﾋﾁﾑﾃﾏﾕ;901;ﾂﾏﾑﾅﾉﾏﾕ ﾔﾏﾌﾅﾁ ﾁﾈﾇﾍﾙﾍ;9;ﾁﾔﾔﾉﾊﾇﾓ
652;917502;ﾗﾏﾋﾁﾑﾃﾏﾕ;9175;ﾄﾇﾌﾏﾓ;ﾐﾁﾐﾁﾃﾏﾕ - ﾗﾏﾋﾁﾑﾃﾏﾕ;901;ﾂﾏﾑﾅﾉﾏﾕ ﾔﾏﾌﾅﾁ ﾁﾈﾇﾍﾙﾍ;9;ﾁﾔﾔﾉﾊﾇﾓ
653;917601;ﾌﾅﾋﾉﾓﾓﾉﾙﾍ;9176;ﾄﾇﾌﾏﾓ;ﾐﾅﾍﾔﾅﾋﾇﾓ;901;ﾂﾏﾑﾅﾉﾏﾕ ﾔﾏﾌﾅﾁ ﾁﾈﾇﾍﾙﾍ;9;ﾁﾔﾔﾉﾊﾇﾓ
654;917602;ﾍﾅﾁﾓ ﾐﾅﾍﾔﾅﾋﾇﾓ;9176;ﾄﾇﾌﾏﾓ;ﾐﾅﾍﾔﾅﾋﾇﾓ;901;ﾂﾏﾑﾅﾉﾏﾕ ﾔﾏﾌﾅﾁ ﾁﾈﾇﾍﾙﾍ;9;ﾁﾔﾔﾉﾊﾇﾓ
655;917603;ﾐﾅﾍﾔﾅﾋﾇﾓ;9176;ﾄﾇﾌﾏﾓ;ﾐﾅﾍﾔﾅﾋﾇﾓ;901;ﾂﾏﾑﾅﾉﾏﾕ ﾔﾏﾌﾅﾁ ﾁﾈﾇﾍﾙﾍ;9;ﾁﾔﾔﾉﾊﾇﾓ
656;917701;ﾍﾅﾏﾕ ﾘﾕﾗﾉﾊﾏﾕ;9177;ﾄﾇﾌﾏﾓ;ﾖﾉﾋﾏﾈﾅﾇﾓ - ﾘﾕﾗﾉﾊﾏﾕ;901;ﾂﾏﾑﾅﾉﾏﾕ ﾔﾏﾌﾅﾁ ﾁﾈﾇﾍﾙﾍ;9;ﾁﾔﾔﾉﾊﾇﾓ
657;917702;ﾖﾉﾋﾏﾈﾅﾇﾓ;9177;ﾄﾇﾌﾏﾓ;ﾖﾉﾋﾏﾈﾅﾇﾓ - ﾘﾕﾗﾉﾊﾏﾕ;901;ﾂﾏﾑﾅﾉﾏﾕ ﾔﾏﾌﾅﾁ ﾁﾈﾇﾍﾙﾍ;9;ﾁﾔﾔﾉﾊﾇﾓ
658;917703;ﾘﾕﾗﾉﾊﾏﾕ;9177;ﾄﾇﾌﾏﾓ;ﾖﾉﾋﾏﾈﾅﾇﾓ - ﾘﾕﾗﾉﾊﾏﾕ;901;ﾂﾏﾑﾅﾉﾏﾕ ﾔﾏﾌﾅﾁ ﾁﾈﾇﾍﾙﾍ;9;ﾁﾔﾔﾉﾊﾇﾓ
659;917801;ﾗﾁﾋﾁﾍﾄﾑﾉﾏﾕ;9178;ﾄﾇﾌﾏﾓ;ﾗﾁﾋﾁﾍﾄﾑﾉﾏﾕ;901;ﾂﾏﾑﾅﾉﾏﾕ ﾔﾏﾌﾅﾁ ﾁﾈﾇﾍﾙﾍ;9;ﾁﾔﾔﾉﾊﾇﾓ
660;917901;ﾁﾃﾉﾁﾓ ﾂﾁﾑﾂﾁﾑﾁﾓ;9179;ﾄﾇﾌﾏﾓ;ﾁﾃﾉﾁﾓ ﾂﾁﾑﾂﾁﾑﾁﾓ;902;ﾄﾕﾔﾉﾊﾏﾕ ﾔﾏﾌﾅﾁ ﾁﾈﾇﾍﾙﾍ;9;ﾁﾔﾔﾉﾊﾇﾓ
661;918001;ﾁﾃﾉﾙﾍ ﾁﾍﾁﾑﾃﾕﾑﾙﾍ;9180;ﾄﾇﾌﾏﾓ;ﾁﾃﾉﾙﾍ ﾁﾍﾁﾑﾃﾕﾑﾙﾍ - ﾊﾁﾌﾁﾔﾅﾑﾏﾕ;902;ﾄﾕﾔﾉﾊﾏﾕ ﾔﾏﾌﾅﾁ ﾁﾈﾇﾍﾙﾍ;9;ﾁﾔﾔﾉﾊﾇﾓ
662;918002;ﾊﾁﾌﾁﾔﾅﾑﾏﾕ;9180;ﾄﾇﾌﾏﾓ;ﾁﾃﾉﾙﾍ ﾁﾍﾁﾑﾃﾕﾑﾙﾍ - ﾊﾁﾌﾁﾔﾅﾑﾏﾕ;902;ﾄﾕﾔﾉﾊﾏﾕ ﾔﾏﾌﾅﾁ ﾁﾈﾇﾍﾙﾍ;9;ﾁﾔﾔﾉﾊﾇﾓ
663;918101;ﾁﾉﾃﾁﾋﾅﾙ;9181;ﾄﾇﾌﾏﾓ;ﾁﾉﾃﾁﾋﾅﾙ;902;ﾄﾕﾔﾉﾊﾏﾕ ﾔﾏﾌﾅﾁ ﾁﾈﾇﾍﾙﾍ;9;ﾁﾔﾔﾉﾊﾇﾓ
664;918201;ﾉﾋﾉﾏﾕ ;9182;ﾄﾇﾌﾏﾓ;ﾉﾋﾉﾏﾕ ;902;ﾄﾕﾔﾉﾊﾏﾕ ﾔﾏﾌﾅﾁ ﾁﾈﾇﾍﾙﾍ;9;ﾁﾔﾔﾉﾊﾇﾓ
665;918301;ﾐﾅﾑﾉﾓﾔﾅﾑﾉﾏﾕ;9183;ﾄﾇﾌﾏﾓ;ﾐﾅﾑﾉﾓﾔﾅﾑﾉﾏﾕ;902;ﾄﾕﾔﾉﾊﾏﾕ ﾔﾏﾌﾅﾁ ﾁﾈﾇﾍﾙﾍ;9;ﾁﾔﾔﾉﾊﾇﾓ
666;918401;ﾐﾅﾔﾑﾏﾕﾐﾏﾋﾅﾙﾓ;9184;ﾄﾇﾌﾏﾓ;ﾐﾅﾔﾑﾏﾕﾐﾏﾋﾅﾙﾓ;902;ﾄﾕﾔﾉﾊﾏﾕ ﾔﾏﾌﾅﾁ ﾁﾈﾇﾍﾙﾍ;9;ﾁﾔﾔﾉﾊﾇﾓ
667;918501;ﾗﾁﾚﾄﾁﾑﾉﾏﾕ;9185;ﾄﾇﾌﾏﾓ;ﾗﾁﾚﾄﾁﾑﾉﾏﾕ;902;ﾄﾕﾔﾉﾊﾏﾕ ﾔﾏﾌﾅﾁ ﾁﾈﾇﾍﾙﾍ;9;ﾁﾔﾔﾉﾊﾇﾓ
668;918601;ﾁﾈﾇﾍﾁﾉﾙﾍ;9186;ﾄﾇﾌﾏﾓ;ﾁﾈﾇﾍﾁﾉﾙﾍ;903;ﾊﾅﾍﾔﾑﾉﾊﾏﾕ ﾔﾏﾌﾅﾁ ﾁﾈﾇﾍﾙﾍ;9;ﾁﾔﾔﾉﾊﾇﾓ
669;918701;ﾂﾕﾑﾙﾍﾏﾓ;9187;ﾄﾇﾌﾏﾓ;ﾂﾕﾑﾙﾍﾏﾓ;903;ﾊﾅﾍﾔﾑﾉﾊﾏﾕ ﾔﾏﾌﾅﾁ ﾁﾈﾇﾍﾙﾍ;9;ﾁﾔﾔﾉﾊﾇﾓ
670;918801;ﾃﾁﾋﾁﾔﾓﾉﾏﾕ;9188;ﾄﾇﾌﾏﾓ;ﾃﾁﾋﾁﾔﾓﾉﾏﾕ;903;ﾊﾅﾍﾔﾑﾉﾊﾏﾕ ﾔﾏﾌﾅﾁ ﾁﾈﾇﾍﾙﾍ;9;ﾁﾔﾔﾉﾊﾇﾓ
671;918901;ﾄﾁﾖﾍﾇﾓ;9189;ﾄﾇﾌﾏﾓ;ﾄﾁﾖﾍﾇﾓ - ﾕﾌﾇﾔﾔﾏﾕ;903;ﾊﾅﾍﾔﾑﾉﾊﾏﾕ ﾔﾏﾌﾅﾁ ﾁﾈﾇﾍﾙﾍ;9;ﾁﾔﾔﾉﾊﾇﾓ
672;918902;ﾕﾌﾇﾔﾔﾏﾕ;9189;ﾄﾇﾌﾏﾓ;ﾄﾁﾖﾍﾇﾓ - ﾕﾌﾇﾔﾔﾏﾕ;903;ﾊﾅﾍﾔﾑﾉﾊﾏﾕ ﾔﾏﾌﾅﾁ ﾁﾈﾇﾍﾙﾍ;9;ﾁﾔﾔﾉﾊﾇﾓ
673;919001;ﾆﾙﾃﾑﾁﾖﾏﾕ;9190;ﾄﾇﾌﾏﾓ;ﾆﾙﾃﾑﾁﾖﾏﾕ;903;ﾊﾅﾍﾔﾑﾉﾊﾏﾕ ﾔﾏﾌﾅﾁ ﾁﾈﾇﾍﾙﾍ;9;ﾁﾔﾔﾉﾊﾇﾓ
674;919101;ﾇﾋﾉﾏﾕﾐﾏﾋﾅﾙﾓ;9191;ﾄﾇﾌﾏﾓ;ﾇﾋﾉﾏﾕﾐﾏﾋﾅﾙﾓ;903;ﾊﾅﾍﾔﾑﾉﾊﾏﾕ ﾔﾏﾌﾅﾁ ﾁﾈﾇﾍﾙﾍ;9;ﾁﾔﾔﾉﾊﾇﾓ
675;919201;ﾊﾁﾉﾓﾁﾑﾉﾁﾍﾇﾓ;9192;ﾄﾇﾌﾏﾓ;ﾊﾁﾉﾓﾁﾑﾉﾁﾍﾇﾓ;903;ﾊﾅﾍﾔﾑﾉﾊﾏﾕ ﾔﾏﾌﾅﾁ ﾁﾈﾇﾍﾙﾍ;9;ﾁﾔﾔﾉﾊﾇﾓ
676;919301;ﾍﾅﾁﾓ ﾖﾉﾋﾁﾄﾅﾋﾖﾅﾉﾁﾓ;9193;ﾄﾇﾌﾏﾓ;ﾖﾉﾋﾁﾄﾅﾋﾖﾅﾉﾁﾓ - ﾗﾁﾋﾊﾇﾄﾏﾍﾏﾓ;903;ﾊﾅﾍﾔﾑﾉﾊﾏﾕ ﾔﾏﾌﾅﾁ ﾁﾈﾇﾍﾙﾍ;9;ﾁﾔﾔﾉﾊﾇﾓ
677;919302;ﾍﾅﾁﾓ ﾗﾁﾋﾊﾇﾄﾏﾍﾏﾓ;9193;ﾄﾇﾌﾏﾓ;ﾖﾉﾋﾁﾄﾅﾋﾖﾅﾉﾁﾓ - ﾗﾁﾋﾊﾇﾄﾏﾍﾏﾓ;903;ﾊﾅﾍﾔﾑﾉﾊﾏﾕ ﾔﾏﾌﾅﾁ ﾁﾈﾇﾍﾙﾍ;9;ﾁﾔﾔﾉﾊﾇﾓ
678;919401;ﾁﾃﾉﾏﾕ ﾄﾇﾌﾇﾔﾑﾉﾏﾕ;9194;ﾄﾇﾌﾏﾓ;ﾁﾃﾉﾏﾕ ﾄﾇﾌﾇﾔﾑﾉﾏﾕ;904;ﾍﾏﾔﾉﾏﾕ ﾔﾏﾌﾅﾁ ﾁﾈﾇﾍﾙﾍ;9;ﾁﾔﾔﾉﾊﾇﾓ
679;919501;ﾁﾋﾉﾌﾏﾕ;9195;ﾄﾇﾌﾏﾓ;ﾁﾋﾉﾌﾏﾕ;904;ﾍﾏﾔﾉﾏﾕ ﾔﾏﾌﾅﾁ ﾁﾈﾇﾍﾙﾍ;9;ﾁﾔﾔﾉﾊﾇﾓ
680;919601;ﾃﾋﾕﾖﾁﾄﾁﾓ;9196;ﾄﾇﾌﾏﾓ;ﾃﾋﾕﾖﾁﾄﾁﾓ;904;ﾍﾏﾔﾉﾏﾕ ﾔﾏﾌﾅﾁ ﾁﾈﾇﾍﾙﾍ;9;ﾁﾔﾔﾉﾊﾇﾓ
681;919701;ﾁﾑﾃﾕﾑﾏﾕﾐﾏﾋﾅﾙﾓ;9197;ﾄﾇﾌﾏﾓ;ﾅﾋﾋﾇﾍﾉﾊﾏﾕ - ﾁﾑﾃﾕﾑﾏﾕﾐﾏﾋﾇﾓ;904;ﾍﾏﾔﾉﾏﾕ ﾔﾏﾌﾅﾁ ﾁﾈﾇﾍﾙﾍ;9;ﾁﾔﾔﾉﾊﾇﾓ
682;919702;ﾅﾋﾋﾇﾍﾉﾊﾏﾕ;9197;ﾄﾇﾌﾏﾓ;ﾅﾋﾋﾇﾍﾉﾊﾏﾕ - ﾁﾑﾃﾕﾑﾏﾕﾐﾏﾋﾇﾓ;904;ﾍﾏﾔﾉﾏﾕ ﾔﾏﾌﾅﾁ ﾁﾈﾇﾍﾙﾍ;9;ﾁﾔﾔﾉﾊﾇﾓ
683;919801;ﾊﾁﾋﾋﾉﾈﾅﾁﾓ;9198;ﾄﾇﾌﾏﾓ;ﾊﾁﾋﾋﾉﾈﾅﾁﾓ;904;ﾍﾏﾔﾉﾏﾕ ﾔﾏﾌﾅﾁ ﾁﾈﾇﾍﾙﾍ;9;ﾁﾔﾔﾉﾊﾇﾓ
684;919901;ﾌﾏﾓﾗﾁﾔﾏﾕ;9199;ﾄﾇﾌﾏﾓ;ﾌﾏﾓﾗﾁﾔﾏﾕ - ﾔﾁﾕﾑﾏﾕ;904;ﾍﾏﾔﾉﾏﾕ ﾔﾏﾌﾅﾁ ﾁﾈﾇﾍﾙﾍ;9;ﾁﾔﾔﾉﾊﾇﾓ
685;919902;ﾔﾁﾕﾑﾏﾕ;9199;ﾄﾇﾌﾏﾓ;ﾌﾏﾓﾗﾁﾔﾏﾕ - ﾔﾁﾕﾑﾏﾕ;904;ﾍﾏﾔﾉﾏﾕ ﾔﾏﾌﾅﾁ ﾁﾈﾇﾍﾙﾍ;9;ﾁﾔﾔﾉﾊﾇﾓ
686;920001;ﾍﾅﾁﾓ ﾓﾌﾕﾑﾍﾇﾓ;9200;ﾄﾇﾌﾏﾓ;ﾍﾅﾁﾓ ﾓﾌﾕﾑﾍﾇﾓ;904;ﾍﾏﾔﾉﾏﾕ ﾔﾏﾌﾅﾁ ﾁﾈﾇﾍﾙﾍ;9;ﾁﾔﾔﾉﾊﾇﾓ
687;920101;ﾐﾁﾋﾁﾉﾏﾕ ﾖﾁﾋﾇﾑﾏﾕ;9201;ﾄﾇﾌﾏﾓ;ﾐﾁﾋﾁﾉﾏﾕ ﾖﾁﾋﾇﾑﾏﾕ;904;ﾍﾏﾔﾉﾏﾕ ﾔﾏﾌﾅﾁ ﾁﾈﾇﾍﾙﾍ;9;ﾁﾔﾔﾉﾊﾇﾓ
688;920201;ﾄﾑﾁﾐﾅﾔﾓﾙﾍﾁﾓ;9202;ﾄﾇﾌﾏﾓ;ﾊﾅﾑﾁﾔﾓﾉﾍﾉﾏﾕ - ﾄﾑﾁﾐﾅﾔﾓﾙﾍﾁﾓ;905;ﾐﾅﾉﾑﾁﾉﾙﾓ;9;ﾁﾔﾔﾉﾊﾇﾓ
689;920202;ﾊﾅﾑﾁﾔﾓﾉﾍﾉﾏﾕ;9202;ﾄﾇﾌﾏﾓ;ﾊﾅﾑﾁﾔﾓﾉﾍﾉﾏﾕ - ﾄﾑﾁﾐﾅﾔﾓﾙﾍﾁﾓ;905;ﾐﾅﾉﾑﾁﾉﾙﾓ;9;ﾁﾔﾔﾉﾊﾇﾓ
690;920301;ﾊﾏﾑﾕﾄﾁﾋﾋﾏﾕ;9203;ﾄﾇﾌﾏﾓ;ﾊﾏﾑﾕﾄﾁﾋﾋﾏﾕ;905;ﾐﾅﾉﾑﾁﾉﾙﾓ;9;ﾁﾔﾔﾉﾊﾇﾓ
691;920401;ﾁﾃﾉﾏﾕ ﾉﾙﾁﾍﾍﾏﾕ ﾑﾅﾍﾔﾇ;9204;ﾄﾇﾌﾏﾓ;ﾍﾉﾊﾁﾉﾁﾓ - ﾁﾃﾉﾏﾕ ﾉ. ﾑﾅﾍﾔﾇ;905;ﾐﾅﾉﾑﾁﾉﾙﾓ;9;ﾁﾔﾔﾉﾊﾇﾓ
692;920402;ﾍﾉﾊﾁﾉﾁﾓ;9204;ﾄﾇﾌﾏﾓ;ﾍﾉﾊﾁﾉﾁﾓ - ﾁﾃﾉﾏﾕ ﾉ. ﾑﾅﾍﾔﾇ;905;ﾐﾅﾉﾑﾁﾉﾙﾓ;9;ﾁﾔﾔﾉﾊﾇﾓ
693;920501;ﾐﾅﾉﾑﾁﾉﾙﾓ;9205;ﾄﾇﾌﾏﾓ;ﾐﾅﾉﾑﾁﾉﾙﾓ;905;ﾐﾅﾉﾑﾁﾉﾙﾓ;9;ﾁﾔﾔﾉﾊﾇﾓ
694;920601;ﾐﾅﾑﾁﾌﾁﾔﾏﾓ;9206;ﾄﾇﾌﾏﾓ;ﾐﾅﾑﾁﾌﾁﾔﾏﾓ;905;ﾐﾅﾉﾑﾁﾉﾙﾓ;9;ﾁﾔﾔﾉﾊﾇﾓ
695;920701;ﾁﾃﾊﾉﾓﾔﾑﾉﾏﾕ;9207;ﾄﾇﾌﾏﾓ;ﾁﾃﾊﾉﾓﾔﾑﾉﾏﾕ;906;ﾍﾇﾓﾙﾍ;9;ﾁﾔﾔﾉﾊﾇﾓ
696;920801;ﾁﾉﾃﾉﾍﾁﾓ;9208;ﾄﾇﾌﾏﾓ;ﾁﾉﾃﾉﾍﾁﾓ;906;ﾍﾇﾓﾙﾍ;9;ﾁﾔﾔﾉﾊﾇﾓ
697;920901;ﾁﾍﾔﾉﾊﾕﾈﾇﾑﾙﾍ;9209;ﾄﾇﾌﾏﾓ;ﾊﾕﾈﾇﾑﾙﾍ;906;ﾍﾇﾓﾙﾍ;9;ﾁﾔﾔﾉﾊﾇﾓ
698;920902;ﾊﾕﾈﾇﾑﾙﾍ;9209;ﾄﾇﾌﾏﾓ;ﾊﾕﾈﾇﾑﾙﾍ;906;ﾍﾇﾓﾙﾍ;9;ﾁﾔﾔﾉﾊﾇﾓ
699;921001;ﾐﾏﾑﾏﾕ;9210;ﾄﾇﾌﾏﾓ;ﾐﾏﾑﾏﾕ;906;ﾍﾇﾓﾙﾍ;9;ﾁﾔﾔﾉﾊﾇﾓ
700;921101;ﾁﾌﾐﾅﾋﾁﾊﾉﾙﾍ;9211;ﾄﾇﾌﾏﾓ;ﾓﾁﾋﾁﾌﾉﾍﾏﾓ;906;ﾍﾇﾓﾙﾍ;9;ﾁﾔﾔﾉﾊﾇﾓ
701;921102;ﾓﾁﾋﾁﾌﾉﾍﾁﾓ;9211;ﾄﾇﾌﾏﾓ;ﾓﾁﾋﾁﾌﾉﾍﾏﾓ;906;ﾍﾇﾓﾙﾍ;9;ﾁﾔﾔﾉﾊﾇﾓ
702;921201;ﾓﾐﾅﾔﾓﾙﾍ;9212;ﾄﾇﾌﾏﾓ;ﾓﾐﾅﾔﾓﾙﾍ;906;ﾍﾇﾓﾙﾍ;9;ﾁﾔﾔﾉﾊﾇﾓ
703;921301;ﾌﾅﾈﾁﾍﾙﾍ;9213;ﾄﾇﾌﾏﾓ;ﾔﾑﾏﾉﾆﾇﾍﾉﾁﾓ;906;ﾍﾇﾓﾙﾍ;9;ﾁﾔﾔﾉﾊﾇﾓ
704;921302;ﾔﾑﾏﾉﾆﾇﾍﾏﾓ;9213;ﾄﾇﾌﾏﾓ;ﾔﾑﾏﾉﾆﾇﾍﾉﾁﾓ;906;ﾍﾇﾓﾙﾍ;9;ﾁﾔﾔﾉﾊﾇﾓ
705;921401;ﾕﾄﾑﾁﾓ;9214;ﾄﾇﾌﾏﾓ;ﾕﾄﾑﾁﾓ;906;ﾍﾇﾓﾙﾍ;9;ﾁﾔﾔﾉﾊﾇﾓ
706;921501;ﾁﾗﾁﾑﾍﾙﾍ;9215;ﾄﾇﾌﾏﾓ;ﾁﾗﾁﾑﾍﾙﾍ;907;ﾁﾍﾁﾔﾏﾋﾉﾊﾇﾓ ﾁﾔﾔﾉﾊﾇﾓ;9;ﾁﾔﾔﾉﾊﾇﾓ
707;921502;ﾈﾑﾁﾊﾏﾌﾁﾊﾅﾄﾏﾍﾙﾍ;9215;ﾄﾇﾌﾏﾓ;ﾁﾗﾁﾑﾍﾙﾍ;907;ﾁﾍﾁﾔﾏﾋﾉﾊﾇﾓ ﾁﾔﾔﾉﾊﾇﾓ;9;ﾁﾔﾔﾉﾊﾇﾓ
708;921601;ﾂﾁﾑﾇﾓ;9216;ﾄﾇﾌﾏﾓ;ﾂﾁﾑﾇﾓ - ﾂﾏﾕﾋﾁﾓ - ﾂﾏﾕﾋﾉﾁﾃﾌﾅﾍﾇﾓ;907;ﾁﾍﾁﾔﾏﾋﾉﾊﾇﾓ ﾁﾔﾔﾉﾊﾇﾓ;9;ﾁﾔﾔﾉﾊﾇﾓ
709;921602;ﾂﾏﾕﾋﾁﾓ;9216;ﾄﾇﾌﾏﾓ;ﾂﾁﾑﾇﾓ - ﾂﾏﾕﾋﾁﾓ - ﾂﾏﾕﾋﾉﾁﾃﾌﾅﾍﾇﾓ;907;ﾁﾍﾁﾔﾏﾋﾉﾊﾇﾓ ﾁﾔﾔﾉﾊﾇﾓ;9;ﾁﾔﾔﾉﾊﾇﾓ
710;921603;ﾂﾏﾕﾋﾉﾁﾃﾌﾅﾍﾇﾓ;9216;ﾄﾇﾌﾏﾓ;ﾂﾁﾑﾇﾓ - ﾂﾏﾕﾋﾁﾓ - ﾂﾏﾕﾋﾉﾁﾃﾌﾅﾍﾇﾓ;907;ﾁﾍﾁﾔﾏﾋﾉﾊﾇﾓ ﾁﾔﾔﾉﾊﾇﾓ;9;ﾁﾔﾔﾉﾊﾇﾓ
711;921701;ﾁﾃﾉﾏﾕ ﾓﾔﾅﾖﾁﾍﾏﾕ;9217;ﾄﾇﾌﾏﾓ;ﾄﾉﾏﾍﾕﾓﾏﾕ;907;ﾁﾍﾁﾔﾏﾋﾉﾊﾇﾓ ﾁﾔﾔﾉﾊﾇﾓ;9;ﾁﾔﾔﾉﾊﾇﾓ
712;921702;ﾁﾍﾏﾉﾎﾅﾙﾓ;9217;ﾄﾇﾌﾏﾓ;ﾄﾉﾏﾍﾕﾓﾏﾕ;907;ﾁﾍﾁﾔﾏﾋﾉﾊﾇﾓ ﾁﾔﾔﾉﾊﾇﾓ;9;ﾁﾔﾔﾉﾊﾇﾓ
713;921703;ﾄﾉﾏﾍﾕﾓﾏﾕ;9217;ﾄﾇﾌﾏﾓ;ﾄﾉﾏﾍﾕﾓﾏﾕ;907;ﾁﾍﾁﾔﾏﾋﾉﾊﾇﾓ ﾁﾔﾔﾉﾊﾇﾓ;9;ﾁﾔﾔﾉﾊﾇﾓ
714;921704;ﾄﾑﾏﾓﾉﾁﾓ;9217;ﾄﾇﾌﾏﾓ;ﾄﾉﾏﾍﾕﾓﾏﾕ;907;ﾁﾍﾁﾔﾏﾋﾉﾊﾇﾓ ﾁﾔﾔﾉﾊﾇﾓ;9;ﾁﾔﾔﾉﾊﾇﾓ
715;921705;ﾊﾑﾕﾏﾍﾅﾑﾉﾏﾕ;9217;ﾄﾇﾌﾏﾓ;ﾄﾉﾏﾍﾕﾓﾏﾕ;907;ﾁﾍﾁﾔﾏﾋﾉﾊﾇﾓ ﾁﾔﾔﾉﾊﾇﾓ;9;ﾁﾔﾔﾉﾊﾇﾓ
716;921706;ﾑﾏﾄﾏﾐﾏﾋﾅﾙﾓ;9217;ﾄﾇﾌﾏﾓ;ﾄﾉﾏﾍﾕﾓﾏﾕ;907;ﾁﾍﾁﾔﾏﾋﾉﾊﾇﾓ ﾁﾔﾔﾉﾊﾇﾓ;9;ﾁﾔﾔﾉﾊﾇﾓ
717;921707;ﾓﾔﾁﾌﾁﾔﾁﾓ;9217;ﾄﾇﾌﾏﾓ;ﾄﾉﾏﾍﾕﾓﾏﾕ;907;ﾁﾍﾁﾔﾏﾋﾉﾊﾇﾓ ﾁﾔﾔﾉﾊﾇﾓ;9;ﾁﾔﾔﾉﾊﾇﾓ
718;921801;ﾊﾑﾙﾐﾉﾁﾓ;9218;ﾄﾇﾌﾏﾓ;ﾊﾑﾙﾐﾉﾁﾓ;907;ﾁﾍﾁﾔﾏﾋﾉﾊﾇﾓ ﾁﾔﾔﾉﾊﾇﾓ;9;ﾁﾔﾔﾉﾊﾇﾓ
719;921901;ﾁﾃﾉﾏﾕ ﾊﾙﾍﾓﾔﾁﾍﾔﾉﾍﾏﾕ;9219;ﾄﾇﾌﾏﾓ;ﾋﾁﾕﾑﾅﾙﾔﾉﾊﾇﾓ;907;ﾁﾍﾁﾔﾏﾋﾉﾊﾇﾓ ﾁﾔﾔﾉﾊﾇﾓ;9;ﾁﾔﾔﾉﾊﾇﾓ
720;921902;ﾊﾅﾑﾁﾔﾅﾁﾓ;9219;ﾄﾇﾌﾏﾓ;ﾋﾁﾕﾑﾅﾙﾔﾉﾊﾇﾓ;907;ﾁﾍﾁﾔﾏﾋﾉﾊﾇﾓ ﾁﾔﾔﾉﾊﾇﾓ;9;ﾁﾔﾔﾉﾊﾇﾓ
721;921903;ﾋﾁﾕﾑﾅﾙﾔﾉﾊﾇﾓ;9219;ﾄﾇﾌﾏﾓ;ﾋﾁﾕﾑﾅﾙﾔﾉﾊﾇﾓ;907;ﾁﾍﾁﾔﾏﾋﾉﾊﾇﾓ ﾁﾔﾔﾉﾊﾇﾓ;9;ﾁﾔﾔﾉﾊﾇﾓ
722;922001;ﾂﾁﾑﾍﾁﾂﾁ;9220;ﾄﾇﾌﾏﾓ;ﾌﾁﾑﾁﾈﾙﾍﾏﾓ;907;ﾁﾍﾁﾔﾏﾋﾉﾊﾇﾓ ﾁﾔﾔﾉﾊﾇﾓ;9;ﾁﾔﾔﾉﾊﾇﾓ
723;922002;ﾃﾑﾁﾌﾌﾁﾔﾉﾊﾏﾕ;9220;ﾄﾇﾌﾏﾓ;ﾌﾁﾑﾁﾈﾙﾍﾏﾓ;907;ﾁﾍﾁﾔﾏﾋﾉﾊﾇﾓ ﾁﾔﾔﾉﾊﾇﾓ;9;ﾁﾔﾔﾉﾊﾇﾓ
724;922003;ﾌﾁﾑﾁﾈﾙﾍﾏﾓ;9220;ﾄﾇﾌﾏﾓ;ﾌﾁﾑﾁﾈﾙﾍﾏﾓ;907;ﾁﾍﾁﾔﾏﾋﾉﾊﾇﾓ ﾁﾔﾔﾉﾊﾇﾓ;9;ﾁﾔﾔﾉﾊﾇﾓ
725;922004;ﾍﾅﾁﾓ ﾌﾁﾊﾑﾇﾓ;9220;ﾄﾇﾌﾏﾓ;ﾌﾁﾑﾁﾈﾙﾍﾏﾓ;907;ﾁﾍﾁﾔﾏﾋﾉﾊﾇﾓ ﾁﾔﾔﾉﾊﾇﾓ;9;ﾁﾔﾔﾉﾊﾇﾓ
726;922101;ﾌﾁﾑﾊﾏﾐﾏﾕﾋﾏﾕ ﾌﾅﾓﾏﾃﾁﾉﾁﾓ;9221;ﾄﾇﾌﾏﾓ;ﾌﾁﾑﾊﾏﾐﾏﾕﾋﾏﾕ ﾌﾅﾓﾏﾃﾁﾉﾁﾓ;907;ﾁﾍﾁﾔﾏﾋﾉﾊﾇﾓ ﾁﾔﾔﾉﾊﾇﾓ;9;ﾁﾔﾔﾉﾊﾇﾓ
727;922201;ﾃﾋﾕﾊﾙﾍ ﾍﾅﾑﾙﾍ;9222;ﾄﾇﾌﾏﾓ;ﾐﾁﾉﾁﾍﾉﾁﾓ;907;ﾁﾍﾁﾔﾏﾋﾉﾊﾇﾓ ﾁﾔﾔﾉﾊﾇﾓ;9;ﾁﾔﾔﾉﾊﾇﾓ
728;922202;ﾐﾁﾉﾁﾍﾉﾁﾓ;9222;ﾄﾇﾌﾏﾓ;ﾐﾁﾉﾁﾍﾉﾁﾓ;907;ﾁﾍﾁﾔﾏﾋﾉﾊﾇﾓ ﾁﾔﾔﾉﾊﾇﾓ;9;ﾁﾔﾔﾉﾊﾇﾓ
729;922301;ﾁﾍﾈﾏﾕﾓﾇﾓ;9223;ﾄﾇﾌﾏﾓ;ﾐﾁﾋﾋﾇﾍﾇﾓ;907;ﾁﾍﾁﾔﾏﾋﾉﾊﾇﾓ ﾁﾔﾔﾉﾊﾇﾓ;9;ﾁﾔﾔﾉﾊﾇﾓ
730;922302;ﾃﾅﾑﾁﾊﾁ;9223;ﾄﾇﾌﾏﾓ;ﾐﾁﾋﾋﾇﾍﾇﾓ;907;ﾁﾍﾁﾔﾏﾋﾉﾊﾇﾓ ﾁﾔﾔﾉﾊﾇﾓ;9;ﾁﾔﾔﾉﾊﾇﾓ
731;922303;ﾐﾁﾋﾋﾇﾍﾇﾓ;9223;ﾄﾇﾌﾏﾓ;ﾐﾁﾋﾋﾇﾍﾇﾓ;907;ﾁﾍﾁﾔﾏﾋﾉﾊﾇﾓ ﾁﾔﾔﾉﾊﾇﾓ;9;ﾁﾔﾔﾉﾊﾇﾓ
732;922401;ﾐﾉﾊﾅﾑﾌﾉﾏﾕ;9224;ﾄﾇﾌﾏﾓ;ﾑﾁﾖﾇﾍﾁﾓ - ﾐﾉﾊﾅﾑﾌﾉﾏﾕ;907;ﾁﾍﾁﾔﾏﾋﾉﾊﾇﾓ ﾁﾔﾔﾉﾊﾇﾓ;9;ﾁﾔﾔﾉﾊﾇﾓ
733;922402;ﾑﾁﾖﾇﾍﾁﾓ;9224;ﾄﾇﾌﾏﾓ;ﾑﾁﾖﾇﾍﾁﾓ - ﾐﾉﾊﾅﾑﾌﾉﾏﾕ;907;ﾁﾍﾁﾔﾏﾋﾉﾊﾇﾓ ﾁﾔﾔﾉﾊﾇﾓ;9;ﾁﾔﾔﾉﾊﾇﾓ
734;922501;ﾁﾍﾁﾂﾕﾓﾓﾏﾕ;9225;ﾄﾇﾌﾏﾓ;ﾓﾁﾑﾙﾍﾉﾊﾏﾕ;907;ﾁﾍﾁﾔﾏﾋﾉﾊﾇﾓ ﾁﾔﾔﾉﾊﾇﾓ;9;ﾁﾔﾔﾉﾊﾇﾓ
735;922502;ﾊﾁﾋﾕﾂﾉﾙﾍ ﾈﾏﾑﾉﾊﾏﾕ;9225;ﾄﾇﾌﾏﾓ;ﾓﾁﾑﾙﾍﾉﾊﾏﾕ;907;ﾁﾍﾁﾔﾏﾋﾉﾊﾇﾓ ﾁﾔﾔﾉﾊﾇﾓ;9;ﾁﾔﾔﾉﾊﾇﾓ
736;922503;ﾊﾏﾕﾂﾁﾑﾁ;9225;ﾄﾇﾌﾏﾓ;ﾓﾁﾑﾙﾍﾉﾊﾏﾕ;907;ﾁﾍﾁﾔﾏﾋﾉﾊﾇﾓ ﾁﾔﾔﾉﾊﾇﾓ;9;ﾁﾔﾔﾉﾊﾇﾓ
737;922504;ﾐﾁﾋﾁﾉﾁﾓ ﾖﾙﾊﾁﾉﾁﾓ;9225;ﾄﾇﾌﾏﾓ;ﾓﾁﾑﾙﾍﾉﾊﾏﾕ;907;ﾁﾍﾁﾔﾏﾋﾉﾊﾇﾓ ﾁﾔﾔﾉﾊﾇﾓ;9;ﾁﾔﾔﾉﾊﾇﾓ
738;922505;ﾓﾁﾑﾙﾍﾉﾄﾏﾓ;9225;ﾄﾇﾌﾏﾓ;ﾓﾁﾑﾙﾍﾉﾊﾏﾕ;907;ﾁﾍﾁﾔﾏﾋﾉﾊﾇﾓ ﾁﾔﾔﾉﾊﾇﾓ;9;ﾁﾔﾔﾉﾊﾇﾓ
739;922601;ﾁﾑﾔﾅﾌﾉﾄﾏﾓ;9226;ﾄﾇﾌﾏﾓ;ﾓﾐﾁﾔﾙﾍ - ﾁﾑﾔﾅﾌﾉﾄﾏﾓ;907;ﾁﾍﾁﾔﾏﾋﾉﾊﾇﾓ ﾁﾔﾔﾉﾊﾇﾓ;9;ﾁﾔﾔﾉﾊﾇﾓ
740;922602;ﾓﾐﾁﾔﾙﾍ-ﾋﾏﾕﾔﾓﾁﾓ;9226;ﾄﾇﾌﾏﾓ;ﾓﾐﾁﾔﾙﾍ - ﾁﾑﾔﾅﾌﾉﾄﾏﾓ;907;ﾁﾍﾁﾔﾏﾋﾉﾊﾇﾓ ﾁﾔﾔﾉﾊﾇﾓ;9;ﾁﾔﾔﾉﾊﾇﾓ
741;922701;ﾁﾕﾋﾙﾍﾏﾓ;9227;ﾄﾇﾌﾏﾓ;ﾙﾑﾙﾐﾏﾕ;907;ﾁﾍﾁﾔﾏﾋﾉﾊﾇﾓ ﾁﾔﾔﾉﾊﾇﾓ;9;ﾁﾔﾔﾉﾊﾇﾓ
742;922702;ﾁﾖﾉﾄﾍﾙﾍ;9227;ﾄﾇﾌﾏﾓ;ﾙﾑﾙﾐﾏﾕ;907;ﾁﾍﾁﾔﾏﾋﾉﾊﾇﾓ ﾁﾔﾔﾉﾊﾇﾓ;9;ﾁﾔﾔﾉﾊﾇﾓ
743;922703;ﾊﾁﾋﾁﾌﾏﾕ;9227;ﾄﾇﾌﾏﾓ;ﾙﾑﾙﾐﾏﾕ;907;ﾁﾍﾁﾔﾏﾋﾉﾊﾇﾓ ﾁﾔﾔﾉﾊﾇﾓ;9;ﾁﾔﾔﾉﾊﾇﾓ
744;922704;ﾊﾁﾐﾁﾍﾄﾑﾉﾔﾉﾏﾕ;9227;ﾄﾇﾌﾏﾓ;ﾙﾑﾙﾐﾏﾕ;907;ﾁﾍﾁﾔﾏﾋﾉﾊﾇﾓ ﾁﾔﾔﾉﾊﾇﾓ;9;ﾁﾔﾔﾉﾊﾇﾓ
745;922705;ﾌﾁﾋﾁﾊﾁﾓﾇﾓ;9227;ﾄﾇﾌﾏﾓ;ﾙﾑﾙﾐﾏﾕ;907;ﾁﾍﾁﾔﾏﾋﾉﾊﾇﾓ ﾁﾔﾔﾉﾊﾇﾓ;9;ﾁﾔﾔﾉﾊﾇﾓ
746;922706;ﾌﾁﾑﾊﾏﾐﾏﾕﾋﾏﾕ ﾙﾑﾙﾐﾏﾕ;9227;ﾄﾇﾌﾏﾓ;ﾙﾑﾙﾐﾏﾕ;907;ﾁﾍﾁﾔﾏﾋﾉﾊﾇﾓ ﾁﾔﾔﾉﾊﾇﾓ;9;ﾁﾔﾔﾉﾊﾇﾓ
747;922707;ﾐﾏﾋﾕﾄﾅﾍﾄﾑﾉﾏﾕ;9227;ﾄﾇﾌﾏﾓ;ﾙﾑﾙﾐﾏﾕ;907;ﾁﾍﾁﾔﾏﾋﾉﾊﾇﾓ ﾁﾔﾔﾉﾊﾇﾓ;9;ﾁﾔﾔﾉﾊﾇﾓ
748;922708;ﾓﾕﾊﾁﾌﾉﾍﾏﾕ;9227;ﾄﾇﾌﾏﾓ;ﾙﾑﾙﾐﾏﾕ;907;ﾁﾍﾁﾔﾏﾋﾉﾊﾇﾓ ﾁﾔﾔﾉﾊﾇﾓ;9;ﾁﾔﾔﾉﾊﾇﾓ
749;922709;ﾙﾑﾙﾐﾉﾙﾍ;9227;ﾄﾇﾌﾏﾓ;ﾙﾑﾙﾐﾏﾕ;907;ﾁﾍﾁﾔﾏﾋﾉﾊﾇﾓ ﾁﾔﾔﾉﾊﾇﾓ;9;ﾁﾔﾔﾉﾊﾇﾓ
750;922801;ﾁﾓﾐﾑﾏﾐﾕﾑﾃﾏﾕ;9228;ﾄﾇﾌﾏﾓ;ﾁﾓﾐﾑﾏﾐﾕﾑﾃﾏﾕ;908;ﾄﾕﾔﾉﾊﾇﾓ ﾁﾔﾔﾉﾊﾇﾓ;9;ﾁﾔﾔﾉﾊﾇﾓ
751;922901;ﾅﾋﾅﾕﾓﾉﾍﾏﾓ;9229;ﾄﾇﾌﾏﾓ;ﾅﾋﾅﾕﾓﾉﾍﾁﾓ;908;ﾄﾕﾔﾉﾊﾇﾓ ﾁﾔﾔﾉﾊﾇﾓ;9;ﾁﾔﾔﾉﾊﾇﾓ
752;922902;ﾌﾁﾃﾏﾕﾋﾁﾓ;9229;ﾄﾇﾌﾏﾓ;ﾅﾋﾅﾕﾓﾉﾍﾁﾓ;908;ﾄﾕﾔﾉﾊﾇﾓ ﾁﾔﾔﾉﾊﾇﾓ;9;ﾁﾔﾔﾉﾊﾇﾓ
753;923001;ﾂﾉﾋﾉﾙﾍ;9230;ﾄﾇﾌﾏﾓ;ﾌﾁﾍﾄﾑﾁﾓ - ﾅﾉﾄﾕﾋﾋﾉﾁﾓ;908;ﾄﾕﾔﾉﾊﾇﾓ ﾁﾔﾔﾉﾊﾇﾓ;9;ﾁﾔﾔﾉﾊﾇﾓ
754;923002;ﾅﾑﾕﾈﾑﾙﾍ;9230;ﾄﾇﾌﾏﾓ;ﾌﾁﾍﾄﾑﾁﾓ - ﾅﾉﾄﾕﾋﾋﾉﾁﾓ;908;ﾄﾕﾔﾉﾊﾇﾓ ﾁﾔﾔﾉﾊﾇﾓ;9;ﾁﾔﾔﾉﾊﾇﾓ
755;923003;ﾌﾁﾍﾄﾑﾁﾓ;9230;ﾄﾇﾌﾏﾓ;ﾌﾁﾍﾄﾑﾁﾓ - ﾅﾉﾄﾕﾋﾋﾉﾁﾓ;908;ﾄﾕﾔﾉﾊﾇﾓ ﾁﾔﾔﾉﾊﾇﾓ;9;ﾁﾔﾔﾉﾊﾇﾓ
756;923004;ﾏﾉﾍﾏﾇﾓ;9230;ﾄﾇﾌﾏﾓ;ﾌﾁﾍﾄﾑﾁﾓ - ﾅﾉﾄﾕﾋﾋﾉﾁﾓ;908;ﾄﾕﾔﾉﾊﾇﾓ ﾁﾔﾔﾉﾊﾇﾓ;9;ﾁﾔﾔﾉﾊﾇﾓ
757;923101;ﾌﾅﾃﾁﾑﾅﾙﾍ;9231;ﾄﾇﾌﾏﾓ;ﾌﾅﾃﾁﾑﾅﾙﾍ;908;ﾄﾕﾔﾉﾊﾇﾓ ﾁﾔﾔﾉﾊﾇﾓ;9;ﾁﾔﾔﾉﾊﾇﾓ
758;923102;ﾍﾅﾁﾓ ﾐﾅﾑﾁﾌﾏﾕ;9231;ﾄﾇﾌﾏﾓ;ﾌﾅﾃﾁﾑﾅﾙﾍ;908;ﾄﾕﾔﾉﾊﾇﾓ ﾁﾔﾔﾉﾊﾇﾓ;9;ﾁﾔﾔﾉﾊﾇﾓ
759;923201;ﾁﾍﾙ ﾋﾉﾏﾓﾉﾙﾍ;9232;ﾄﾇﾌﾏﾓ;ﾖﾕﾋﾇﾓ;908;ﾄﾕﾔﾉﾊﾇﾓ ﾁﾔﾔﾉﾊﾇﾓ;9;ﾁﾔﾔﾉﾊﾇﾓ
760;923202;ﾆﾅﾖﾕﾑﾉﾏﾕ;9232;ﾄﾇﾌﾏﾓ;ﾖﾕﾋﾇﾓ;908;ﾄﾕﾔﾉﾊﾇﾓ ﾁﾔﾔﾉﾊﾇﾓ;9;ﾁﾔﾔﾉﾊﾇﾓ
761;923203;ﾖﾕﾋﾇﾓ;9232;ﾄﾇﾌﾏﾓ;ﾖﾕﾋﾇﾓ;908;ﾄﾕﾔﾉﾊﾇﾓ ﾁﾔﾔﾉﾊﾇﾓ;9;ﾁﾔﾔﾉﾊﾇﾓ
762;923301;ﾁﾋﾅﾁﾓ;9233;ﾄﾇﾌﾏﾓ;ﾁﾑﾃﾏﾕﾓ-ﾌﾕﾊﾇﾍﾙﾍ;1001;ﾁﾑﾃﾏﾋﾉﾄﾁﾓ;10;ﾐﾅﾋﾏﾐﾏﾍﾍﾇﾓﾏﾕ
763;923302;ﾁﾑﾃﾏﾕﾓ;9233;ﾄﾇﾌﾏﾓ;ﾁﾑﾃﾏﾕﾓ-ﾌﾕﾊﾇﾍﾙﾍ;1001;ﾁﾑﾃﾏﾋﾉﾄﾁﾓ;10;ﾐﾅﾋﾏﾐﾏﾍﾍﾇﾓﾏﾕ
764;923303;ﾁﾗﾋﾁﾄﾏﾊﾁﾌﾐﾏﾕ;9233;ﾄﾇﾌﾏﾓ;ﾁﾑﾃﾏﾕﾓ-ﾌﾕﾊﾇﾍﾙﾍ;1001;ﾁﾑﾃﾏﾋﾉﾄﾁﾓ;10;ﾐﾅﾋﾏﾐﾏﾍﾍﾇﾓﾏﾕ
765;923304;ﾊﾏﾕﾔﾓﾏﾐﾏﾄﾉﾏﾕ;9233;ﾄﾇﾌﾏﾓ;ﾁﾑﾃﾏﾕﾓ-ﾌﾕﾊﾇﾍﾙﾍ;1001;ﾁﾑﾃﾏﾋﾉﾄﾁﾓ;10;ﾐﾅﾋﾏﾐﾏﾍﾍﾇﾓﾏﾕ
766;923305;ﾋﾅﾑﾍﾁﾓ;9233;ﾄﾇﾌﾏﾓ;ﾁﾑﾃﾏﾕﾓ-ﾌﾕﾊﾇﾍﾙﾍ;1001;ﾁﾑﾃﾏﾋﾉﾄﾁﾓ;10;ﾐﾅﾋﾏﾐﾏﾍﾍﾇﾓﾏﾕ
767;923306;ﾋﾕﾑﾊﾅﾉﾁﾓ;9233;ﾄﾇﾌﾏﾓ;ﾁﾑﾃﾏﾕﾓ-ﾌﾕﾊﾇﾍﾙﾍ;1001;ﾁﾑﾃﾏﾋﾉﾄﾁﾓ;10;ﾐﾅﾋﾏﾐﾏﾍﾍﾇﾓﾏﾕ
768;923307;ﾌﾕﾊﾇﾍﾁﾉﾙﾍ;9233;ﾄﾇﾌﾏﾓ;ﾁﾑﾃﾏﾕﾓ-ﾌﾕﾊﾇﾍﾙﾍ;1001;ﾁﾑﾃﾏﾋﾉﾄﾁﾓ;10;ﾐﾅﾋﾏﾐﾏﾍﾍﾇﾓﾏﾕ
769;923308;ﾍﾅﾁﾓ ﾊﾉﾏﾕ;9233;ﾄﾇﾌﾏﾓ;ﾁﾑﾃﾏﾕﾓ-ﾌﾕﾊﾇﾍﾙﾍ;1001;ﾁﾑﾃﾏﾋﾉﾄﾁﾓ;10;ﾐﾅﾋﾏﾐﾏﾍﾍﾇﾓﾏﾕ
770;923401;ﾁﾓﾊﾋﾇﾐﾉﾅﾉﾏﾕ;9234;ﾄﾇﾌﾏﾓ;ﾅﾐﾉﾄﾁﾕﾑﾏﾕ;1001;ﾁﾑﾃﾏﾋﾉﾄﾁﾓ;10;ﾐﾅﾋﾏﾐﾏﾍﾍﾇﾓﾏﾕ
771;923402;ﾅﾐﾉﾄﾁﾕﾑﾏﾕ;9234;ﾄﾇﾌﾏﾓ;ﾅﾐﾉﾄﾁﾕﾑﾏﾕ;1001;ﾁﾑﾃﾏﾋﾉﾄﾁﾓ;10;ﾐﾅﾋﾏﾐﾏﾍﾍﾇﾓﾏﾕ
772;923501;ﾅﾑﾌﾉﾏﾍﾇﾓ;9235;ﾄﾇﾌﾏﾓ;ﾅﾑﾌﾉﾏﾍﾉﾄﾁﾓ;1001;ﾁﾑﾃﾏﾋﾉﾄﾁﾓ;10;ﾐﾅﾋﾏﾐﾏﾍﾍﾇﾓﾏﾕ
773;923502;ﾊﾑﾁﾍﾉﾄﾉﾏﾕ;9235;ﾄﾇﾌﾏﾓ;ﾅﾑﾌﾉﾏﾍﾉﾄﾁﾓ;1001;ﾁﾑﾃﾏﾋﾉﾄﾁﾓ;10;ﾐﾅﾋﾏﾐﾏﾍﾍﾇﾓﾏﾕ
774;923601;ﾁﾓﾉﾍﾇﾓ;9236;ﾄﾇﾌﾏﾓ;ﾍﾁﾕﾐﾋﾉﾅﾙﾍ;1001;ﾁﾑﾃﾏﾋﾉﾄﾁﾓ;10;ﾐﾅﾋﾏﾐﾏﾍﾍﾇﾓﾏﾕ
775;923602;ﾌﾉﾄﾅﾁﾓ;9236;ﾄﾇﾌﾏﾓ;ﾍﾁﾕﾐﾋﾉﾅﾙﾍ;1001;ﾁﾑﾃﾏﾋﾉﾄﾁﾓ;10;ﾐﾅﾋﾏﾐﾏﾍﾍﾇﾓﾏﾕ
776;923603;ﾍﾁﾕﾐﾋﾉﾏﾕ;9236;ﾄﾇﾌﾏﾓ;ﾍﾁﾕﾐﾋﾉﾅﾙﾍ;1001;ﾁﾑﾃﾏﾋﾉﾄﾁﾓ;10;ﾐﾅﾋﾏﾐﾏﾍﾍﾇﾓﾏﾕ
777;923604;ﾍﾅﾁﾓ ﾔﾉﾑﾕﾍﾈﾁﾓ;9236;ﾄﾇﾌﾏﾓ;ﾍﾁﾕﾐﾋﾉﾅﾙﾍ;1001;ﾁﾑﾃﾏﾋﾉﾄﾁﾓ;10;ﾐﾅﾋﾏﾐﾏﾍﾍﾇﾓﾏﾕ
778;923701;ﾂﾏﾑﾅﾉﾁﾓ ﾊﾕﾍﾏﾕﾑﾉﾁﾓ;9237;ﾄﾇﾌﾏﾓ;ﾂﾏﾑﾅﾉﾁﾓ ﾊﾕﾍﾏﾕﾑﾉﾁﾓ;1002;ﾁﾑﾊﾁﾄﾉﾁﾓ;10;ﾐﾅﾋﾏﾐﾏﾍﾍﾇﾓﾏﾕ
779;923801;ﾂﾕﾔﾉﾍﾁﾓ;9238;ﾄﾇﾌﾏﾓ;ﾃﾏﾑﾔﾕﾍﾉﾁﾓ;1002;ﾁﾑﾊﾁﾄﾉﾁﾓ;10;ﾐﾅﾋﾏﾐﾏﾍﾍﾇﾓﾏﾕ
780;923802;ﾄﾇﾌﾇﾔﾓﾁﾍﾇﾓ;9238;ﾄﾇﾌﾏﾓ;ﾃﾏﾑﾔﾕﾍﾉﾁﾓ;1002;ﾁﾑﾊﾁﾄﾉﾁﾓ;10;ﾐﾅﾋﾏﾐﾏﾍﾍﾇﾓﾏﾕ
781;923803;ﾇﾑﾁﾉﾁﾓ;9238;ﾄﾇﾌﾏﾓ;ﾃﾏﾑﾔﾕﾍﾉﾁﾓ;1002;ﾁﾑﾊﾁﾄﾉﾁﾓ;10;ﾐﾅﾋﾏﾐﾏﾍﾍﾇﾓﾏﾕ
782;923804;ﾊﾋﾅﾉﾔﾏﾑﾏﾓ;9238;ﾄﾇﾌﾏﾓ;ﾃﾏﾑﾔﾕﾍﾉﾁﾓ;1002;ﾁﾑﾊﾁﾄﾉﾁﾓ;10;ﾐﾅﾋﾏﾐﾏﾍﾍﾇﾓﾏﾕ
783;923805;ﾊﾏﾍﾔﾏﾂﾁﾆﾁﾉﾍﾇﾓ;9238;ﾄﾇﾌﾏﾓ;ﾃﾏﾑﾔﾕﾍﾉﾁﾓ;1002;ﾁﾑﾊﾁﾄﾉﾁﾓ;10;ﾐﾅﾋﾏﾐﾏﾍﾍﾇﾓﾏﾕ
784;923806;ﾋﾁﾃﾊﾁﾄﾉﾙﾍ;9238;ﾄﾇﾌﾏﾓ;ﾃﾏﾑﾔﾕﾍﾉﾁﾓ;1002;ﾁﾑﾊﾁﾄﾉﾁﾓ;10;ﾐﾅﾋﾏﾐﾏﾍﾍﾇﾓﾏﾕ
785;923807;ﾔﾑﾉﾊﾏﾋﾙﾍﾙﾍ;9238;ﾄﾇﾌﾏﾓ;ﾃﾏﾑﾔﾕﾍﾉﾁﾓ;1002;ﾁﾑﾊﾁﾄﾉﾁﾓ;10;ﾐﾅﾋﾏﾐﾏﾍﾍﾇﾓﾏﾕ
786;923808;ﾔﾑﾏﾐﾁﾉﾙﾍ;9238;ﾄﾇﾌﾏﾓ;ﾃﾏﾑﾔﾕﾍﾉﾁﾓ;1002;ﾁﾑﾊﾁﾄﾉﾁﾓ;10;ﾐﾅﾋﾏﾐﾏﾍﾍﾇﾓﾏﾕ
787;923901;ﾃﾏﾑﾔﾕﾍﾏﾓ;9239;ﾄﾇﾌﾏﾓ;ﾌﾅﾃﾁﾋﾏﾐﾏﾋﾇﾓ;1002;ﾁﾑﾊﾁﾄﾉﾁﾓ;10;ﾐﾅﾋﾏﾐﾏﾍﾍﾇﾓﾏﾕ
788;923902;ﾌﾅﾃﾁﾋﾏﾐﾏﾋﾇﾓ;9239;ﾄﾇﾌﾏﾓ;ﾌﾅﾃﾁﾋﾏﾐﾏﾋﾇﾓ;1002;ﾁﾑﾊﾁﾄﾉﾁﾓ;10;ﾐﾅﾋﾏﾐﾏﾍﾍﾇﾓﾏﾕ
789;923903;ﾖﾁﾋﾁﾉﾓﾉﾁﾓ;9239;ﾄﾇﾌﾏﾓ;ﾌﾅﾃﾁﾋﾏﾐﾏﾋﾇﾓ;1002;ﾁﾑﾊﾁﾄﾉﾁﾓ;10;ﾐﾅﾋﾏﾐﾏﾍﾍﾇﾓﾏﾕ
790;924001;ﾊﾏﾓﾌﾁ;9240;ﾄﾇﾌﾏﾓ;ﾍﾏﾔﾉﾁﾓ ﾊﾕﾍﾏﾕﾑﾉﾁﾓ;1002;ﾁﾑﾊﾁﾄﾉﾁﾓ;10;ﾐﾅﾋﾏﾐﾏﾍﾍﾇﾓﾏﾕ
791;924002;ﾋﾅﾙﾍﾉﾄﾉﾏﾕ;9240;ﾄﾇﾌﾏﾓ;ﾍﾏﾔﾉﾁﾓ ﾊﾕﾍﾏﾕﾑﾉﾁﾓ;1002;ﾁﾑﾊﾁﾄﾉﾁﾓ;10;ﾐﾅﾋﾏﾐﾏﾍﾍﾇﾓﾏﾕ
792;924003;ﾔﾕﾑﾏﾕ;9240;ﾄﾇﾌﾏﾓ;ﾍﾏﾔﾉﾁﾓ ﾊﾕﾍﾏﾕﾑﾉﾁﾓ;1002;ﾁﾑﾊﾁﾄﾉﾁﾓ;10;ﾐﾅﾋﾏﾐﾏﾍﾍﾇﾓﾏﾕ
793;924101;ﾂﾁﾋﾔﾅﾔﾓﾉﾏﾕ;9241;ﾄﾇﾌﾏﾓ;ﾔﾑﾉﾐﾏﾋﾇﾓ;1002;ﾁﾑﾊﾁﾄﾉﾁﾓ;10;ﾐﾅﾋﾏﾐﾏﾍﾍﾇﾓﾏﾕ
794;924102;ﾊﾏﾑﾕﾈﾉﾏﾕ;9241;ﾄﾇﾌﾏﾓ;ﾔﾑﾉﾐﾏﾋﾇﾓ;1002;ﾁﾑﾊﾁﾄﾉﾁﾓ;10;ﾐﾅﾋﾏﾐﾏﾍﾍﾇﾓﾏﾕ
795;924103;ﾋﾅﾂﾉﾄﾉﾏﾕ;9241;ﾄﾇﾌﾏﾓ;ﾔﾑﾉﾐﾏﾋﾇﾓ;1002;ﾁﾑﾊﾁﾄﾉﾁﾓ;10;ﾐﾅﾋﾏﾐﾏﾍﾍﾇﾓﾏﾕ
796;924104;ﾌﾁﾍﾔﾉﾍﾅﾉﾁﾓ;9241;ﾄﾇﾌﾏﾓ;ﾔﾑﾉﾐﾏﾋﾇﾓ;1002;ﾁﾑﾊﾁﾄﾉﾁﾓ;10;ﾐﾅﾋﾏﾐﾏﾍﾍﾇﾓﾏﾕ
797;924105;ﾓﾊﾉﾑﾉﾔﾉﾄﾁﾓ;9241;ﾄﾇﾌﾏﾓ;ﾔﾑﾉﾐﾏﾋﾇﾓ;1002;ﾁﾑﾊﾁﾄﾉﾁﾓ;10;ﾐﾅﾋﾏﾐﾏﾍﾍﾇﾓﾏﾕ
798;924106;ﾔﾅﾃﾅﾁﾓ;9241;ﾄﾇﾌﾏﾓ;ﾔﾑﾉﾐﾏﾋﾇﾓ;1002;ﾁﾑﾊﾁﾄﾉﾁﾓ;10;ﾐﾅﾋﾏﾐﾏﾍﾍﾇﾓﾏﾕ
799;924107;ﾔﾑﾉﾐﾏﾋﾇﾓ;9241;ﾄﾇﾌﾏﾓ;ﾔﾑﾉﾐﾏﾋﾇﾓ;1002;ﾁﾑﾊﾁﾄﾉﾁﾓ;10;ﾐﾅﾋﾏﾐﾏﾍﾍﾇﾓﾏﾕ
800;924108;ﾖﾁﾋﾁﾍﾈﾏﾕ;9241;ﾄﾇﾌﾏﾓ;ﾔﾑﾉﾐﾏﾋﾇﾓ;1002;ﾁﾑﾊﾁﾄﾉﾁﾓ;10;ﾐﾅﾋﾏﾐﾏﾍﾍﾇﾓﾏﾕ
801;924201;ﾂﾅﾋﾏﾕ;9242;ﾄﾇﾌﾏﾓ;ﾂﾅﾋﾏﾕ-ﾂﾏﾗﾁﾓ;1003;ﾊﾏﾑﾉﾍﾈﾉﾁﾓ;10;ﾐﾅﾋﾏﾐﾏﾍﾍﾇﾓﾏﾕ
802;924202;ﾂﾏﾗﾁﾓ;9242;ﾄﾇﾌﾏﾓ;ﾂﾅﾋﾏﾕ-ﾂﾏﾗﾁﾓ;1003;ﾊﾏﾑﾉﾍﾈﾉﾁﾓ;10;ﾐﾅﾋﾏﾐﾏﾍﾍﾇﾓﾏﾕ
803;924301;ﾁﾓﾓﾏﾕ-ﾋﾅﾗﾁﾉﾏﾕ;9243;ﾄﾇﾌﾏﾓ;ﾊﾏﾑﾉﾍﾈﾉﾙﾍ;1003;ﾊﾏﾑﾉﾍﾈﾉﾁﾓ;10;ﾐﾅﾋﾏﾐﾏﾍﾍﾇﾓﾏﾕ
804;924302;ﾊﾏﾑﾉﾍﾈﾉﾙﾍ;9243;ﾄﾇﾌﾏﾓ;ﾊﾏﾑﾉﾍﾈﾉﾙﾍ;1003;ﾊﾏﾑﾉﾍﾈﾉﾁﾓ;10;ﾐﾅﾋﾏﾐﾏﾍﾍﾇﾓﾏﾕ
805;924303;ﾓﾁﾑﾙﾍﾉﾊﾏﾕ;9243;ﾄﾇﾌﾏﾓ;ﾊﾏﾑﾉﾍﾈﾉﾙﾍ;1003;ﾊﾏﾑﾉﾍﾈﾉﾁﾓ;10;ﾐﾅﾋﾏﾐﾏﾍﾍﾇﾓﾏﾕ
806;924304;ﾓﾏﾋﾕﾃﾅﾉﾁﾓ;9243;ﾄﾇﾌﾏﾓ;ﾊﾏﾑﾉﾍﾈﾉﾙﾍ;1003;ﾊﾏﾑﾉﾍﾈﾉﾁﾓ;10;ﾐﾅﾋﾏﾐﾏﾍﾍﾇﾓﾏﾕ
807;924305;ﾔﾅﾍﾅﾁﾓ;9243;ﾄﾇﾌﾏﾓ;ﾊﾏﾑﾉﾍﾈﾉﾙﾍ;1003;ﾊﾏﾑﾉﾍﾈﾉﾁﾓ;10;ﾐﾅﾋﾏﾐﾏﾍﾍﾇﾓﾏﾕ
808;924401;ﾁﾃﾉﾙﾍ ﾈﾅﾏﾄﾙﾑﾙﾍ;9244;ﾄﾇﾌﾏﾓ;ﾋﾏﾕﾔﾑﾁﾊﾉﾏﾕ-ﾁﾃ.ﾈﾅﾏﾄﾙﾑﾙﾍ;1003;ﾊﾏﾑﾉﾍﾈﾉﾁﾓ;10;ﾐﾅﾋﾏﾐﾏﾍﾍﾇﾓﾏﾕ
809;924402;ﾋﾏﾕﾔﾑﾁﾊﾉﾏﾕ-ﾐﾅﾑﾁﾗﾙﾑﾁﾓ;9244;ﾄﾇﾌﾏﾓ;ﾋﾏﾕﾔﾑﾁﾊﾉﾏﾕ-ﾁﾃ.ﾈﾅﾏﾄﾙﾑﾙﾍ;1003;ﾊﾏﾑﾉﾍﾈﾉﾁﾓ;10;ﾐﾅﾋﾏﾐﾏﾍﾍﾇﾓﾏﾕ
810;924501;ﾍﾅﾌﾅﾁﾓ;9245;ﾄﾇﾌﾏﾓ;ﾍﾅﾌﾅﾁﾓ;1003;ﾊﾏﾑﾉﾍﾈﾉﾁﾓ;10;ﾐﾅﾋﾏﾐﾏﾍﾍﾇﾓﾏﾕ
811;924601;ﾅﾕﾑﾙﾓﾔﾉﾍﾇﾓ;9246;ﾄﾇﾌﾏﾓ;ﾎﾕﾋﾏﾊﾁﾓﾔﾑﾏﾕ-ﾅﾕﾑﾙﾓﾔﾉﾍﾇﾓ;1003;ﾊﾏﾑﾉﾍﾈﾉﾁﾓ;10;ﾐﾅﾋﾏﾐﾏﾍﾍﾇﾓﾏﾕ
812;924602;ﾎﾕﾋﾏﾊﾁﾓﾔﾑﾏﾕ;9246;ﾄﾇﾌﾏﾓ;ﾎﾕﾋﾏﾊﾁﾓﾔﾑﾏﾕ-ﾅﾕﾑﾙﾓﾔﾉﾍﾇﾓ;1003;ﾊﾏﾑﾉﾍﾈﾉﾁﾓ;10;ﾐﾅﾋﾏﾐﾏﾍﾍﾇﾓﾏﾕ
813;924701;ﾓﾉﾊﾕﾙﾍﾉﾙﾍ;9247;ﾄﾇﾌﾏﾓ;ﾓﾉﾊﾕﾙﾍﾉﾙﾍ;1003;ﾊﾏﾑﾉﾍﾈﾉﾁﾓ;10;ﾐﾅﾋﾏﾐﾏﾍﾍﾇﾓﾏﾕ
814;924702;ﾓﾔﾕﾌﾖﾁﾋﾉﾁﾓ;9247;ﾄﾇﾌﾏﾓ;ﾓﾉﾊﾕﾙﾍﾉﾙﾍ;1003;ﾊﾏﾑﾉﾍﾈﾉﾁﾓ;10;ﾐﾅﾋﾏﾐﾏﾍﾍﾇﾓﾏﾕ
815;924703;ﾖﾅﾍﾅﾏﾕ;9247;ﾄﾇﾌﾏﾓ;ﾓﾉﾊﾕﾙﾍﾉﾙﾍ;1003;ﾊﾏﾑﾉﾍﾈﾉﾁﾓ;10;ﾐﾅﾋﾏﾐﾏﾍﾍﾇﾓﾏﾕ
816;924801;ﾁﾍﾁﾔﾏﾋﾉﾊﾇﾓ ﾌﾁﾍﾇﾓ;9248;ﾄﾇﾌﾏﾓ;ﾁﾍﾁﾔﾏﾋﾉﾊﾇﾓ ﾌﾁﾍﾇﾓ;1004;ﾋﾁﾊﾙﾍﾉﾁﾓ;10;ﾐﾅﾋﾏﾐﾏﾍﾍﾇﾓﾏﾕ
817;924802;ﾃﾕﾈﾅﾉﾏﾕ;9248;ﾄﾇﾌﾏﾓ;ﾁﾍﾁﾔﾏﾋﾉﾊﾇﾓ ﾌﾁﾍﾇﾓ;1004;ﾋﾁﾊﾙﾍﾉﾁﾓ;10;ﾐﾅﾋﾏﾐﾏﾍﾍﾇﾓﾏﾕ
818;924803;ﾏﾉﾔﾕﾋﾏﾕ;9248;ﾄﾇﾌﾏﾓ;ﾁﾍﾁﾔﾏﾋﾉﾊﾇﾓ ﾌﾁﾍﾇﾓ;1004;ﾋﾁﾊﾙﾍﾉﾁﾓ;10;ﾐﾅﾋﾏﾐﾏﾍﾍﾇﾓﾏﾕ
819;924804;ﾓﾌﾕﾍﾏﾕﾓ;9248;ﾄﾇﾌﾏﾓ;ﾁﾍﾁﾔﾏﾋﾉﾊﾇﾓ ﾌﾁﾍﾇﾓ;1004;ﾋﾁﾊﾙﾍﾉﾁﾓ;10;ﾐﾅﾋﾏﾐﾏﾍﾍﾇﾓﾏﾕ
820;924901;ﾅﾋﾁﾖﾏﾍﾇﾓﾏﾕ;9249;ﾄﾇﾌﾏﾓ;ﾅﾋﾁﾖﾏﾍﾇﾓﾏﾕ;1004;ﾋﾁﾊﾙﾍﾉﾁﾓ;10;ﾐﾅﾋﾏﾐﾏﾍﾍﾇﾓﾏﾕ
821;925001;ﾃﾅﾑﾏﾍﾈﾑﾙﾍ;9250;ﾄﾇﾌﾏﾓ;ﾅﾕﾑﾙﾔﾁ;1004;ﾋﾁﾊﾙﾍﾉﾁﾓ;10;ﾐﾅﾋﾏﾐﾏﾍﾍﾇﾓﾏﾕ
822;925002;ﾅﾋﾏﾕﾓ;9250;ﾄﾇﾌﾏﾓ;ﾅﾕﾑﾙﾔﾁ;1004;ﾋﾁﾊﾙﾍﾉﾁﾓ;10;ﾐﾅﾋﾏﾐﾏﾍﾍﾇﾓﾏﾕ
823;925003;ﾊﾑﾏﾊﾅﾙﾍ;9250;ﾄﾇﾌﾏﾓ;ﾅﾕﾑﾙﾔﾁ;1004;ﾋﾁﾊﾙﾍﾉﾁﾓ;10;ﾐﾅﾋﾏﾐﾏﾍﾍﾇﾓﾏﾕ
824;925004;ﾍﾉﾁﾔﾙﾍ;9250;ﾄﾇﾌﾏﾓ;ﾅﾕﾑﾙﾔﾁ;1004;ﾋﾁﾊﾙﾍﾉﾁﾓ;10;ﾐﾅﾋﾏﾐﾏﾍﾍﾇﾓﾏﾕ
825;925005;ﾓﾊﾁﾋﾁﾓ;9250;ﾄﾇﾌﾏﾓ;ﾅﾕﾑﾙﾔﾁ;1004;ﾋﾁﾊﾙﾍﾉﾁﾓ;10;ﾐﾅﾋﾏﾐﾏﾍﾍﾇﾓﾏﾕ
826;925101;ﾁﾓﾙﾐﾏﾕ;9251;ﾄﾇﾌﾏﾓ;ﾌﾏﾍﾅﾌﾂﾁﾓﾉﾁﾓ;1004;ﾋﾁﾊﾙﾍﾉﾁﾓ;10;ﾐﾅﾋﾏﾐﾏﾍﾍﾇﾓﾏﾕ
827;925102;ﾂﾏﾉﾙﾍ;9251;ﾄﾇﾌﾏﾓ;ﾌﾏﾍﾅﾌﾂﾁﾓﾉﾁﾓ;1004;ﾋﾁﾊﾙﾍﾉﾁﾓ;10;ﾐﾅﾋﾏﾐﾏﾍﾍﾇﾓﾏﾕ
828;925103;ﾆﾁﾑﾁﾊﾁ;9251;ﾄﾇﾌﾏﾓ;ﾌﾏﾍﾅﾌﾂﾁﾓﾉﾁﾓ;1004;ﾋﾁﾊﾙﾍﾉﾁﾓ;10;ﾐﾅﾋﾏﾐﾏﾍﾍﾇﾓﾏﾕ
829;925104;ﾌﾏﾋﾁﾙﾍ;9251;ﾄﾇﾌﾏﾓ;ﾌﾏﾍﾅﾌﾂﾁﾓﾉﾁﾓ;1004;ﾋﾁﾊﾙﾍﾉﾁﾓ;10;ﾐﾅﾋﾏﾐﾏﾍﾍﾇﾓﾏﾕ
830;925105;ﾌﾏﾍﾅﾌﾂﾁﾓﾉﾁﾓ;9251;ﾄﾇﾌﾏﾓ;ﾌﾏﾍﾅﾌﾂﾁﾓﾉﾁﾓ;1004;ﾋﾁﾊﾙﾍﾉﾁﾓ;10;ﾐﾅﾋﾏﾐﾏﾍﾍﾇﾓﾏﾕ
831;925201;ﾈﾅﾑﾁﾐﾍﾙﾍ;9252;ﾄﾇﾌﾏﾓ;ﾓﾐﾁﾑﾔﾇﾓ;1004;ﾋﾁﾊﾙﾍﾉﾁﾓ;10;ﾐﾅﾋﾏﾐﾏﾍﾍﾇﾓﾏﾕ
832;925202;ﾊﾁﾑﾕﾙﾍ;9252;ﾄﾇﾌﾏﾓ;ﾓﾐﾁﾑﾔﾇﾓ;1004;ﾋﾁﾊﾙﾍﾉﾁﾓ;10;ﾐﾅﾋﾏﾐﾏﾍﾍﾇﾓﾏﾕ
833;925203;ﾌﾕﾓﾔﾑﾁ;9252;ﾄﾇﾌﾏﾓ;ﾓﾐﾁﾑﾔﾇﾓ;1004;ﾋﾁﾊﾙﾍﾉﾁﾓ;10;ﾐﾅﾋﾏﾐﾏﾍﾍﾇﾓﾏﾕ
834;925204;ﾏﾉﾍﾏﾕﾍﾔﾏﾓ;9252;ﾄﾇﾌﾏﾓ;ﾓﾐﾁﾑﾔﾇﾓ;1004;ﾋﾁﾊﾙﾍﾉﾁﾓ;10;ﾐﾅﾋﾏﾐﾏﾍﾍﾇﾓﾏﾕ
835;925205;ﾐﾅﾋﾋﾁﾍﾁﾓ;9252;ﾄﾇﾌﾏﾓ;ﾓﾐﾁﾑﾔﾇﾓ;1004;ﾋﾁﾊﾙﾍﾉﾁﾓ;10;ﾐﾅﾋﾏﾐﾏﾍﾍﾇﾓﾏﾕ
836;925206;ﾓﾐﾁﾑﾔﾉﾁﾔﾙﾍ;9252;ﾄﾇﾌﾏﾓ;ﾓﾐﾁﾑﾔﾇﾓ;1004;ﾋﾁﾊﾙﾍﾉﾁﾓ;10;ﾐﾅﾋﾏﾐﾏﾍﾍﾇﾓﾏﾕ
837;925207;ﾖﾁﾑﾉﾄﾏﾓ;9252;ﾄﾇﾌﾏﾓ;ﾓﾐﾁﾑﾔﾇﾓ;1004;ﾋﾁﾊﾙﾍﾉﾁﾓ;10;ﾐﾅﾋﾏﾐﾏﾍﾍﾇﾓﾏﾕ
838;925301;ﾁﾂﾉﾁﾓ;9253;ﾄﾇﾌﾏﾓ;ﾄﾕﾔﾉﾊﾇﾓ ﾌﾁﾍﾇﾓ;1005;ﾌﾅﾓﾓﾇﾍﾉﾁﾓ;10;ﾐﾅﾋﾏﾐﾏﾍﾍﾇﾓﾏﾕ
839;925302;ﾋﾅﾕﾊﾔﾑﾏﾕ;9253;ﾄﾇﾌﾏﾓ;ﾄﾕﾔﾉﾊﾇﾓ ﾌﾁﾍﾇﾓ;1005;ﾌﾅﾓﾓﾇﾍﾉﾁﾓ;10;ﾐﾅﾋﾏﾐﾏﾍﾍﾇﾓﾏﾕ
840;925401;ﾁﾑﾉﾏﾓ;9254;ﾄﾇﾌﾏﾓ;ﾊﾁﾋﾁﾌﾁﾔﾁﾓ;1005;ﾌﾅﾓﾓﾇﾍﾉﾁﾓ;10;ﾐﾅﾋﾏﾐﾏﾍﾍﾇﾓﾏﾕ
841;925402;ﾁﾑﾖﾁﾑﾙﾍ;9254;ﾄﾇﾌﾏﾓ;ﾊﾁﾋﾁﾌﾁﾔﾁﾓ;1005;ﾌﾅﾓﾓﾇﾍﾉﾁﾓ;10;ﾐﾅﾋﾏﾐﾏﾍﾍﾇﾓﾏﾕ
842;925403;ﾈﾏﾕﾑﾉﾁﾓ;9254;ﾄﾇﾌﾏﾓ;ﾊﾁﾋﾁﾌﾁﾔﾁﾓ;1005;ﾌﾅﾓﾓﾇﾍﾉﾁﾓ;10;ﾐﾅﾋﾏﾐﾏﾍﾍﾇﾓﾏﾕ
843;925404;ﾊﾁﾋﾁﾌﾁﾔﾁﾓ;9254;ﾄﾇﾌﾏﾓ;ﾊﾁﾋﾁﾌﾁﾔﾁﾓ;1005;ﾌﾅﾓﾓﾇﾍﾉﾁﾓ;10;ﾐﾅﾋﾏﾐﾏﾍﾍﾇﾓﾏﾕ
844;925501;ﾁﾉﾐﾅﾉﾁﾓ;9255;ﾄﾇﾌﾏﾓ;ﾌﾅﾓﾓﾇﾍﾇﾓ;1005;ﾌﾅﾓﾓﾇﾍﾉﾁﾓ;10;ﾐﾅﾋﾏﾐﾏﾍﾍﾇﾓﾏﾕ
845;925502;ﾁﾍﾄﾑﾏﾕﾓﾁﾓ;9255;ﾄﾇﾌﾏﾓ;ﾌﾅﾓﾓﾇﾍﾇﾓ;1005;ﾌﾅﾓﾓﾇﾍﾉﾁﾓ;10;ﾐﾅﾋﾏﾐﾏﾍﾍﾇﾓﾏﾕ
846;925503;ﾁﾑﾉﾓﾔﾏﾌﾅﾍﾏﾕﾓ;9255;ﾄﾇﾌﾏﾓ;ﾌﾅﾓﾓﾇﾍﾇﾓ;1005;ﾌﾅﾓﾓﾇﾍﾉﾁﾓ;10;ﾐﾅﾋﾏﾐﾏﾍﾍﾇﾓﾏﾕ
847;925504;ﾂﾏﾕﾖﾑﾁﾄﾏﾓ;9255;ﾄﾇﾌﾏﾓ;ﾌﾅﾓﾓﾇﾍﾇﾓ;1005;ﾌﾅﾓﾓﾇﾍﾉﾁﾓ;10;ﾐﾅﾋﾏﾐﾏﾍﾍﾇﾓﾏﾕ
848;925505;ﾉﾈﾙﾌﾇﾓ;9255;ﾄﾇﾌﾏﾓ;ﾌﾅﾓﾓﾇﾍﾇﾓ;1005;ﾌﾅﾓﾓﾇﾍﾉﾁﾓ;10;ﾐﾅﾋﾏﾐﾏﾍﾍﾇﾓﾏﾕ
849;925506;ﾌﾅﾓﾓﾇﾍﾇﾓ;9255;ﾄﾇﾌﾏﾓ;ﾌﾅﾓﾓﾇﾍﾇﾓ;1005;ﾌﾅﾓﾓﾇﾍﾉﾁﾓ;10;ﾐﾅﾋﾏﾐﾏﾍﾍﾇﾓﾏﾕ
850;925507;ﾐﾅﾔﾁﾋﾉﾄﾉﾏﾕ;9255;ﾄﾇﾌﾏﾓ;ﾌﾅﾓﾓﾇﾍﾇﾓ;1005;ﾌﾅﾓﾓﾇﾍﾉﾁﾓ;10;ﾐﾅﾋﾏﾐﾏﾍﾍﾇﾓﾏﾕ
851;925508;ﾔﾑﾉﾊﾏﾑﾖﾏﾕ;9255;ﾄﾇﾌﾏﾓ;ﾌﾅﾓﾓﾇﾍﾇﾓ;1005;ﾌﾅﾓﾓﾇﾍﾉﾁﾓ;10;ﾐﾅﾋﾏﾐﾏﾍﾍﾇﾓﾏﾕ
852;925601;ﾁﾍﾄﾁﾍﾉﾁﾓ;9256;ﾄﾇﾌﾏﾓ;ﾏﾉﾗﾁﾋﾉﾁﾓ;1005;ﾌﾅﾓﾓﾇﾍﾉﾁﾓ;10;ﾐﾅﾋﾏﾐﾏﾍﾍﾇﾓﾏﾕ
853;925602;ﾄﾙﾑﾉﾏﾕ;9256;ﾄﾇﾌﾏﾓ;ﾏﾉﾗﾁﾋﾉﾁﾓ;1005;ﾌﾅﾓﾓﾇﾍﾉﾁﾓ;10;ﾐﾅﾋﾏﾐﾏﾍﾍﾇﾓﾏﾕ
854;925603;ﾅﾉﾑﾁﾓ;9256;ﾄﾇﾌﾏﾓ;ﾏﾉﾗﾁﾋﾉﾁﾓ;1005;ﾌﾅﾓﾓﾇﾍﾉﾁﾓ;10;ﾐﾅﾋﾏﾐﾏﾍﾍﾇﾓﾏﾕ
855;925604;ﾌﾅﾋﾉﾃﾁﾋﾁ;9256;ﾄﾇﾌﾏﾓ;ﾏﾉﾗﾁﾋﾉﾁﾓ;1005;ﾌﾅﾓﾓﾇﾍﾉﾁﾓ;10;ﾐﾅﾋﾏﾐﾏﾍﾍﾇﾓﾏﾕ
856;925605;ﾏﾉﾗﾁﾋﾉﾁﾓ;9256;ﾄﾇﾌﾏﾓ;ﾏﾉﾗﾁﾋﾉﾁﾓ;1005;ﾌﾅﾓﾓﾇﾍﾉﾁﾓ;10;ﾐﾅﾋﾏﾐﾏﾍﾍﾇﾓﾏﾕ
857;925701;ﾊﾏﾑﾙﾍﾇﾓ;9257;ﾄﾇﾌﾏﾓ;ﾐﾕﾋﾏﾕ-ﾍﾅﾓﾔﾏﾑﾏﾓ;1005;ﾌﾅﾓﾓﾇﾍﾉﾁﾓ;10;ﾐﾅﾋﾏﾐﾏﾍﾍﾇﾓﾏﾕ
858;925702;ﾌﾅﾈﾙﾍﾇﾓ;9257;ﾄﾇﾌﾏﾓ;ﾐﾕﾋﾏﾕ-ﾍﾅﾓﾔﾏﾑﾏﾓ;1005;ﾌﾅﾓﾓﾇﾍﾉﾁﾓ;10;ﾐﾅﾋﾏﾐﾏﾍﾍﾇﾓﾏﾕ
859;925703;ﾍﾅﾓﾔﾏﾑﾏﾓ;9257;ﾄﾇﾌﾏﾓ;ﾐﾕﾋﾏﾕ-ﾍﾅﾓﾔﾏﾑﾏﾓ;1005;ﾌﾅﾓﾓﾇﾍﾉﾁﾓ;10;ﾐﾅﾋﾏﾐﾏﾍﾍﾇﾓﾏﾕ
860;925704;ﾐﾁﾐﾁﾖﾋﾅﾓﾓﾁ;9257;ﾄﾇﾌﾏﾓ;ﾐﾕﾋﾏﾕ-ﾍﾅﾓﾔﾏﾑﾏﾓ;1005;ﾌﾅﾓﾓﾇﾍﾉﾁﾓ;10;ﾐﾅﾋﾏﾐﾏﾍﾍﾇﾓﾏﾕ
861;925705;ﾐﾕﾋﾏﾕ;9257;ﾄﾇﾌﾏﾓ;ﾐﾕﾋﾏﾕ-ﾍﾅﾓﾔﾏﾑﾏﾓ;1005;ﾌﾅﾓﾓﾇﾍﾉﾁﾓ;10;ﾐﾅﾋﾏﾐﾏﾍﾍﾇﾓﾏﾕ
862;925706;ﾗﾉﾋﾉﾏﾗﾙﾑﾉﾙﾍ;9257;ﾄﾇﾌﾏﾓ;ﾐﾕﾋﾏﾕ-ﾍﾅﾓﾔﾏﾑﾏﾓ;1005;ﾌﾅﾓﾓﾇﾍﾉﾁﾓ;10;ﾐﾅﾋﾏﾐﾏﾍﾍﾇﾓﾏﾕ
863;925801;ﾁﾅﾔﾏﾕ;9258;ﾄﾇﾌﾏﾓ;ﾔﾑﾉﾖﾕﾋﾉﾁﾓ;1005;ﾌﾅﾓﾓﾇﾍﾉﾁﾓ;10;ﾐﾅﾋﾏﾐﾏﾍﾍﾇﾓﾏﾕ
864;925802;ﾁﾕﾋﾙﾍﾏﾓ;9258;ﾄﾇﾌﾏﾓ;ﾔﾑﾉﾖﾕﾋﾉﾁﾓ;1005;ﾌﾅﾓﾓﾇﾍﾉﾁﾓ;10;ﾐﾅﾋﾏﾐﾏﾍﾍﾇﾓﾏﾕ
865;925803;ﾃﾁﾑﾃﾁﾋﾉﾁﾍﾙﾍ;9258;ﾄﾇﾌﾏﾓ;ﾔﾑﾉﾖﾕﾋﾉﾁﾓ;1005;ﾌﾅﾓﾓﾇﾍﾉﾁﾓ;10;ﾐﾅﾋﾏﾐﾏﾍﾍﾇﾓﾏﾕ
866;925804;ﾊﾕﾐﾁﾑﾉﾓﾓﾉﾁﾓ;9258;ﾄﾇﾌﾏﾓ;ﾔﾑﾉﾖﾕﾋﾉﾁﾓ;1005;ﾌﾅﾓﾓﾇﾍﾉﾁﾓ;10;ﾐﾅﾋﾏﾐﾏﾍﾍﾇﾓﾏﾕ
867;925805;ﾔﾑﾉﾐﾕﾋﾇﾓ;9258;ﾄﾇﾌﾏﾓ;ﾔﾑﾉﾖﾕﾋﾉﾁﾓ;1005;ﾌﾅﾓﾓﾇﾍﾉﾁﾓ;10;ﾐﾅﾋﾏﾐﾏﾍﾍﾇﾓﾏﾕ
868;925806;ﾖﾉﾋﾉﾁﾔﾑﾙﾍ;9258;ﾄﾇﾌﾏﾓ;ﾔﾑﾉﾖﾕﾋﾉﾁﾓ;1005;ﾌﾅﾓﾓﾇﾍﾉﾁﾓ;10;ﾐﾅﾋﾏﾐﾏﾍﾍﾇﾓﾏﾕ
869;925901;ﾁﾃﾉﾏﾕ ﾊﾇﾑﾕﾊﾏﾕ;9259;ﾄﾇﾌﾏﾓ;ﾉﾊﾁﾑﾉﾁﾓ;1101;ﾉﾊﾁﾑﾉﾁﾓ;11;ﾂﾏﾑﾅﾉﾏﾕ ﾁﾉﾃﾁﾉﾏﾕ
870;925902;ﾅﾕﾄﾇﾋﾏﾕ;9259;ﾄﾇﾌﾏﾓ;ﾉﾊﾁﾑﾉﾁﾓ;1101;ﾉﾊﾁﾑﾉﾁﾓ;11;ﾂﾏﾑﾅﾉﾏﾕ ﾁﾉﾃﾁﾉﾏﾕ
871;925903;ﾑﾁﾗﾙﾍ;9259;ﾄﾇﾌﾏﾓ;ﾉﾊﾁﾑﾉﾁﾓ;1101;ﾉﾊﾁﾑﾉﾁﾓ;11;ﾂﾏﾑﾅﾉﾏﾕ ﾁﾉﾃﾁﾉﾏﾕ
872;926001;ﾖﾏﾕﾑﾍﾙﾍ ﾊﾏﾑﾓﾅﾙﾍ;9260;ﾄﾇﾌﾏﾓ;ﾖﾏﾕﾑﾍﾙﾍ ﾊﾏﾑﾓﾅﾙﾍ;1101;ﾉﾊﾁﾑﾉﾁﾓ;11;ﾂﾏﾑﾅﾉﾏﾕ ﾁﾉﾃﾁﾉﾏﾕ
873;926101;ﾁﾃﾉﾁﾓ ﾐﾁﾑﾁﾓﾊﾅﾕﾇﾓ;9261;ﾄﾇﾌﾏﾓ;ﾋﾅﾓﾂﾏﾕ;1102;ﾋﾅﾓﾂﾏﾕ;11;ﾂﾏﾑﾅﾉﾏﾕ ﾁﾉﾃﾁﾉﾏﾕ
874;926102;ﾁﾃﾉﾁﾓﾏﾕ;9261;ﾄﾇﾌﾏﾓ;ﾋﾅﾓﾂﾏﾕ;1102;ﾋﾅﾓﾂﾏﾕ;11;ﾂﾏﾑﾅﾉﾏﾕ ﾁﾉﾃﾁﾉﾏﾕ
875;926103;ﾃﾅﾑﾁﾓ;9261;ﾄﾇﾌﾏﾓ;ﾋﾅﾓﾂﾏﾕ;1102;ﾋﾅﾓﾂﾏﾕ;11;ﾂﾏﾑﾅﾉﾏﾕ ﾁﾉﾃﾁﾉﾏﾕ
876;926104;ﾅﾑﾅﾓﾏﾕ - ﾁﾍﾔﾉﾓﾓﾇﾓ;9261;ﾄﾇﾌﾏﾓ;ﾋﾅﾓﾂﾏﾕ;1102;ﾋﾅﾓﾂﾏﾕ;11;ﾂﾏﾑﾅﾉﾏﾕ ﾁﾉﾃﾁﾉﾏﾕ
877;926105;ﾅﾕﾅﾑﾃﾅﾔﾏﾕﾋﾁ;9261;ﾄﾇﾌﾏﾓ;ﾋﾅﾓﾂﾏﾕ;1102;ﾋﾅﾓﾂﾏﾕ;11;ﾂﾏﾑﾅﾉﾏﾕ ﾁﾉﾃﾁﾉﾏﾕ
878;926106;ﾊﾁﾋﾋﾏﾍﾇﾓ;9261;ﾄﾇﾌﾏﾓ;ﾋﾅﾓﾂﾏﾕ;1102;ﾋﾅﾓﾂﾏﾕ;11;ﾂﾏﾑﾅﾉﾏﾕ ﾁﾉﾃﾁﾉﾏﾕ
879;926107;ﾋﾏﾕﾔﾑﾏﾐﾏﾋﾅﾙﾓ ﾈﾅﾑﾌﾇﾓ;9261;ﾄﾇﾌﾏﾓ;ﾋﾅﾓﾂﾏﾕ;1102;ﾋﾅﾓﾂﾏﾕ;11;ﾂﾏﾑﾅﾉﾏﾕ ﾁﾉﾃﾁﾉﾏﾕ
880;926108;ﾌﾁﾍﾔﾁﾌﾁﾄﾏﾕ;9261;ﾄﾇﾌﾏﾓ;ﾋﾅﾓﾂﾏﾕ;1102;ﾋﾅﾓﾂﾏﾕ;11;ﾂﾏﾑﾅﾉﾏﾕ ﾁﾉﾃﾁﾉﾏﾕ
881;926109;ﾌﾇﾈﾕﾌﾍﾁﾓ;9261;ﾄﾇﾌﾏﾓ;ﾋﾅﾓﾂﾏﾕ;1102;ﾋﾅﾓﾂﾏﾕ;11;ﾂﾏﾑﾅﾉﾏﾕ ﾁﾉﾃﾁﾉﾏﾕ
882;926110;ﾌﾕﾔﾉﾋﾇﾍﾇﾓ;9261;ﾄﾇﾌﾏﾓ;ﾋﾅﾓﾂﾏﾕ;1102;ﾋﾅﾓﾂﾏﾕ;11;ﾂﾏﾑﾅﾉﾏﾕ ﾁﾉﾃﾁﾉﾏﾕ
883;926111;ﾐﾅﾔﾑﾁﾓ;9261;ﾄﾇﾌﾏﾓ;ﾋﾅﾓﾂﾏﾕ;1102;ﾋﾅﾓﾂﾏﾕ;11;ﾂﾏﾑﾅﾉﾏﾕ ﾁﾉﾃﾁﾉﾏﾕ
884;926112;ﾐﾋﾙﾌﾁﾑﾉﾏﾕ;9261;ﾄﾇﾌﾏﾓ;ﾋﾅﾓﾂﾏﾕ;1102;ﾋﾅﾓﾂﾏﾕ;11;ﾂﾏﾑﾅﾉﾏﾕ ﾁﾉﾃﾁﾉﾏﾕ
885;926113;ﾐﾏﾋﾉﾗﾍﾉﾔﾏﾕ;9261;ﾄﾇﾌﾏﾓ;ﾋﾅﾓﾂﾏﾕ;1102;ﾋﾅﾓﾂﾏﾕ;11;ﾂﾏﾑﾅﾉﾏﾕ ﾁﾉﾃﾁﾉﾏﾕ
886;926201;ﾁﾃﾉﾏﾕ ﾅﾕﾓﾔﾑﾁﾔﾉﾏﾕ;9262;ﾄﾇﾌﾏﾓ;ﾁﾃﾉﾏﾕ ﾅﾕﾓﾔﾑﾁﾔﾉﾏﾕ;1103;ﾋﾇﾌﾍﾏﾕ;11;ﾂﾏﾑﾅﾉﾏﾕ ﾁﾉﾃﾁﾉﾏﾕ
887;926301;ﾁﾔﾓﾉﾊﾇﾓ;9263;ﾄﾇﾌﾏﾓ;ﾋﾇﾌﾍﾏﾕ;1103;ﾋﾇﾌﾍﾏﾕ;11;ﾂﾏﾑﾅﾉﾏﾕ ﾁﾉﾃﾁﾉﾏﾕ
888;926302;ﾌﾏﾕﾄﾑﾏﾕ;9263;ﾄﾇﾌﾏﾓ;ﾋﾇﾌﾍﾏﾕ;1103;ﾋﾇﾌﾍﾏﾕ;11;ﾂﾏﾑﾅﾉﾏﾕ ﾁﾉﾃﾁﾉﾏﾕ
889;926303;ﾌﾕﾑﾉﾍﾁﾓ;9263;ﾄﾇﾌﾏﾓ;ﾋﾇﾌﾍﾏﾕ;1103;ﾋﾇﾌﾍﾏﾕ;11;ﾂﾏﾑﾅﾉﾏﾕ ﾁﾉﾃﾁﾉﾏﾕ
890;926304;ﾍﾅﾁﾓ ﾊﾏﾕﾔﾁﾋﾇﾓ;9263;ﾄﾇﾌﾏﾓ;ﾋﾇﾌﾍﾏﾕ;1103;ﾋﾇﾌﾍﾏﾕ;11;ﾂﾏﾑﾅﾉﾏﾕ ﾁﾉﾃﾁﾉﾏﾕ
891;926401;ﾂﾁﾈﾅﾏﾓ;9264;ﾄﾇﾌﾏﾓ;ﾓﾁﾌﾏﾕ;1104;ﾓﾁﾌﾏﾕ;11;ﾂﾏﾑﾅﾉﾏﾕ ﾁﾉﾃﾁﾉﾏﾕ
892;926402;ﾊﾁﾑﾋﾏﾂﾁﾓﾉﾙﾍ;9264;ﾄﾇﾌﾏﾓ;ﾓﾁﾌﾏﾕ;1104;ﾓﾁﾌﾏﾕ;11;ﾂﾏﾑﾅﾉﾏﾕ ﾁﾉﾃﾁﾉﾏﾕ
893;926403;ﾌﾁﾑﾁﾈﾏﾊﾁﾌﾐﾏﾕ;9264;ﾄﾇﾌﾏﾓ;ﾓﾁﾌﾏﾕ;1104;ﾓﾁﾌﾏﾕ;11;ﾂﾏﾑﾅﾉﾏﾕ ﾁﾉﾃﾁﾉﾏﾕ
894;926404;ﾐﾕﾈﾁﾃﾏﾑﾅﾉﾏﾕ;9264;ﾄﾇﾌﾏﾓ;ﾓﾁﾌﾏﾕ;1104;ﾓﾁﾌﾏﾕ;11;ﾂﾏﾑﾅﾉﾏﾕ ﾁﾉﾃﾁﾉﾏﾕ
895;926501;ﾏﾉﾍﾏﾕﾓﾓﾙﾍ;9265;ﾄﾇﾌﾏﾓ;ﾏﾉﾍﾏﾕﾓﾓﾙﾍ;1105;ﾗﾉﾏﾕ;11;ﾂﾏﾑﾅﾉﾏﾕ ﾁﾉﾃﾁﾉﾏﾕ
896;926601;ﾁﾃﾉﾏﾕ ﾌﾇﾍﾁ;9266;ﾄﾇﾌﾏﾓ;ﾗﾉﾏﾕ;1105;ﾗﾉﾏﾕ;11;ﾂﾏﾑﾅﾉﾏﾕ ﾁﾉﾃﾁﾉﾏﾕ
897;926602;ﾁﾌﾁﾍﾇﾓ;9266;ﾄﾇﾌﾏﾓ;ﾗﾉﾏﾕ;1105;ﾗﾉﾏﾕ;11;ﾂﾏﾑﾅﾉﾏﾕ ﾁﾉﾃﾁﾉﾏﾕ
898;926603;ﾉﾙﾍﾉﾁﾓ;9266;ﾄﾇﾌﾏﾓ;ﾗﾉﾏﾕ;1105;ﾗﾉﾏﾕ;11;ﾂﾏﾑﾅﾉﾏﾕ ﾁﾉﾃﾁﾉﾏﾕ
899;926604;ﾊﾁﾌﾐﾏﾗﾙﾑﾙﾍ;9266;ﾄﾇﾌﾏﾓ;ﾗﾉﾏﾕ;1105;ﾗﾉﾏﾕ;11;ﾂﾏﾑﾅﾉﾏﾕ ﾁﾉﾃﾁﾉﾏﾕ
900;926605;ﾊﾁﾑﾄﾁﾌﾕﾋﾙﾍ;9266;ﾄﾇﾌﾏﾓ;ﾗﾉﾏﾕ;1105;ﾗﾉﾏﾕ;11;ﾂﾏﾑﾅﾉﾏﾕ ﾁﾉﾃﾁﾉﾏﾕ
901;926606;ﾌﾁﾓﾔﾉﾗﾏﾗﾙﾑﾉﾙﾍ;9266;ﾄﾇﾌﾏﾓ;ﾗﾉﾏﾕ;1105;ﾗﾉﾏﾕ;11;ﾂﾏﾑﾅﾉﾏﾕ ﾁﾉﾃﾁﾉﾏﾕ
902;926607;ﾏﾌﾇﾑﾏﾕﾐﾏﾋﾇﾓ;9266;ﾄﾇﾌﾏﾓ;ﾗﾉﾏﾕ;1105;ﾗﾉﾏﾕ;11;ﾂﾏﾑﾅﾉﾏﾕ ﾁﾉﾃﾁﾉﾏﾕ
903;926608;ﾗﾉﾏﾕ;9266;ﾄﾇﾌﾏﾓ;ﾗﾉﾏﾕ;1105;ﾗﾉﾏﾕ;11;ﾂﾏﾑﾅﾉﾏﾕ ﾁﾉﾃﾁﾉﾏﾕ
904;926701;ﾘﾁﾑﾙﾍ;9267;ﾄﾇﾌﾏﾓ;ﾘﾁﾑﾙﾍ;1105;ﾗﾉﾏﾕ;11;ﾂﾏﾑﾅﾉﾏﾕ ﾁﾉﾃﾁﾉﾏﾕ
905;926801;ﾁﾍﾄﾑﾏﾕ;9268;ﾄﾇﾌﾏﾓ;ﾁﾍﾄﾑﾏﾕ;1201;ﾁﾍﾄﾑﾏﾕ;12;ﾍﾏﾔﾉﾏﾕ ﾁﾉﾃﾁﾉﾏﾕ
906;926802;ﾊﾏﾑﾈﾉﾏﾕ;9268;ﾄﾇﾌﾏﾓ;ﾁﾍﾄﾑﾏﾕ;1201;ﾁﾍﾄﾑﾏﾕ;12;ﾍﾏﾔﾉﾏﾕ ﾁﾉﾃﾁﾉﾏﾕ
907;926803;ﾕﾄﾑﾏﾕﾓﾁﾓ;9268;ﾄﾇﾌﾏﾓ;ﾁﾍﾄﾑﾏﾕ;1201;ﾁﾍﾄﾑﾏﾕ;12;ﾍﾏﾔﾉﾏﾕ ﾁﾉﾃﾁﾉﾏﾕ
908;926901;ﾁﾍﾁﾖﾇﾓ;9269;ﾄﾇﾌﾏﾓ;ﾁﾍﾁﾖﾇﾓ;1202;ﾈﾇﾑﾁﾓ;12;ﾍﾏﾔﾉﾏﾕ ﾁﾉﾃﾁﾉﾏﾕ
909;927001;ﾈﾇﾑﾁﾓ;9270;ﾄﾇﾌﾏﾓ;ﾈﾇﾑﾁﾓ;1202;ﾈﾇﾑﾁﾓ;12;ﾍﾏﾔﾉﾏﾕ ﾁﾉﾃﾁﾉﾏﾕ
910;927002;ﾏﾉﾁﾓ;9270;ﾄﾇﾌﾏﾓ;ﾈﾇﾑﾁﾓ;1202;ﾈﾇﾑﾁﾓ;12;ﾍﾏﾔﾉﾏﾕ ﾁﾉﾃﾁﾉﾏﾕ
911;927101;ﾉﾇﾔﾙﾍ;9271;ﾄﾇﾌﾏﾓ;ﾉﾇﾔﾙﾍ;1202;ﾈﾇﾑﾁﾓ;12;ﾍﾏﾔﾉﾏﾕ ﾁﾉﾃﾁﾉﾏﾕ
912;927201;ﾓﾉﾊﾉﾍﾏﾕ;9272;ﾄﾇﾌﾏﾓ;ﾓﾉﾊﾉﾍﾏﾕ;1202;ﾈﾇﾑﾁﾓ;12;ﾍﾏﾔﾉﾏﾕ ﾁﾉﾃﾁﾉﾏﾕ
913;927301;ﾖﾏﾋﾅﾃﾁﾍﾄﾑﾏﾕ;9273;ﾄﾇﾌﾏﾓ;ﾖﾏﾋﾅﾃﾁﾍﾄﾑﾏﾕ;1202;ﾈﾇﾑﾁﾓ;12;ﾍﾏﾔﾉﾏﾕ ﾁﾉﾃﾁﾉﾏﾕ
914;927401;ﾁﾃﾁﾈﾏﾍﾇﾓﾉﾏﾕ;9274;ﾄﾇﾌﾏﾓ;ﾁﾃﾁﾈﾏﾍﾇﾓﾉﾏﾕ;1203;ﾊﾁﾋﾕﾌﾍﾏﾕ;12;ﾍﾏﾔﾉﾏﾕ ﾁﾉﾃﾁﾉﾏﾕ
915;927501;ﾁﾓﾔﾕﾐﾁﾋﾁﾉﾁﾓ;9275;ﾄﾇﾌﾏﾓ;ﾁﾓﾔﾕﾐﾁﾋﾁﾉﾁﾓ;1203;ﾊﾁﾋﾕﾌﾍﾏﾕ;12;ﾍﾏﾔﾉﾏﾕ ﾁﾉﾃﾁﾉﾏﾕ
916;927601;ﾊﾁﾋﾕﾌﾍﾉﾙﾍ;9276;ﾄﾇﾌﾏﾓ;ﾊﾁﾋﾕﾌﾍﾉﾙﾍ;1203;ﾊﾁﾋﾕﾌﾍﾏﾕ;12;ﾍﾏﾔﾉﾏﾕ ﾁﾉﾃﾁﾉﾏﾕ
917;927701;ﾋﾅﾉﾘﾙﾍ;9277;ﾄﾇﾌﾏﾓ;ﾋﾅﾉﾘﾙﾍ;1203;ﾊﾁﾋﾕﾌﾍﾏﾕ;12;ﾍﾏﾔﾉﾏﾕ ﾁﾉﾃﾁﾉﾏﾕ
918;927801;ﾋﾅﾑﾏﾕ;9278;ﾄﾇﾌﾏﾓ;ﾋﾅﾑﾏﾕ;1203;ﾊﾁﾋﾕﾌﾍﾏﾕ;12;ﾍﾏﾔﾉﾏﾕ ﾁﾉﾃﾁﾉﾏﾕ
919;927901;ﾐﾁﾔﾌﾏﾕ;9279;ﾄﾇﾌﾏﾓ;ﾐﾁﾔﾌﾏﾕ;1203;ﾊﾁﾋﾕﾌﾍﾏﾕ;12;ﾍﾏﾔﾉﾏﾕ ﾁﾉﾃﾁﾉﾏﾕ
920;928001;ﾊﾁﾑﾐﾁﾈﾏﾕ;9280;ﾄﾇﾌﾏﾓ;ﾊﾁﾑﾐﾁﾈﾏﾕ;1204;ﾊﾁﾑﾐﾁﾈﾏﾕ;12;ﾍﾏﾔﾉﾏﾕ ﾁﾉﾃﾁﾉﾏﾕ
921;928002;ﾏﾋﾕﾌﾐﾏﾕ;9280;ﾄﾇﾌﾏﾓ;ﾊﾁﾑﾐﾁﾈﾏﾕ;1204;ﾊﾁﾑﾐﾁﾈﾏﾕ;12;ﾍﾏﾔﾉﾏﾕ ﾁﾉﾃﾁﾉﾏﾕ
922;928101;ﾊﾁﾓﾏﾕ;9281;ﾄﾇﾌﾏﾓ;ﾊﾁﾓﾏﾕ;1204;ﾊﾁﾑﾐﾁﾈﾏﾕ;12;ﾍﾏﾔﾉﾏﾕ ﾁﾉﾃﾁﾉﾏﾕ
923;928201;ﾊﾅﾁﾓ;9282;ﾄﾇﾌﾏﾓ;ﾊﾅﾁﾓ;1205;ﾊﾅﾁﾓ-ﾊﾕﾈﾍﾏﾕ;12;ﾍﾏﾔﾉﾏﾕ ﾁﾉﾃﾁﾉﾏﾕ
924;928301;ﾊﾕﾈﾍﾏﾕ;9283;ﾄﾇﾌﾏﾓ;ﾊﾕﾈﾍﾏﾕ;1205;ﾊﾅﾁﾓ-ﾊﾕﾈﾍﾏﾕ;12;ﾍﾏﾔﾉﾏﾕ ﾁﾉﾃﾁﾉﾏﾕ
925;928401;ﾄﾉﾊﾁﾉﾏﾕ;9284;ﾄﾇﾌﾏﾓ;ﾊﾙ;1206;ﾊﾙ;12;ﾍﾏﾔﾉﾏﾕ ﾁﾉﾃﾁﾉﾏﾕ
926;928402;ﾇﾑﾁﾊﾋﾅﾉﾄﾙﾍ;9284;ﾄﾇﾌﾏﾓ;ﾊﾙ;1206;ﾊﾙ;12;ﾍﾏﾔﾉﾏﾕ ﾁﾉﾃﾁﾉﾏﾕ
927;928403;ﾊﾙ;9284;ﾄﾇﾌﾏﾓ;ﾊﾙ;1206;ﾊﾙ;12;ﾍﾏﾔﾉﾏﾕ ﾁﾉﾃﾁﾉﾏﾕ
928;928501;ﾍﾉﾓﾕﾑﾏﾕ;9285;ﾄﾇﾌﾏﾓ;ﾍﾉﾓﾕﾑﾏﾕ;1206;ﾊﾙ;12;ﾍﾏﾔﾉﾏﾕ ﾁﾉﾃﾁﾉﾏﾕ
929;928601;ﾊﾉﾌﾙﾋﾏﾕ;9286;ﾄﾇﾌﾏﾓ;ﾊﾉﾌﾙﾋﾏﾕ;1207;ﾌﾇﾋﾏﾕ;12;ﾍﾏﾔﾉﾏﾕ ﾁﾉﾃﾁﾉﾏﾕ
930;928701;ﾌﾇﾋﾏﾕ;9287;ﾄﾇﾌﾏﾓ;ﾌﾇﾋﾏﾕ;1207;ﾌﾇﾋﾏﾕ;12;ﾍﾏﾔﾉﾏﾕ ﾁﾉﾃﾁﾉﾏﾕ
931;928801;ﾓﾅﾑﾉﾖﾏﾕ;9288;ﾄﾇﾌﾏﾓ;ﾓﾅﾑﾉﾖﾏﾕ;1207;ﾌﾇﾋﾏﾕ;12;ﾍﾏﾔﾉﾏﾕ ﾁﾉﾃﾁﾉﾏﾕ
932;928901;ﾓﾉﾖﾍﾏﾕ;9289;ﾄﾇﾌﾏﾓ;ﾓﾉﾖﾍﾏﾕ;1207;ﾌﾇﾋﾏﾕ;12;ﾍﾏﾔﾉﾏﾕ ﾁﾉﾃﾁﾉﾏﾕ
933;929001;ﾌﾕﾊﾏﾍﾏﾕ;9290;ﾄﾇﾌﾏﾓ;ﾌﾕﾊﾏﾍﾏﾕ;1208;ﾌﾕﾊﾏﾍﾏﾕ;12;ﾍﾏﾔﾉﾏﾕ ﾁﾉﾃﾁﾉﾏﾕ
934;929101;ﾁﾌﾏﾑﾃﾏﾕ;9291;ﾄﾇﾌﾏﾓ;ﾁﾌﾏﾑﾃﾏﾕ;1209;ﾍﾁﾎﾏﾕ;12;ﾍﾏﾔﾉﾏﾕ ﾁﾉﾃﾁﾉﾏﾕ
935;929201;ﾄﾏﾍﾏﾕﾓﾇﾓ;9292;ﾄﾇﾌﾏﾓ;ﾍﾁﾎﾏﾕ & ﾌﾉﾊﾑﾙﾍ ﾊﾕﾊﾋﾁﾄﾙﾍ;1209;ﾍﾁﾎﾏﾕ;12;ﾍﾏﾔﾉﾏﾕ ﾁﾉﾃﾁﾉﾏﾕ
936;929202;ﾄﾑﾕﾌﾁﾋﾉﾁﾓ;9292;ﾄﾇﾌﾏﾓ;ﾍﾁﾎﾏﾕ & ﾌﾉﾊﾑﾙﾍ ﾊﾕﾊﾋﾁﾄﾙﾍ;1209;ﾍﾁﾎﾏﾕ;12;ﾍﾏﾔﾉﾏﾕ ﾁﾉﾃﾁﾉﾏﾕ
937;929203;ﾇﾑﾁﾊﾋﾅﾉﾁﾓ;9292;ﾄﾇﾌﾏﾓ;ﾍﾁﾎﾏﾕ & ﾌﾉﾊﾑﾙﾍ ﾊﾕﾊﾋﾁﾄﾙﾍ;1209;ﾍﾁﾎﾏﾕ;12;ﾍﾏﾔﾉﾏﾕ ﾁﾉﾃﾁﾉﾏﾕ
938;929204;ﾊﾏﾕﾖﾏﾍﾇﾓﾉﾙﾍ;9292;ﾄﾇﾌﾏﾓ;ﾍﾁﾎﾏﾕ & ﾌﾉﾊﾑﾙﾍ ﾊﾕﾊﾋﾁﾄﾙﾍ;1209;ﾍﾁﾎﾏﾕ;12;ﾍﾏﾔﾉﾏﾕ ﾁﾉﾃﾁﾉﾏﾕ
939;929205;ﾍﾁﾎﾏﾕ;9292;ﾄﾇﾌﾏﾓ;ﾍﾁﾎﾏﾕ & ﾌﾉﾊﾑﾙﾍ ﾊﾕﾊﾋﾁﾄﾙﾍ;1209;ﾍﾁﾎﾏﾕ;12;ﾍﾏﾔﾉﾏﾕ ﾁﾉﾃﾁﾉﾏﾕ
940;929206;ﾓﾗﾏﾉﾍﾏﾕﾓﾓﾇﾓ;9292;ﾄﾇﾌﾏﾓ;ﾍﾁﾎﾏﾕ & ﾌﾉﾊﾑﾙﾍ ﾊﾕﾊﾋﾁﾄﾙﾍ;1209;ﾍﾁﾎﾏﾕ;12;ﾍﾏﾔﾉﾏﾕ ﾁﾉﾃﾁﾉﾏﾕ
941;929301;ﾁﾍﾔﾉﾐﾁﾑﾏﾕ;9293;ﾄﾇﾌﾏﾓ;ﾁﾍﾔﾉﾐﾁﾑﾏﾕ;1210;ﾐﾁﾑﾏﾕ;12;ﾍﾏﾔﾉﾏﾕ ﾁﾉﾃﾁﾉﾏﾕ
942;929401;ﾐﾁﾑﾏﾕ;9294;ﾄﾇﾌﾏﾓ;ﾐﾁﾑﾏﾕ;1210;ﾐﾁﾑﾏﾕ;12;ﾍﾏﾔﾉﾏﾕ ﾁﾉﾃﾁﾉﾏﾕ
943;929501;ﾌﾅﾃﾉﾓﾔﾇﾓ;9295;ﾄﾇﾌﾏﾓ;ﾌﾅﾃﾉﾓﾔﾇﾓ;1211;ﾑﾏﾄﾏﾕ;12;ﾍﾏﾔﾉﾏﾕ ﾁﾉﾃﾁﾉﾏﾕ
944;929601;ﾁﾑﾗﾁﾃﾃﾅﾋﾏﾕ;9296;ﾄﾇﾌﾏﾓ;ﾑﾏﾄﾏﾕ;1211;ﾑﾏﾄﾏﾕ;12;ﾍﾏﾔﾉﾏﾕ ﾁﾉﾃﾁﾉﾏﾕ
945;929602;ﾁﾔﾁﾂﾕﾑﾏﾕ;9296;ﾄﾇﾌﾏﾓ;ﾑﾏﾄﾏﾕ;1211;ﾑﾏﾄﾏﾕ;12;ﾍﾏﾔﾉﾏﾕ ﾁﾉﾃﾁﾉﾏﾕ
946;929603;ﾁﾖﾁﾍﾔﾏﾕ;9296;ﾄﾇﾌﾏﾓ;ﾑﾏﾄﾏﾕ;1211;ﾑﾏﾄﾏﾕ;12;ﾍﾏﾔﾉﾏﾕ ﾁﾉﾃﾁﾉﾏﾕ
947;929604;ﾉﾁﾋﾕﾓﾏﾕ;9296;ﾄﾇﾌﾏﾓ;ﾑﾏﾄﾏﾕ;1211;ﾑﾏﾄﾏﾕ;12;ﾍﾏﾔﾉﾏﾕ ﾁﾉﾃﾁﾉﾏﾕ
948;929605;ﾊﾁﾋﾋﾉﾈﾅﾁﾓ;9296;ﾄﾇﾌﾏﾓ;ﾑﾏﾄﾏﾕ;1211;ﾑﾏﾄﾏﾕ;12;ﾍﾏﾔﾉﾏﾕ ﾁﾉﾃﾁﾉﾏﾕ
949;929606;ﾊﾁﾌﾅﾉﾑﾏﾕ;9296;ﾄﾇﾌﾏﾓ;ﾑﾏﾄﾏﾕ;1211;ﾑﾏﾄﾏﾕ;12;ﾍﾏﾔﾉﾏﾕ ﾁﾉﾃﾁﾉﾏﾕ
950;929607;ﾋﾉﾍﾄﾉﾙﾍ;9296;ﾄﾇﾌﾏﾓ;ﾑﾏﾄﾏﾕ;1211;ﾑﾏﾄﾏﾕ;12;ﾍﾏﾔﾉﾏﾕ ﾁﾉﾃﾁﾉﾏﾕ
951;929608;ﾍﾏﾔﾉﾁﾓ ﾑﾏﾄﾏﾕ;9296;ﾄﾇﾌﾏﾓ;ﾑﾏﾄﾏﾕ;1211;ﾑﾏﾄﾏﾕ;12;ﾍﾏﾔﾉﾏﾕ ﾁﾉﾃﾁﾉﾏﾕ
952;929609;ﾐﾅﾔﾁﾋﾏﾕﾄﾙﾍ;9296;ﾄﾇﾌﾏﾓ;ﾑﾏﾄﾏﾕ;1211;ﾑﾏﾄﾏﾕ;12;ﾍﾏﾔﾉﾏﾕ ﾁﾉﾃﾁﾉﾏﾕ
953;929610;ﾑﾏﾄﾏﾕ;9296;ﾄﾇﾌﾏﾓ;ﾑﾏﾄﾏﾕ;1211;ﾑﾏﾄﾏﾕ;12;ﾍﾏﾔﾉﾏﾕ ﾁﾉﾃﾁﾉﾏﾕ
954;929701;ﾓﾕﾌﾇﾓ;9297;ﾄﾇﾌﾏﾓ;ﾓﾕﾌﾇﾓ;1211;ﾑﾏﾄﾏﾕ;12;ﾍﾏﾔﾉﾏﾕ ﾁﾉﾃﾁﾉﾏﾕ
955;929801;ﾔﾇﾋﾏﾕ;9298;ﾄﾇﾌﾏﾓ;ﾔﾇﾋﾏﾕ;1211;ﾑﾏﾄﾏﾕ;12;ﾍﾏﾔﾉﾏﾕ ﾁﾉﾃﾁﾉﾏﾕ
956;929901;ﾗﾁﾋﾊﾇﾓ;9299;ﾄﾇﾌﾏﾓ;ﾗﾁﾋﾊﾇﾓ;1211;ﾑﾏﾄﾏﾕ;12;ﾍﾏﾔﾉﾏﾕ ﾁﾉﾃﾁﾉﾏﾕ
957;930001;ﾁﾍﾙ ﾓﾕﾑﾏﾕ;9300;ﾄﾇﾌﾏﾓ;ﾓﾕﾑﾏﾕ-ﾅﾑﾌﾏﾕﾐﾏﾋﾇﾓ;1212;ﾓﾕﾑﾏﾕ;12;ﾍﾏﾔﾉﾏﾕ ﾁﾉﾃﾁﾉﾏﾕ
958;930002;ﾅﾑﾌﾏﾕﾐﾏﾋﾅﾙﾓ;9300;ﾄﾇﾌﾏﾓ;ﾓﾕﾑﾏﾕ-ﾅﾑﾌﾏﾕﾐﾏﾋﾇﾓ;1212;ﾓﾕﾑﾏﾕ;12;ﾍﾏﾔﾉﾏﾕ ﾁﾉﾃﾁﾉﾏﾕ
959;930003;ﾐﾏﾓﾅﾉﾄﾙﾍﾉﾁﾓ;9300;ﾄﾇﾌﾏﾓ;ﾓﾕﾑﾏﾕ-ﾅﾑﾌﾏﾕﾐﾏﾋﾇﾓ;1212;ﾓﾕﾑﾏﾕ;12;ﾍﾏﾔﾉﾏﾕ ﾁﾉﾃﾁﾉﾏﾕ
960;930101;ﾅﾎﾙﾌﾂﾏﾕﾑﾃﾏﾕ;9301;ﾄﾇﾌﾏﾓ;ﾔﾇﾍﾏﾕ;1213;ﾔﾇﾍﾏﾕ;12;ﾍﾏﾔﾉﾏﾕ ﾁﾉﾃﾁﾉﾏﾕ
961;930102;ﾐﾁﾍﾏﾑﾌﾏﾕ;9301;ﾄﾇﾌﾏﾓ;ﾔﾇﾍﾏﾕ;1213;ﾔﾇﾍﾏﾕ;12;ﾍﾏﾔﾉﾏﾕ ﾁﾉﾃﾁﾉﾏﾕ
962;930103;ﾔﾇﾍﾏﾕ;9301;ﾄﾇﾌﾏﾓ;ﾔﾇﾍﾏﾕ;1213;ﾔﾇﾍﾏﾕ;12;ﾍﾏﾔﾉﾏﾕ ﾁﾉﾃﾁﾉﾏﾕ
963;930201;ﾁﾑﾗﾁﾍﾙﾍ;9302;ﾄﾇﾌﾏﾓ;ﾁﾑﾗﾁﾍﾙﾍ - ﾁﾓﾔﾅﾑﾏﾕﾓﾉﾙﾍ;1301;ﾇﾑﾁﾊﾋﾅﾉﾏﾕ;13;ﾊﾑﾇﾔﾇﾓ
964;930202;ﾁﾓﾔﾅﾑﾏﾕﾓﾉﾙﾍ;9302;ﾄﾇﾌﾏﾓ;ﾁﾑﾗﾁﾍﾙﾍ - ﾁﾓﾔﾅﾑﾏﾕﾓﾉﾙﾍ;1301;ﾇﾑﾁﾊﾋﾅﾉﾏﾕ;13;ﾊﾑﾇﾔﾇﾓ
965;930203;ﾍﾉﾊﾏﾕ ﾊﾁﾆﾁﾍﾔﾆﾁﾊﾇ;9302;ﾄﾇﾌﾏﾓ;ﾁﾑﾗﾁﾍﾙﾍ - ﾁﾓﾔﾅﾑﾏﾕﾓﾉﾙﾍ;1301;ﾇﾑﾁﾊﾋﾅﾉﾏﾕ;13;ﾊﾑﾇﾔﾇﾓ
966;930301;ﾂﾉﾁﾍﾍﾏﾕ;9303;ﾄﾇﾌﾏﾓ;ﾂﾉﾁﾍﾍﾏﾕ;1301;ﾇﾑﾁﾊﾋﾅﾉﾏﾕ;13;ﾊﾑﾇﾔﾇﾓ
967;930401;ﾁﾃﾉﾁﾓ ﾂﾁﾑﾂﾁﾑﾁﾓ;9304;ﾄﾇﾌﾏﾓ;ﾃﾏﾑﾔﾕﾍﾁﾓ;1301;ﾇﾑﾁﾊﾋﾅﾉﾏﾕ;13;ﾊﾑﾇﾔﾇﾓ
968;930402;ﾃﾏﾑﾔﾕﾍﾁﾓ;9304;ﾄﾇﾌﾏﾓ;ﾃﾏﾑﾔﾕﾍﾁﾓ;1301;ﾇﾑﾁﾊﾋﾅﾉﾏﾕ;13;ﾊﾑﾇﾔﾇﾓ
969;930403;ﾊﾏﾖﾉﾍﾁ;9304;ﾄﾇﾌﾏﾓ;ﾃﾏﾑﾔﾕﾍﾁﾓ;1301;ﾇﾑﾁﾊﾋﾅﾉﾏﾕ;13;ﾊﾑﾇﾔﾇﾓ
970;930404;ﾑﾏﾕﾂﾁ;9304;ﾄﾇﾌﾏﾓ;ﾃﾏﾑﾔﾕﾍﾁﾓ;1301;ﾇﾑﾁﾊﾋﾅﾉﾏﾕ;13;ﾊﾑﾇﾔﾇﾓ
971;930501;ﾃﾏﾑﾃﾏﾋﾁﾚﾍﾇ;9305;ﾄﾇﾌﾏﾓ;ﾇﾑﾁﾊﾋﾅﾉﾏﾕ;1301;ﾇﾑﾁﾊﾋﾅﾉﾏﾕ;13;ﾊﾑﾇﾔﾇﾓ
972;930502;ﾇﾑﾁﾊﾋﾅﾉﾏﾕ;9305;ﾄﾇﾌﾏﾓ;ﾇﾑﾁﾊﾋﾅﾉﾏﾕ;1301;ﾇﾑﾁﾊﾋﾅﾉﾏﾕ;13;ﾊﾑﾇﾔﾇﾓ
973;930503;ﾍﾅﾁﾓ ﾁﾋﾉﾊﾁﾑﾍﾁﾓﾓﾏﾕ;9305;ﾄﾇﾌﾏﾓ;ﾇﾑﾁﾊﾋﾅﾉﾏﾕ;1301;ﾇﾑﾁﾊﾋﾅﾉﾏﾕ;13;ﾊﾑﾇﾔﾇﾓ
974;930504;ﾐﾁﾋﾉﾁﾍﾇﾓ;9305;ﾄﾇﾌﾏﾓ;ﾇﾑﾁﾊﾋﾅﾉﾏﾕ;1301;ﾇﾑﾁﾊﾋﾅﾉﾏﾕ;13;ﾊﾑﾇﾔﾇﾓ
975;930505;ﾔﾅﾌﾅﾍﾏﾕﾓ;9305;ﾄﾇﾌﾏﾓ;ﾇﾑﾁﾊﾋﾅﾉﾏﾕ;1301;ﾇﾑﾁﾊﾋﾅﾉﾏﾕ;13;ﾊﾑﾇﾔﾇﾓ
976;930601;ﾃﾁﾆﾉﾏﾕ;9306;ﾄﾇﾌﾏﾓ;ﾌﾁﾋﾅﾂﾉﾆﾉﾏﾕ;1301;ﾇﾑﾁﾊﾋﾅﾉﾏﾕ;13;ﾊﾑﾇﾔﾇﾓ
977;930602;ﾊﾑﾏﾕﾓﾙﾍﾁ;9306;ﾄﾇﾌﾏﾓ;ﾌﾁﾋﾅﾂﾉﾆﾉﾏﾕ;1301;ﾇﾑﾁﾊﾋﾅﾉﾏﾕ;13;ﾊﾑﾇﾔﾇﾓ
978;930603;ﾔﾕﾋﾉﾓﾏﾕ;9306;ﾄﾇﾌﾏﾓ;ﾌﾁﾋﾅﾂﾉﾆﾉﾏﾕ;1301;ﾇﾑﾁﾊﾋﾅﾉﾏﾕ;13;ﾊﾑﾇﾔﾇﾓ
979;930701;ﾁﾑﾊﾁﾋﾏﾗﾙﾑﾉﾏﾕ;9307;ﾄﾇﾌﾏﾓ;ﾌﾉﾍﾙﾁ ﾐﾅﾄﾉﾁﾄﾁﾓ;1301;ﾇﾑﾁﾊﾋﾅﾉﾏﾕ;13;ﾊﾑﾇﾔﾇﾓ
980;930702;ﾈﾑﾁﾘﾁﾍﾏﾕ;9307;ﾄﾇﾌﾏﾓ;ﾌﾉﾍﾙﾁ ﾐﾅﾄﾉﾁﾄﾁﾓ;1301;ﾇﾑﾁﾊﾋﾅﾉﾏﾕ;13;ﾊﾑﾇﾔﾇﾓ
981;930703;ﾊﾁﾓﾔﾅﾋﾋﾉﾏﾕ;9307;ﾄﾇﾌﾏﾓ;ﾌﾉﾍﾙﾁ ﾐﾅﾄﾉﾁﾄﾁﾓ;1301;ﾇﾑﾁﾊﾋﾅﾉﾏﾕ;13;ﾊﾑﾇﾔﾇﾓ
982;930801;ﾆﾁﾑﾏﾕ;9308;ﾄﾇﾌﾏﾓ;ﾖﾁﾉﾓﾔﾏﾕ;1301;ﾇﾑﾁﾊﾋﾅﾉﾏﾕ;13;ﾊﾑﾇﾔﾇﾓ
983;930802;ﾌﾏﾉﾑﾙﾍ;9308;ﾄﾇﾌﾏﾓ;ﾖﾁﾉﾓﾔﾏﾕ;1301;ﾇﾑﾁﾊﾋﾅﾉﾏﾕ;13;ﾊﾑﾇﾔﾇﾓ
984;930803;ﾔﾕﾌﾐﾁﾊﾉﾏﾕ;9308;ﾄﾇﾌﾏﾓ;ﾖﾁﾉﾓﾔﾏﾕ;1301;ﾇﾑﾁﾊﾋﾅﾉﾏﾕ;13;ﾊﾑﾇﾔﾇﾓ
985;930901;ﾃﾏﾕﾂﾙﾍ;9309;ﾄﾇﾌﾏﾓ;ﾗﾅﾑﾓﾏﾍﾇﾓﾏﾕ;1301;ﾇﾑﾁﾊﾋﾅﾉﾏﾕ;13;ﾊﾑﾇﾔﾇﾓ
986;930902;ﾅﾐﾉﾓﾊﾏﾐﾇﾓ;9309;ﾄﾇﾌﾏﾓ;ﾗﾅﾑﾓﾏﾍﾇﾓﾏﾕ;1301;ﾇﾑﾁﾊﾋﾅﾉﾏﾕ;13;ﾊﾑﾇﾔﾇﾓ
987;930903;ﾌﾁﾋﾋﾉﾙﾍ;9309;ﾄﾇﾌﾏﾓ;ﾗﾅﾑﾓﾏﾍﾇﾓﾏﾕ;1301;ﾇﾑﾁﾊﾋﾅﾉﾏﾕ;13;ﾊﾑﾇﾔﾇﾓ
988;930904;ﾗﾅﾑﾓﾏﾍﾇﾓﾏﾕ;9309;ﾄﾇﾌﾏﾓ;ﾗﾅﾑﾓﾏﾍﾇﾓﾏﾕ;1301;ﾇﾑﾁﾊﾋﾅﾉﾏﾕ;13;ﾊﾑﾇﾔﾇﾓ
989;931001;ﾁﾃﾉﾏﾕ ﾍﾉﾊﾏﾋﾁﾏﾕ;9310;ﾄﾇﾌﾏﾓ;ﾁﾃﾉﾏﾕ ﾍﾉﾊﾏﾋﾁﾏﾕ;1302;ﾋﾁﾓﾉﾈﾉﾏﾕ;13;ﾊﾑﾇﾔﾇﾓ
990;931002;ﾂﾑﾁﾗﾁﾓﾉﾏﾕ;9310;ﾄﾇﾌﾏﾓ;ﾁﾃﾉﾏﾕ ﾍﾉﾊﾏﾋﾁﾏﾕ;1302;ﾋﾁﾓﾉﾈﾉﾏﾕ;13;ﾊﾑﾇﾔﾇﾓ
991;931003;ﾍﾅﾁﾐﾏﾋﾇﾓ;9310;ﾄﾇﾌﾏﾓ;ﾁﾃﾉﾏﾕ ﾍﾉﾊﾏﾋﾁﾏﾕ;1302;ﾋﾁﾓﾉﾈﾉﾏﾕ;13;ﾊﾑﾇﾔﾇﾓ
992;931101;ﾉﾅﾑﾁﾐﾅﾔﾑﾁﾓ;9311;ﾄﾇﾌﾏﾓ;ﾉﾅﾑﾁﾐﾅﾔﾑﾁﾓ;1302;ﾋﾁﾓﾉﾈﾉﾏﾕ;13;ﾊﾑﾇﾔﾇﾓ
993;931102;ﾌﾁﾊﾑﾕ ﾃﾉﾁﾋﾏﾕ;9311;ﾄﾇﾌﾏﾓ;ﾉﾅﾑﾁﾐﾅﾔﾑﾁﾓ;1302;ﾋﾁﾓﾉﾈﾉﾏﾕ;13;ﾊﾑﾇﾔﾇﾓ
994;931201;ﾏﾑﾏﾐﾅﾄﾉﾏﾕ ﾋﾁﾓﾉﾈﾉﾏﾕ;9312;ﾄﾇﾌﾏﾓ;ﾏﾑﾏﾐﾅﾄﾉﾏﾕ ﾋﾁﾓﾉﾈﾉﾏﾕ;1302;ﾋﾁﾓﾉﾈﾉﾏﾕ;13;ﾊﾑﾇﾔﾇﾓ
995;931301;ﾉﾔﾁﾍﾏﾕ;9313;ﾄﾇﾌﾏﾓ;ﾓﾇﾔﾅﾉﾁﾓ;1302;ﾋﾁﾓﾉﾈﾉﾏﾕ;13;ﾊﾑﾇﾔﾇﾓ
996;931302;ﾋﾅﾕﾊﾇﾓ;9313;ﾄﾇﾌﾏﾓ;ﾓﾇﾔﾅﾉﾁﾓ;1302;ﾋﾁﾓﾉﾈﾉﾏﾕ;13;ﾊﾑﾇﾔﾇﾓ
997;931303;ﾓﾇﾔﾅﾉﾁﾓ;9313;ﾄﾇﾌﾏﾓ;ﾓﾇﾔﾅﾉﾁﾓ;1302;ﾋﾁﾓﾉﾈﾉﾏﾕ;13;ﾊﾑﾇﾔﾇﾓ
998;931401;ﾋﾁﾌﾐﾇﾓ;9314;ﾄﾇﾌﾏﾓ;ﾁﾃﾉﾏﾕ ﾂﾁﾓﾉﾋﾅﾉﾏﾕ;1303;ﾑﾅﾈﾕﾌﾍﾏﾕ;13;ﾊﾑﾇﾔﾇﾓ
999;931402;ﾖﾏﾉﾍﾉﾊﾁ;9314;ﾄﾇﾌﾏﾓ;ﾁﾃﾉﾏﾕ ﾂﾁﾓﾉﾋﾅﾉﾏﾕ;1303;ﾑﾅﾈﾕﾌﾍﾏﾕ;13;ﾊﾑﾇﾔﾇﾓ
1000;931501;ﾊﾏﾕﾑﾇﾔﾙﾍ;9315;ﾄﾇﾌﾏﾓ;ﾁﾌﾁﾑﾉﾏﾕ;1303;ﾑﾅﾈﾕﾌﾍﾏﾕ;13;ﾊﾑﾇﾔﾇﾓ
1001;931502;ﾓﾕﾂﾑﾉﾔﾏﾕ;9315;ﾄﾇﾌﾏﾓ;ﾁﾌﾁﾑﾉﾏﾕ;1303;ﾑﾅﾈﾕﾌﾍﾏﾕ;13;ﾊﾑﾇﾔﾇﾓ
1002;931601;ﾁﾍﾙﾃﾅﾉﾙﾍ;9316;ﾄﾇﾌﾏﾓ;ﾁﾍﾙﾃﾅﾉﾙﾍ;1303;ﾑﾅﾈﾕﾌﾍﾏﾕ;13;ﾊﾑﾇﾔﾇﾓ
1003;931701;ﾃﾅﾑﾏﾐﾏﾔﾁﾌﾏﾕ;9317;ﾄﾇﾌﾏﾓ;ﾌﾕﾋﾏﾐﾏﾔﾁﾌﾏﾕ;1303;ﾑﾅﾈﾕﾌﾍﾏﾕ;13;ﾊﾑﾇﾔﾇﾓ
1004;931702;ﾆﾙﾍﾉﾁﾍﾙﾍ;9317;ﾄﾇﾌﾏﾓ;ﾌﾕﾋﾏﾐﾏﾔﾁﾌﾏﾕ;1303;ﾑﾅﾈﾕﾌﾍﾏﾕ;13;ﾊﾑﾇﾔﾇﾓ
1005;931703;ﾊﾏﾕﾋﾏﾕﾊﾙﾍﾁ;9317;ﾄﾇﾌﾏﾓ;ﾌﾕﾋﾏﾐﾏﾔﾁﾌﾏﾕ;1303;ﾑﾅﾈﾕﾌﾍﾏﾕ;13;ﾊﾑﾇﾔﾇﾓ
1006;931801;ﾁﾑﾊﾁﾄﾉﾏﾕ;9318;ﾄﾇﾌﾏﾓ;ﾑﾅﾈﾕﾌﾍﾇﾓ;1303;ﾑﾅﾈﾕﾌﾍﾏﾕ;13;ﾊﾑﾇﾔﾇﾓ
1007;931802;ﾋﾁﾐﾐﾁﾉﾙﾍ;9318;ﾄﾇﾌﾏﾓ;ﾑﾅﾈﾕﾌﾍﾇﾓ;1303;ﾑﾅﾈﾕﾌﾍﾏﾕ;13;ﾊﾑﾇﾔﾇﾓ
1008;931803;ﾍﾉﾊﾇﾖﾏﾑﾏﾕ ﾖﾙﾊﾁ;9318;ﾄﾇﾌﾏﾓ;ﾑﾅﾈﾕﾌﾍﾇﾓ;1303;ﾑﾅﾈﾕﾌﾍﾏﾕ;13;ﾊﾑﾇﾔﾇﾓ
1009;931804;ﾑﾅﾈﾕﾌﾍﾇﾓ;9318;ﾄﾇﾌﾏﾓ;ﾑﾅﾈﾕﾌﾍﾇﾓ;1303;ﾑﾅﾈﾕﾌﾍﾏﾕ;13;ﾊﾑﾇﾔﾇﾓ
1010;931901;ﾁﾑﾌﾅﾍﾙﾍ;9319;ﾄﾇﾌﾏﾓ;ﾁﾐﾏﾊﾏﾑﾙﾍﾏﾕ;1304;ﾗﾁﾍﾉﾙﾍ;13;ﾊﾑﾇﾔﾇﾓ
1011;931902;ﾁﾓﾇ ﾃﾙﾍﾉﾁﾓ;9319;ﾄﾇﾌﾏﾓ;ﾁﾐﾏﾊﾏﾑﾙﾍﾏﾕ;1304;ﾗﾁﾍﾉﾙﾍ;13;ﾊﾑﾇﾔﾇﾓ
1012;931903;ﾂﾁﾌﾏﾕ;9319;ﾄﾇﾌﾏﾓ;ﾁﾐﾏﾊﾏﾑﾙﾍﾏﾕ;1304;ﾗﾁﾍﾉﾙﾍ;13;ﾊﾑﾇﾔﾇﾓ
1013;931904;ﾃﾅﾙﾑﾃﾉﾏﾕﾐﾏﾋﾅﾙﾓ;9319;ﾄﾇﾌﾏﾓ;ﾁﾐﾏﾊﾏﾑﾙﾍﾏﾕ;1304;ﾗﾁﾍﾉﾙﾍ;13;ﾊﾑﾇﾔﾇﾓ
1014;931905;ﾊﾑﾕﾏﾍﾅﾑﾉﾄﾁﾓ;9319;ﾄﾇﾌﾏﾓ;ﾁﾐﾏﾊﾏﾑﾙﾍﾏﾕ;1304;ﾗﾁﾍﾉﾙﾍ;13;ﾊﾑﾇﾔﾇﾓ
1015;931906;ﾖﾑﾅ;9319;ﾄﾇﾌﾏﾓ;ﾁﾐﾏﾊﾏﾑﾙﾍﾏﾕ;1304;ﾗﾁﾍﾉﾙﾍ;13;ﾊﾑﾇﾔﾇﾓ
1016;932001;ﾃﾁﾕﾄﾏﾕ;9320;ﾄﾇﾌﾏﾓ;ﾃﾁﾕﾄﾏﾕ;1304;ﾗﾁﾍﾉﾙﾍ;13;ﾊﾑﾇﾔﾇﾓ
1017;932101;ﾁﾍﾁﾔﾏﾋﾉﾊﾏﾕ ﾓﾅﾋﾉﾍﾏﾕ;9321;ﾄﾇﾌﾏﾓ;ﾊﾁﾍﾔﾁﾍﾏﾕ - ﾓﾅﾋﾉﾍﾏﾕ;1304;ﾗﾁﾍﾉﾙﾍ;13;ﾊﾑﾇﾔﾇﾓ
1018;932102;ﾊﾁﾍﾔﾁﾍﾏﾕ;9321;ﾄﾇﾌﾏﾓ;ﾊﾁﾍﾔﾁﾍﾏﾕ - ﾓﾅﾋﾉﾍﾏﾕ;1304;ﾗﾁﾍﾉﾙﾍ;13;ﾊﾑﾇﾔﾇﾓ
1019;932103;ﾐﾅﾋﾅﾊﾁﾍﾏﾕ;9321;ﾄﾇﾌﾏﾓ;ﾊﾁﾍﾔﾁﾍﾏﾕ - ﾓﾅﾋﾉﾍﾏﾕ;1304;ﾗﾁﾍﾉﾙﾍ;13;ﾊﾑﾇﾔﾇﾓ
1020;932201;ﾉﾍﾁﾗﾙﾑﾉﾏﾕ;9322;ﾄﾇﾌﾏﾓ;ﾊﾉﾓﾓﾁﾌﾏﾕ;1304;ﾗﾁﾍﾉﾙﾍ;13;ﾊﾑﾇﾔﾇﾓ
1021;932202;ﾊﾉﾓﾓﾁﾌﾏﾕ;9322;ﾄﾇﾌﾏﾓ;ﾊﾉﾓﾓﾁﾌﾏﾕ;1304;ﾗﾁﾍﾉﾙﾍ;13;ﾊﾑﾇﾔﾇﾓ
1022;932203;ﾌﾕﾈﾇﾌﾍﾇﾓ;9322;ﾄﾇﾌﾏﾓ;ﾊﾉﾓﾓﾁﾌﾏﾕ;1304;ﾗﾁﾍﾉﾙﾍ;13;ﾊﾑﾇﾔﾇﾓ
1023;932301;ﾂﾏﾕﾊﾏﾋﾉﾙﾍ;9323;ﾄﾇﾌﾏﾓ;ﾐﾋﾁﾔﾁﾍﾉﾁ;1304;ﾗﾁﾍﾉﾙﾍ;13;ﾊﾑﾇﾔﾇﾓ
1024;932302;ﾊﾏﾋﾕﾌﾂﾁﾑﾉﾏﾕ;9323;ﾄﾇﾌﾏﾓ;ﾐﾋﾁﾔﾁﾍﾉﾁ;1304;ﾗﾁﾍﾉﾙﾍ;13;ﾊﾑﾇﾔﾇﾓ
1025;932303;ﾌﾏﾕﾓﾏﾕﾑﾙﾍ;9323;ﾄﾇﾌﾏﾓ;ﾐﾋﾁﾔﾁﾍﾉﾁ;1304;ﾗﾁﾍﾉﾙﾍ;13;ﾊﾑﾇﾔﾇﾓ
1026;932304;ﾐﾋﾁﾔﾁﾍﾉﾁ;9323;ﾄﾇﾌﾏﾓ;ﾐﾋﾁﾔﾁﾍﾉﾁ;1304;ﾗﾁﾍﾉﾙﾍ;13;ﾊﾑﾇﾔﾇﾓ
1027;932401;ﾓﾖﾁﾊﾉﾙﾍ;9324;ﾄﾇﾌﾏﾓ;ﾓﾖﾁﾊﾉﾙﾍ;1304;ﾗﾁﾍﾉﾙﾍ;13;ﾊﾑﾇﾔﾇﾓ
1028;932501;ﾁﾊﾑﾙﾔﾇﾑﾉﾏﾕ;9325;ﾄﾇﾌﾏﾓ;ﾗﾁﾍﾉﾙﾍ;1304;ﾗﾁﾍﾉﾙﾍ;13;ﾊﾑﾇﾔﾇﾓ
1029;932502;ﾅﾋﾅﾕﾈﾅﾑﾉﾏﾕ ﾂﾅﾍﾉﾆﾅﾋﾏﾕ;9325;ﾄﾇﾌﾏﾓ;ﾗﾁﾍﾉﾙﾍ;1304;ﾗﾁﾍﾉﾙﾍ;13;ﾊﾑﾇﾔﾇﾓ
1030;932503;ﾈﾅﾑﾉﾓﾏﾕ;9325;ﾄﾇﾌﾏﾓ;ﾗﾁﾍﾉﾙﾍ;1304;ﾗﾁﾍﾉﾙﾍ;13;ﾊﾑﾇﾔﾇﾓ
1031;932504;ﾊﾅﾑﾁﾌﾉﾙﾍ;9325;ﾄﾇﾌﾏﾓ;ﾗﾁﾍﾉﾙﾍ;1304;ﾗﾁﾍﾉﾙﾍ;13;ﾊﾑﾇﾔﾇﾓ
1032;932505;ﾍﾅﾁﾓ ﾊﾕﾄﾙﾍﾉﾁﾓ;9325;ﾄﾇﾌﾏﾓ;ﾗﾁﾍﾉﾙﾍ;1304;ﾗﾁﾍﾉﾙﾍ;13;ﾊﾑﾇﾔﾇﾓ
1033;932506;ﾓﾏﾕﾄﾁﾓ;9325;ﾄﾇﾌﾏﾓ;ﾗﾁﾍﾉﾙﾍ;1304;ﾗﾁﾍﾉﾙﾍ;13;ﾊﾑﾇﾔﾇﾓ
1034;932507;ﾗﾁﾍﾉﾙﾍ;9325;ﾄﾇﾌﾏﾓ;ﾗﾁﾍﾉﾙﾍ;1304;ﾗﾁﾍﾉﾙﾍ;13;ﾊﾑﾇﾔﾇﾓ
