id,eidos_koinotitas,onoma_dimotikis_enotitas,eidos_neou_ota,onoma_neou_ota,perifereiaki_enotita,perifereia
1,ΔΗΜ. ΚΟΙΝΟΤ,ΔΟΞΑΤΟΥ,ΔΗΜΟΣ,ΔΟΞΑΤΟΥ,ΔΡΑΜΑΣ,ΑΝ. ΜΑΚΕΔΟΝΙΑΣ & ΘΡΑΚΗΣ
2,ΔΗΜ. ΚΟΙΝΟΤ,ΚΑΛΑΜΠΑΚΙΟΥ,ΔΗΜΟΣ,ΔΟΞΑΤΟΥ,ΔΡΑΜΑΣ,ΑΝ. ΜΑΚΕΔΟΝΙΑΣ & ΘΡΑΚΗΣ
3,ΔΗΜ. ΚΟΙΝΟΤ,ΔΡΑΜΑΣ,ΔΗΜΟΣ,ΔΡΑΜΑΣ,ΔΡΑΜΑΣ,ΑΝ. ΜΑΚΕΔΟΝΙΑΣ & ΘΡΑΚΗΣ
4,ΤΟΠ. ΚΟΙΝΟΤ,ΣΙΔΗΡΟΝΕΡΟΥ,ΔΗΜΟΣ,ΔΡΑΜΑΣ,ΔΡΑΜΑΣ,ΑΝ. ΜΑΚΕΔΟΝΙΑΣ & ΘΡΑΚΗΣ
5,ΔΗΜ. ΚΟΙΝΟΤ,ΚΑΤΩ ΝΕΥΡΟΚΟΠΙΟΥ,ΔΗΜΟΣ,ΚΑΤΩ ΝΕΥΡΟΚΟΠΙΟΥ,ΔΡΑΜΑΣ,ΑΝ. ΜΑΚΕΔΟΝΙΑΣ & ΘΡΑΚΗΣ
6,ΤΟΠ. ΚΟΙΝΟΤ,ΝΙΚΗΦΟΡΟΥ,ΔΗΜΟΣ,ΠΑΡΑΝΕΣΤΙΟΥ,ΔΡΑΜΑΣ,ΑΝ. ΜΑΚΕΔΟΝΙΑΣ & ΘΡΑΚΗΣ
7,ΤΟΠ. ΚΟΙΝΟΤ,ΠΑΡΑΝΕΣΤΙΟΥ,ΔΗΜΟΣ,ΠΑΡΑΝΕΣΤΙΟΥ,ΔΡΑΜΑΣ,ΑΝ. ΜΑΚΕΔΟΝΙΑΣ & ΘΡΑΚΗΣ
8,ΔΗΜ. ΚΟΙΝΟΤ,ΠΡΟΣΟΤΣΑΝΗΣ,ΔΗΜΟΣ,ΠΡΟΣΟΤΣΑΝΗΣ,ΔΡΑΜΑΣ,ΑΝ. ΜΑΚΕΔΟΝΙΑΣ & ΘΡΑΚΗΣ
9,ΤΟΠ. ΚΟΙΝΟΤ,ΣΙΤΑΓΡΩΝ,ΔΗΜΟΣ,ΠΡΟΣΟΤΣΑΝΗΣ,ΔΡΑΜΑΣ,ΑΝ. ΜΑΚΕΔΟΝΙΑΣ & ΘΡΑΚΗΣ
10,ΔΗΜ. ΚΟΙΝΟΤ,ΑΛΕΞΑΝΔΡΟΥΠΟΛΗΣ,ΔΗΜΟΣ,ΑΛΕΞΑΝΔΡΟΥΠΟΛΗΣ,ΕΒΡΟΥ,ΑΝ. ΜΑΚΕΔΟΝΙΑΣ & ΘΡΑΚΗΣ
11,ΤΟΠ. ΚΟΙΝΟΤ,ΤΡΑΪΑΝΟΥΠΟΛΗΣ,ΔΗΜΟΣ,ΑΛΕΞΑΝΔΡΟΥΠΟΛΗΣ,ΕΒΡΟΥ,ΑΝ. ΜΑΚΕΔΟΝΙΑΣ & ΘΡΑΚΗΣ
12,ΔΗΜ. ΚΟΙΝΟΤ,ΦΕΡΩΝ,ΔΗΜΟΣ,ΑΛΕΞΑΝΔΡΟΥΠΟΛΗΣ,ΕΒΡΟΥ,ΑΝ. ΜΑΚΕΔΟΝΙΑΣ & ΘΡΑΚΗΣ
13,ΔΗΜ. ΚΟΙΝΟΤ,ΔΙΔΥΜΟΤΕΙΧΟΥ,ΔΗΜΟΣ,ΔΙΔΥΜΟΤΕΙΧΟΥ,ΕΒΡΟΥ,ΑΝ. ΜΑΚΕΔΟΝΙΑΣ & ΘΡΑΚΗΣ
14,ΤΟΠ. ΚΟΙΝΟΤ,ΜΕΤΑΞΑΔΩΝ,ΔΗΜΟΣ,ΔΙΔΥΜΟΤΕΙΧΟΥ,ΕΒΡΟΥ,ΑΝ. ΜΑΚΕΔΟΝΙΑΣ & ΘΡΑΚΗΣ
15,ΔΗΜ. ΚΟΙΝΟΤ,ΒΥΣΣΑΣ,ΔΗΜΟΣ,ΟΡΕΣΤΙΑΔΟΣ,ΕΒΡΟΥ,ΑΝ. ΜΑΚΕΔΟΝΙΑΣ & ΘΡΑΚΗΣ
16,ΤΟΠ. ΚΟΙΝΟΤ,ΚΥΠΡΙΝΟΥ,ΔΗΜΟΣ,ΟΡΕΣΤΙΑΔΟΣ,ΕΒΡΟΥ,ΑΝ. ΜΑΚΕΔΟΝΙΑΣ & ΘΡΑΚΗΣ
17,ΔΗΜ. ΚΟΙΝΟΤ,ΟΡΕΣΤΙΑΔΟΣ,ΔΗΜΟΣ,ΟΡΕΣΤΙΑΔΟΣ,ΕΒΡΟΥ,ΑΝ. ΜΑΚΕΔΟΝΙΑΣ & ΘΡΑΚΗΣ
18,ΤΟΠ. ΚΟΙΝΟΤ,ΤΡΙΓΩΝΟΥ,ΔΗΜΟΣ,ΟΡΕΣΤΙΑΔΟΣ,ΕΒΡΟΥ,ΑΝ. ΜΑΚΕΔΟΝΙΑΣ & ΘΡΑΚΗΣ
19,ΔΗΜ. ΚΟΙΝΟΤ,ΣΑΜΟΘΡΑΚΗΣ,ΔΗΜΟΣ,ΣΑΜΟΘΡΑΚΗΣ,ΕΒΡΟΥ,ΑΝ. ΜΑΚΕΔΟΝΙΑΣ & ΘΡΑΚΗΣ
20,ΔΗΜ. ΚΟΙΝΟΤ,ΟΡΦΕΑ,ΔΗΜΟΣ,ΣΟΥΦΛΙΟΥ,ΕΒΡΟΥ,ΑΝ. ΜΑΚΕΔΟΝΙΑΣ & ΘΡΑΚΗΣ
21,ΔΗΜ. ΚΟΙΝΟΤ,ΣΟΥΦΛΙΟΥ,ΔΗΜΟΣ,ΣΟΥΦΛΙΟΥ,ΕΒΡΟΥ,ΑΝ. ΜΑΚΕΔΟΝΙΑΣ & ΘΡΑΚΗΣ
22,ΔΗΜ. ΚΟΙΝΟΤ,ΤΥΧΕΡΟΥ,ΔΗΜΟΣ,ΣΟΥΦΛΙΟΥ,ΕΒΡΟΥ,ΑΝ. ΜΑΚΕΔΟΝΙΑΣ & ΘΡΑΚΗΣ
23,ΔΗΜ. ΚΟΙΝΟΤ,ΘΑΣΟΥ,ΔΗΜΟΣ,ΘΑΣΟΥ,ΘΑΣΟΥ,ΑΝ. ΜΑΚΕΔΟΝΙΑΣ & ΘΡΑΚΗΣ
24,ΔΗΜ. ΚΟΙΝΟΤ,ΚΑΒΑΛΑΣ,ΔΗΜΟΣ,ΚΑΒΑΛΑΣ,ΚΑΒΑΛΑΣ,ΑΝ. ΜΑΚΕΔΟΝΙΑΣ & ΘΡΑΚΗΣ
25,ΔΗΜ. ΚΟΙΝΟΤ,ΦΙΛΙΠΠΩΝ,ΔΗΜΟΣ,ΚΑΒΑΛΑΣ,ΚΑΒΑΛΑΣ,ΑΝ. ΜΑΚΕΔΟΝΙΑΣ & ΘΡΑΚΗΣ
26,ΔΗΜ. ΚΟΙΝΟΤ,ΚΕΡΑΜΩΤΗΣ,ΔΗΜΟΣ,ΝΕΣΤΟΥ,ΚΑΒΑΛΑΣ,ΑΝ. ΜΑΚΕΔΟΝΙΑΣ & ΘΡΑΚΗΣ
27,ΤΟΠ. ΚΟΙΝΟΤ,ΟΡΕΙΝΟΥ,ΔΗΜΟΣ,ΝΕΣΤΟΥ,ΚΑΒΑΛΑΣ,ΑΝ. ΜΑΚΕΔΟΝΙΑΣ & ΘΡΑΚΗΣ
28,ΔΗΜ. ΚΟΙΝΟΤ,ΧΡΥΣΟΥΠΟΛΗΣ,ΔΗΜΟΣ,ΝΕΣΤΟΥ,ΚΑΒΑΛΑΣ,ΑΝ. ΜΑΚΕΔΟΝΙΑΣ & ΘΡΑΚΗΣ
29,ΔΗΜ. ΚΟΙΝΟΤ,ΕΛΕΥΘΕΡΟΥΠΟΛΗΣ,ΔΗΜΟΣ,ΠΑΓΓΑΙΟΥ,ΚΑΒΑΛΑΣ,ΑΝ. ΜΑΚΕΔΟΝΙΑΣ & ΘΡΑΚΗΣ
30,ΔΗΜ. ΚΟΙΝΟΤ,ΕΛΕΥΘΕΡΩΝ,ΔΗΜΟΣ,ΠΑΓΓΑΙΟΥ,ΚΑΒΑΛΑΣ,ΑΝ. ΜΑΚΕΔΟΝΙΑΣ & ΘΡΑΚΗΣ
31,ΤΟΠ. ΚΟΙΝΟΤ,ΟΡΦΑΝΟΥ,ΔΗΜΟΣ,ΠΑΓΓΑΙΟΥ,ΚΑΒΑΛΑΣ,ΑΝ. ΜΑΚΕΔΟΝΙΑΣ & ΘΡΑΚΗΣ
32,ΔΗΜ. ΚΟΙΝΟΤ,ΠΑΓΓΑΙΟΥ,ΔΗΜΟΣ,ΠΑΓΓΑΙΟΥ,ΚΑΒΑΛΑΣ,ΑΝ. ΜΑΚΕΔΟΝΙΑΣ & ΘΡΑΚΗΣ
33,ΤΟΠ. ΚΟΙΝΟΤ,ΠΙΕΡΕΩΝ,ΔΗΜΟΣ,ΠΑΓΓΑΙΟΥ,ΚΑΒΑΛΑΣ,ΑΝ. ΜΑΚΕΔΟΝΙΑΣ & ΘΡΑΚΗΣ
34,ΤΟΠ. ΚΟΙΝΟΤ,ΑΒΔΗΡΩΝ,ΔΗΜΟΣ,ΑΒΔΗΡΩΝ,ΞΑΝΘΗΣ,ΑΝ. ΜΑΚΕΔΟΝΙΑΣ & ΘΡΑΚΗΣ
35,ΔΗΜ. ΚΟΙΝΟΤ,ΒΙΣΤΩΝΙΔΟΣ,ΔΗΜΟΣ,ΑΒΔΗΡΩΝ,ΞΑΝΘΗΣ,ΑΝ. ΜΑΚΕΔΟΝΙΑΣ & ΘΡΑΚΗΣ
36,ΔΗΜ. ΚΟΙΝΟΤ,ΣΕΛΕΡΟΥ,ΔΗΜΟΣ,ΑΒΔΗΡΩΝ,ΞΑΝΘΗΣ,ΑΝ. ΜΑΚΕΔΟΝΙΑΣ & ΘΡΑΚΗΣ
37,ΤΟΠ. ΚΟΙΝΟΤ,ΘΕΡΜΩΝ,ΔΗΜΟΣ,ΜΥΚΗΣ,ΞΑΝΘΗΣ,ΑΝ. ΜΑΚΕΔΟΝΙΑΣ & ΘΡΑΚΗΣ
38,ΔΗΜ. ΚΟΙΝΟΤ,ΚΟΤΥΛΗΣ,ΔΗΜΟΣ,ΜΥΚΗΣ,ΞΑΝΘΗΣ,ΑΝ. ΜΑΚΕΔΟΝΙΑΣ & ΘΡΑΚΗΣ
39,ΔΗΜ. ΚΟΙΝΟΤ,ΜΥΚΗΣ,ΔΗΜΟΣ,ΜΥΚΗΣ,ΞΑΝΘΗΣ,ΑΝ. ΜΑΚΕΔΟΝΙΑΣ & ΘΡΑΚΗΣ
40,ΤΟΠ. ΚΟΙΝΟΤ,ΣΑΤΡΩΝ,ΔΗΜΟΣ,ΜΥΚΗΣ,ΞΑΝΘΗΣ,ΑΝ. ΜΑΚΕΔΟΝΙΑΣ & ΘΡΑΚΗΣ
41,ΔΗΜ. ΚΟΙΝΟΤ,ΞΑΝΘΗΣ,ΔΗΜΟΣ,ΞΑΝΘΗΣ,ΞΑΝΘΗΣ,ΑΝ. ΜΑΚΕΔΟΝΙΑΣ & ΘΡΑΚΗΣ
42,ΤΟΠ. ΚΟΙΝΟΤ,ΣΤΑΥΡΟΥΠΟΛΗΣ,ΔΗΜΟΣ,ΞΑΝΘΗΣ,ΞΑΝΘΗΣ,ΑΝ. ΜΑΚΕΔΟΝΙΑΣ & ΘΡΑΚΗΣ
43,ΔΗΜ. ΚΟΙΝΟΤ,ΤΟΠΕΙΡΟΥ,ΔΗΜΟΣ,ΤΟΠΕΙΡΟΥ,ΞΑΝΘΗΣ,ΑΝ. ΜΑΚΕΔΟΝΙΑΣ & ΘΡΑΚΗΣ
44,ΤΟΠ. ΚΟΙΝΟΤ,ΑΡΡΙΑΝΩΝ,ΔΗΜΟΣ,ΑΡΡΙΑΝΩΝ,ΡΟΔΟΠΗΣ,ΑΝ. ΜΑΚΕΔΟΝΙΑΣ & ΘΡΑΚΗΣ
45,ΤΟΠ. ΚΟΙΝΟΤ,ΚΕΧΡΟΥ,ΔΗΜΟΣ,ΑΡΡΙΑΝΩΝ,ΡΟΔΟΠΗΣ,ΑΝ. ΜΑΚΕΔΟΝΙΑΣ & ΘΡΑΚΗΣ
46,ΔΗΜ. ΚΟΙΝΟΤ,ΟΡΓΑΝΗΣ,ΔΗΜΟΣ,ΑΡΡΙΑΝΩΝ,ΡΟΔΟΠΗΣ,ΑΝ. ΜΑΚΕΔΟΝΙΑΣ & ΘΡΑΚΗΣ
47,ΤΟΠ. ΚΟΙΝΟΤ,ΦΙΛΛΥΡΑΣ,ΔΗΜΟΣ,ΑΡΡΙΑΝΩΝ,ΡΟΔΟΠΗΣ,ΑΝ. ΜΑΚΕΔΟΝΙΑΣ & ΘΡΑΚΗΣ
48,ΤΟΠ. ΚΟΙΝΟΤ,ΑΜΑΞΑΔΩΝ,ΔΗΜΟΣ,ΙΑΣΜΟΥ,ΡΟΔΟΠΗΣ,ΑΝ. ΜΑΚΕΔΟΝΙΑΣ & ΘΡΑΚΗΣ
49,ΔΗΜ. ΚΟΙΝΟΤ,ΙΑΣΜΟΥ,ΔΗΜΟΣ,ΙΑΣΜΟΥ,ΡΟΔΟΠΗΣ,ΑΝ. ΜΑΚΕΔΟΝΙΑΣ & ΘΡΑΚΗΣ
50,ΔΗΜ. ΚΟΙΝΟΤ,ΣΩΣΤΟΥ,ΔΗΜΟΣ,ΙΑΣΜΟΥ,ΡΟΔΟΠΗΣ,ΑΝ. ΜΑΚΕΔΟΝΙΑΣ & ΘΡΑΚΗΣ
51,ΤΟΠ. ΚΟΙΝΟΤ,ΑΙΓΕΙΡΟΥ,ΔΗΜΟΣ,ΚΟΜΟΤΗΝΗΣ,ΡΟΔΟΠΗΣ,ΑΝ. ΜΑΚΕΔΟΝΙΑΣ & ΘΡΑΚΗΣ
52,ΔΗΜ. ΚΟΙΝΟΤ,ΚΟΜΟΤΗΝΗΣ,ΔΗΜΟΣ,ΚΟΜΟΤΗΝΗΣ,ΡΟΔΟΠΗΣ,ΑΝ. ΜΑΚΕΔΟΝΙΑΣ & ΘΡΑΚΗΣ
53,ΤΟΠ. ΚΟΙΝΟΤ,ΝΕΟΥ ΣΙΔΗΡΟΧΩΡΙΟΥ,ΔΗΜΟΣ,ΚΟΜΟΤΗΝΗΣ,ΡΟΔΟΠΗΣ,ΑΝ. ΜΑΚΕΔΟΝΙΑΣ & ΘΡΑΚΗΣ
54,ΔΗΜ. ΚΟΙΝΟΤ,ΜΑΡΩΝΕΙΑΣ,ΔΗΜΟΣ,ΜΑΡΩΝΕΙΑΣ-ΣΑΠΩΝ,ΡΟΔΟΠΗΣ,ΑΝ. ΜΑΚΕΔΟΝΙΑΣ & ΘΡΑΚΗΣ
55,ΔΗΜ. ΚΟΙΝΟΤ,ΣΑΠΩΝ,ΔΗΜΟΣ,ΜΑΡΩΝΕΙΑΣ-ΣΑΠΩΝ,ΡΟΔΟΠΗΣ,ΑΝ. ΜΑΚΕΔΟΝΙΑΣ & ΘΡΑΚΗΣ
56,ΔΗΜ. ΚΟΙΝΟΤ,ΑΛΕΞΑΝΔΡΕΙΑΣ,ΔΗΜΟΣ,ΑΛΕΞΑΝΔΡΕΙΑΣ,ΗΜΑΘΙΑΣ,ΚΕΝΤΡΙΚΗΣ ΜΑΚΕΔΟΝΙΑΣ
57,ΤΟΠ. ΚΟΙΝΟΤ,ΑΝΤΙΓΟΝΙΔΩΝ,ΔΗΜΟΣ,ΑΛΕΞΑΝΔΡΕΙΑΣ,ΗΜΑΘΙΑΣ,ΚΕΝΤΡΙΚΗΣ ΜΑΚΕΔΟΝΙΑΣ
58,ΔΗΜ. ΚΟΙΝΟΤ,ΜΕΛΙΚΗΣ,ΔΗΜΟΣ,ΑΛΕΞΑΝΔΡΕΙΑΣ,ΗΜΑΘΙΑΣ,ΚΕΝΤΡΙΚΗΣ ΜΑΚΕΔΟΝΙΑΣ
59,ΔΗΜ. ΚΟΙΝΟΤ,ΠΛΑΤΕΟΣ,ΔΗΜΟΣ,ΑΛΕΞΑΝΔΡΕΙΑΣ,ΗΜΑΘΙΑΣ,ΚΕΝΤΡΙΚΗΣ ΜΑΚΕΔΟΝΙΑΣ
60,ΔΗΜ. ΚΟΙΝΟΤ,ΑΠΟΣΤΟΛΟΥ ΠΑΥΛΟΥ,ΔΗΜΟΣ,ΒΕΡΟΙΑΣ,ΗΜΑΘΙΑΣ,ΚΕΝΤΡΙΚΗΣ ΜΑΚΕΔΟΝΙΑΣ
61,ΤΟΠ. ΚΟΙΝΟΤ,ΒΕΡΓΙΝΑΣ,ΔΗΜΟΣ,ΒΕΡΟΙΑΣ,ΗΜΑΘΙΑΣ,ΚΕΝΤΡΙΚΗΣ ΜΑΚΕΔΟΝΙΑΣ
62,ΔΗΜ. ΚΟΙΝΟΤ,ΒΕΡΟΙΑΣ,ΔΗΜΟΣ,ΒΕΡΟΙΑΣ,ΗΜΑΘΙΑΣ,ΚΕΝΤΡΙΚΗΣ ΜΑΚΕΔΟΝΙΑΣ
63,ΤΟΠ. ΚΟΙΝΟΤ,ΔΟΒΡΑ,ΔΗΜΟΣ,ΒΕΡΟΙΑΣ,ΗΜΑΘΙΑΣ,ΚΕΝΤΡΙΚΗΣ ΜΑΚΕΔΟΝΙΑΣ
64,ΤΟΠ. ΚΟΙΝΟΤ,ΜΑΚΕΔΟΝΙΔΟΣ,ΔΗΜΟΣ,ΒΕΡΟΙΑΣ,ΗΜΑΘΙΑΣ,ΚΕΝΤΡΙΚΗΣ ΜΑΚΕΔΟΝΙΑΣ
65,ΔΗΜ. ΚΟΙΝΟΤ,ΑΝΘΕΜΙΩΝ,ΔΗΜΟΣ,ΝΑΟΥΣΑΣ,ΗΜΑΘΙΑΣ,ΚΕΝΤΡΙΚΗΣ ΜΑΚΕΔΟΝΙΑΣ
66,ΤΟΠ. ΚΟΙΝΟΤ,ΕΙΡΗΝΟΥΠΟΛΗΣ,ΔΗΜΟΣ,ΝΑΟΥΣΑΣ,ΗΜΑΘΙΑΣ,ΚΕΝΤΡΙΚΗΣ ΜΑΚΕΔΟΝΙΑΣ
67,ΔΗΜ. ΚΟΙΝΟΤ,ΝΑΟΥΣΑΣ,ΔΗΜΟΣ,ΝΑΟΥΣΑΣ,ΗΜΑΘΙΑΣ,ΚΕΝΤΡΙΚΗΣ ΜΑΚΕΔΟΝΙΑΣ
68,ΔΗΜ. ΚΟΙΝΟΤ,ΑΜΠΕΛΟΚΗΠΩΝ,ΔΗΜΟΣ,ΑΜΠΕΛΟΚΗΠΩΝ-ΜΕΝΕΜΕΝΗΣ,ΘΕΣΣΑΛΟΝΙΚΗΣ,ΚΕΝΤΡΙΚΗΣ ΜΑΚΕΔΟΝΙΑΣ
69,ΔΗΜ. ΚΟΙΝΟΤ,ΜΕΝΕΜΕΝΗΣ,ΔΗΜΟΣ,ΑΜΠΕΛΟΚΗΠΩΝ-ΜΕΝΕΜΕΝΗΣ,ΘΕΣΣΑΛΟΝΙΚΗΣ,ΚΕΝΤΡΙΚΗΣ ΜΑΚΕΔΟΝΙΑΣ
70,ΔΗΜ. ΚΟΙΝΟΤ,ΑΓΙΟΥ ΓΕΩΡΓΙΟΥ,ΔΗΜΟΣ,ΒΟΛΒΗΣ,ΘΕΣΣΑΛΟΝΙΚΗΣ,ΚΕΝΤΡΙΚΗΣ ΜΑΚΕΔΟΝΙΑΣ
71,ΔΗΜ. ΚΟΙΝΟΤ,ΑΠΟΛΛΩΝΙΑΣ,ΔΗΜΟΣ,ΒΟΛΒΗΣ,ΘΕΣΣΑΛΟΝΙΚΗΣ,ΚΕΝΤΡΙΚΗΣ ΜΑΚΕΔΟΝΙΑΣ
72,ΤΟΠ. ΚΟΙΝΟΤ,ΑΡΕΘΟΥΣΑΣ,ΔΗΜΟΣ,ΒΟΛΒΗΣ,ΘΕΣΣΑΛΟΝΙΚΗΣ,ΚΕΝΤΡΙΚΗΣ ΜΑΚΕΔΟΝΙΑΣ
73,ΤΟΠ. ΚΟΙΝΟΤ,ΕΓΝΑΤΙΑΣ,ΔΗΜΟΣ,ΒΟΛΒΗΣ,ΘΕΣΣΑΛΟΝΙΚΗΣ,ΚΕΝΤΡΙΚΗΣ ΜΑΚΕΔΟΝΙΑΣ
74,ΤΟΠ. ΚΟΙΝΟΤ,ΜΑΔΥΤΟΥ,ΔΗΜΟΣ,ΒΟΛΒΗΣ,ΘΕΣΣΑΛΟΝΙΚΗΣ,ΚΕΝΤΡΙΚΗΣ ΜΑΚΕΔΟΝΙΑΣ
75,ΔΗΜ. ΚΟΙΝΟΤ,ΡΕΝΤΙΝΑΣ,ΔΗΜΟΣ,ΒΟΛΒΗΣ,ΘΕΣΣΑΛΟΝΙΚΗΣ,ΚΕΝΤΡΙΚΗΣ ΜΑΚΕΔΟΝΙΑΣ
76,ΔΗΜ. ΚΟΙΝΟΤ,ΑΞΙΟΥ,ΔΗΜΟΣ,ΔΕΛΤΑ,ΘΕΣΣΑΛΟΝΙΚΗΣ,ΚΕΝΤΡΙΚΗΣ ΜΑΚΕΔΟΝΙΑΣ
77,ΔΗΜ. ΚΟΙΝΟΤ,ΕΧΕΔΩΡΟΥ,ΔΗΜΟΣ,ΔΕΛΤΑ,ΘΕΣΣΑΛΟΝΙΚΗΣ,ΚΕΝΤΡΙΚΗΣ ΜΑΚΕΔΟΝΙΑΣ
78,ΔΗΜ. ΚΟΙΝΟΤ,ΧΑΛΑΣΤΡΑΣ,ΔΗΜΟΣ,ΔΕΛΤΑ,ΘΕΣΣΑΛΟΝΙΚΗΣ,ΚΕΝΤΡΙΚΗΣ ΜΑΚΕΔΟΝΙΑΣ
79,ΔΗΜ. ΚΟΙΝΟΤ,ΕΠΑΝΟΜΗΣ,ΔΗΜΟΣ,ΘΕΡΜΑΪΚΟΥ,ΘΕΣΣΑΛΟΝΙΚΗΣ,ΚΕΝΤΡΙΚΗΣ ΜΑΚΕΔΟΝΙΑΣ
80,ΔΗΜ. ΚΟΙΝΟΤ,ΘΕΡΜΑΪΚΟΥ,ΔΗΜΟΣ,ΘΕΡΜΑΪΚΟΥ,ΘΕΣΣΑΛΟΝΙΚΗΣ,ΚΕΝΤΡΙΚΗΣ ΜΑΚΕΔΟΝΙΑΣ
81,ΔΗΜ. ΚΟΙΝΟΤ,ΜΗΧΑΝΙΩΝΑΣ,ΔΗΜΟΣ,ΘΕΡΜΑΪΚΟΥ,ΘΕΣΣΑΛΟΝΙΚΗΣ,ΚΕΝΤΡΙΚΗΣ ΜΑΚΕΔΟΝΙΑΣ
82,ΔΗΜ. ΚΟΙΝΟΤ,ΒΑΣΙΛΙΚΩΝ,ΔΗΜΟΣ,ΘΕΡΜΗΣ,ΘΕΣΣΑΛΟΝΙΚΗΣ,ΚΕΝΤΡΙΚΗΣ ΜΑΚΕΔΟΝΙΑΣ
83,ΔΗΜ. ΚΟΙΝΟΤ,ΘΕΡΜΗΣ,ΔΗΜΟΣ,ΘΕΡΜΗΣ,ΘΕΣΣΑΛΟΝΙΚΗΣ,ΚΕΝΤΡΙΚΗΣ ΜΑΚΕΔΟΝΙΑΣ
84,ΔΗΜ. ΚΟΙΝΟΤ,ΜΙΚΡΑΣ,ΔΗΜΟΣ,ΘΕΡΜΗΣ,ΘΕΣΣΑΛΟΝΙΚΗΣ,ΚΕΝΤΡΙΚΗΣ ΜΑΚΕΔΟΝΙΑΣ
85,ΔΗΜ. ΚΟΙΝΟΤ,ΘΕΣΣΑΛΟΝΙΚΗΣ,ΔΗΜΟΣ,ΘΕΣΣΑΛΟΝΙΚΗΣ,ΘΕΣΣΑΛΟΝΙΚΗΣ,ΚΕΝΤΡΙΚΗΣ ΜΑΚΕΔΟΝΙΑΣ
86,ΔΗΜ. ΚΟΙΝΟΤ,ΤΡΙΑΝΔΡΙΑΣ,ΔΗΜΟΣ,ΘΕΣΣΑΛΟΝΙΚΗΣ,ΘΕΣΣΑΛΟΝΙΚΗΣ,ΚΕΝΤΡΙΚΗΣ ΜΑΚΕΔΟΝΙΑΣ
87,ΔΗΜ. ΚΟΙΝΟΤ,ΚΑΛΑΜΑΡΙΑΣ,ΔΗΜΟΣ,ΚΑΛΑΜΑΡΙΑΣ,ΘΕΣΣΑΛΟΝΙΚΗΣ,ΚΕΝΤΡΙΚΗΣ ΜΑΚΕΔΟΝΙΑΣ
88,ΔΗΜ. ΚΟΙΝΟΤ,ΕΛΕΥΘΕΡΙΟΥ-ΚΟΡΔΕΛΙΟΥ,ΔΗΜΟΣ,ΚΟΡΔΕΛΙΟΥ-ΕΥΟΣΜΟΥ,ΘΕΣΣΑΛΟΝΙΚΗΣ,ΚΕΝΤΡΙΚΗΣ ΜΑΚΕΔΟΝΙΑΣ
89,ΔΗΜ. ΚΟΙΝΟΤ,ΕΥΟΣΜΟΥ,ΔΗΜΟΣ,ΚΟΡΔΕΛΙΟΥ-ΕΥΟΣΜΟΥ,ΘΕΣΣΑΛΟΝΙΚΗΣ,ΚΕΝΤΡΙΚΗΣ ΜΑΚΕΔΟΝΙΑΣ
90,ΔΗΜ. ΚΟΙΝΟΤ,ΑΣΣΗΡΟΥ,ΔΗΜΟΣ,ΛΑΓΚΑΔΑ,ΘΕΣΣΑΛΟΝΙΚΗΣ,ΚΕΝΤΡΙΚΗΣ ΜΑΚΕΔΟΝΙΑΣ
91,ΤΟΠ. ΚΟΙΝΟΤ,ΒΕΡΤΙΣΚΟΥ,ΔΗΜΟΣ,ΛΑΓΚΑΔΑ,ΘΕΣΣΑΛΟΝΙΚΗΣ,ΚΕΝΤΡΙΚΗΣ ΜΑΚΕΔΟΝΙΑΣ
92,ΔΗΜ. ΚΟΙΝΟΤ,ΚΑΛΙΝΔΟΙΩΝ,ΔΗΜΟΣ,ΛΑΓΚΑΔΑ,ΘΕΣΣΑΛΟΝΙΚΗΣ,ΚΕΝΤΡΙΚΗΣ ΜΑΚΕΔΟΝΙΑΣ
93,ΤΟΠ. ΚΟΙΝΟΤ,ΚΟΡΩΝΕΙΑΣ,ΔΗΜΟΣ,ΛΑΓΚΑΔΑ,ΘΕΣΣΑΛΟΝΙΚΗΣ,ΚΕΝΤΡΙΚΗΣ ΜΑΚΕΔΟΝΙΑΣ
94,ΔΗΜ. ΚΟΙΝΟΤ,ΛΑΓΚΑΔΑ,ΔΗΜΟΣ,ΛΑΓΚΑΔΑ,ΘΕΣΣΑΛΟΝΙΚΗΣ,ΚΕΝΤΡΙΚΗΣ ΜΑΚΕΔΟΝΙΑΣ
95,ΤΟΠ. ΚΟΙΝΟΤ,ΛΑΧΑΝΑ,ΔΗΜΟΣ,ΛΑΓΚΑΔΑ,ΘΕΣΣΑΛΟΝΙΚΗΣ,ΚΕΝΤΡΙΚΗΣ ΜΑΚΕΔΟΝΙΑΣ
96,ΔΗΜ. ΚΟΙΝΟΤ,ΣΟΧΟΥ,ΔΗΜΟΣ,ΛΑΓΚΑΔΑ,ΘΕΣΣΑΛΟΝΙΚΗΣ,ΚΕΝΤΡΙΚΗΣ ΜΑΚΕΔΟΝΙΑΣ
97,ΔΗΜ. ΚΟΙΝΟΤ,ΑΓΙΟΥ ΠΑΥΛΟΥ,ΔΗΜΟΣ,ΝΕΑΠΟΛΗΣ-ΣΥΚΕΩΝ,ΘΕΣΣΑΛΟΝΙΚΗΣ,ΚΕΝΤΡΙΚΗΣ ΜΑΚΕΔΟΝΙΑΣ
98,ΔΗΜ. ΚΟΙΝΟΤ,ΝΕΑΠΟΛΕΩΣ,ΔΗΜΟΣ,ΝΕΑΠΟΛΗΣ-ΣΥΚΕΩΝ,ΘΕΣΣΑΛΟΝΙΚΗΣ,ΚΕΝΤΡΙΚΗΣ ΜΑΚΕΔΟΝΙΑΣ
99,ΔΗΜ. ΚΟΙΝΟΤ,ΠΕΥΚΩΝ,ΔΗΜΟΣ,ΝΕΑΠΟΛΗΣ-ΣΥΚΕΩΝ,ΘΕΣΣΑΛΟΝΙΚΗΣ,ΚΕΝΤΡΙΚΗΣ ΜΑΚΕΔΟΝΙΑΣ
100,ΔΗΜ. ΚΟΙΝΟΤ,ΣΥΚΕΩΝ,ΔΗΜΟΣ,ΝΕΑΠΟΛΗΣ-ΣΥΚΕΩΝ,ΘΕΣΣΑΛΟΝΙΚΗΣ,ΚΕΝΤΡΙΚΗΣ ΜΑΚΕΔΟΝΙΑΣ
101,ΔΗΜ. ΚΟΙΝΟΤ,ΕΥΚΑΡΠΙΑΣ,ΔΗΜΟΣ,ΠΑΥΛΟΥ ΜΕΛΑ,ΘΕΣΣΑΛΟΝΙΚΗΣ,ΚΕΝΤΡΙΚΗΣ ΜΑΚΕΔΟΝΙΑΣ
102,ΔΗΜ. ΚΟΙΝΟΤ,ΠΟΛΙΧΝΗΣ,ΔΗΜΟΣ,ΠΑΥΛΟΥ ΜΕΛΑ,ΘΕΣΣΑΛΟΝΙΚΗΣ,ΚΕΝΤΡΙΚΗΣ ΜΑΚΕΔΟΝΙΑΣ
103,ΔΗΜ. ΚΟΙΝΟΤ,ΣΤΑΥΡΟΥΠΟΛΕΩΣ,ΔΗΜΟΣ,ΠΑΥΛΟΥ ΜΕΛΑ,ΘΕΣΣΑΛΟΝΙΚΗΣ,ΚΕΝΤΡΙΚΗΣ ΜΑΚΕΔΟΝΙΑΣ
104,ΔΗΜ. ΚΟΙΝΟΤ,ΠΑΝΟΡΑΜΑΤΟΣ,ΔΗΜΟΣ,ΠΥΛΑΙΑΣ-ΧΟΡΤΙΑΤΗ,ΘΕΣΣΑΛΟΝΙΚΗΣ,ΚΕΝΤΡΙΚΗΣ ΜΑΚΕΔΟΝΙΑΣ
105,ΔΗΜ. ΚΟΙΝΟΤ,ΠΥΛΑΙΑΣ,ΔΗΜΟΣ,ΠΥΛΑΙΑΣ-ΧΟΡΤΙΑΤΗ,ΘΕΣΣΑΛΟΝΙΚΗΣ,ΚΕΝΤΡΙΚΗΣ ΜΑΚΕΔΟΝΙΑΣ
106,ΔΗΜ. ΚΟΙΝΟΤ,ΧΟΡΤΙΑΤΗ,ΔΗΜΟΣ,ΠΥΛΑΙΑΣ-ΧΟΡΤΙΑΤΗ,ΘΕΣΣΑΛΟΝΙΚΗΣ,ΚΕΝΤΡΙΚΗΣ ΜΑΚΕΔΟΝΙΑΣ
107,ΔΗΜ. ΚΟΙΝΟΤ,ΑΓΙΟΥ ΑΘΑΝΑΣΙΟΥ,ΔΗΜΟΣ,ΧΑΛΚΗΔΟΝΟΣ,ΘΕΣΣΑΛΟΝΙΚΗΣ,ΚΕΝΤΡΙΚΗΣ ΜΑΚΕΔΟΝΙΑΣ
108,ΔΗΜ. ΚΟΙΝΟΤ,ΚΟΥΦΑΛΙΩΝ,ΔΗΜΟΣ,ΧΑΛΚΗΔΟΝΟΣ,ΘΕΣΣΑΛΟΝΙΚΗΣ,ΚΕΝΤΡΙΚΗΣ ΜΑΚΕΔΟΝΙΑΣ
109,ΔΗΜ. ΚΟΙΝΟΤ,ΧΑΛΚΗΔΟΝΟΣ,ΔΗΜΟΣ,ΧΑΛΚΗΔΟΝΟΣ,ΘΕΣΣΑΛΟΝΙΚΗΣ,ΚΕΝΤΡΙΚΗΣ ΜΑΚΕΔΟΝΙΑΣ
110,ΤΟΠ. ΚΟΙΝΟΤ,ΚΑΛΛΙΘΕΑΣ,ΔΗΜΟΣ,ΩΡΑΙΟΚΑΣΤΡΟΥ,ΘΕΣΣΑΛΟΝΙΚΗΣ,ΚΕΝΤΡΙΚΗΣ ΜΑΚΕΔΟΝΙΑΣ
111,ΔΗΜ. ΚΟΙΝΟΤ,ΜΥΓΔΟΝΙΑΣ,ΔΗΜΟΣ,ΩΡΑΙΟΚΑΣΤΡΟΥ,ΘΕΣΣΑΛΟΝΙΚΗΣ,ΚΕΝΤΡΙΚΗΣ ΜΑΚΕΔΟΝΙΑΣ
112,ΔΗΜ. ΚΟΙΝΟΤ,ΩΡΑΙΟΚΑΣΤΡΟΥ,ΔΗΜΟΣ,ΩΡΑΙΟΚΑΣΤΡΟΥ,ΘΕΣΣΑΛΟΝΙΚΗΣ,ΚΕΝΤΡΙΚΗΣ ΜΑΚΕΔΟΝΙΑΣ
113,ΤΟΠ. ΚΟΙΝΟΤ,ΓΑΛΛΙΚΟΥ,ΔΗΜΟΣ,ΚΙΛΚΙΣ,ΚΙΛΚΙΣ,ΚΕΝΤΡΙΚΗΣ ΜΑΚΕΔΟΝΙΑΣ
114,ΤΟΠ. ΚΟΙΝΟΤ,ΔΟΪΡΑΝΗΣ,ΔΗΜΟΣ,ΚΙΛΚΙΣ,ΚΙΛΚΙΣ,ΚΕΝΤΡΙΚΗΣ ΜΑΚΕΔΟΝΙΑΣ
115,ΔΗΜ. ΚΟΙΝΟΤ,ΚΙΛΚΙΣ,ΔΗΜΟΣ,ΚΙΛΚΙΣ,ΚΙΛΚΙΣ,ΚΕΝΤΡΙΚΗΣ ΜΑΚΕΔΟΝΙΑΣ
116,ΤΟΠ. ΚΟΙΝΟΤ,ΚΡΟΥΣΣΩΝ,ΔΗΜΟΣ,ΚΙΛΚΙΣ,ΚΙΛΚΙΣ,ΚΕΝΤΡΙΚΗΣ ΜΑΚΕΔΟΝΙΑΣ
117,ΤΟΠ. ΚΟΙΝΟΤ,ΜΟΥΡΙΩΝ,ΔΗΜΟΣ,ΚΙΛΚΙΣ,ΚΙΛΚΙΣ,ΚΕΝΤΡΙΚΗΣ ΜΑΚΕΔΟΝΙΑΣ
118,ΤΟΠ. ΚΟΙΝΟΤ,ΠΙΚΡΟΛΙΜΝΗΣ,ΔΗΜΟΣ,ΚΙΛΚΙΣ,ΚΙΛΚΙΣ,ΚΕΝΤΡΙΚΗΣ ΜΑΚΕΔΟΝΙΑΣ
119,ΤΟΠ. ΚΟΙΝΟΤ,ΧΕΡΣΟΥ,ΔΗΜΟΣ,ΚΙΛΚΙΣ,ΚΙΛΚΙΣ,ΚΕΝΤΡΙΚΗΣ ΜΑΚΕΔΟΝΙΑΣ
120,ΔΗΜ. ΚΟΙΝΟΤ,ΑΞΙΟΥΠΟΛΗΣ,ΔΗΜΟΣ,ΠΑΙΟΝΙΑΣ,ΚΙΛΚΙΣ,ΚΕΝΤΡΙΚΗΣ ΜΑΚΕΔΟΝΙΑΣ
121,ΔΗΜ. ΚΟΙΝΟΤ,ΓΟΥΜΕΝΙΣΣΑΣ,ΔΗΜΟΣ,ΠΑΙΟΝΙΑΣ,ΚΙΛΚΙΣ,ΚΕΝΤΡΙΚΗΣ ΜΑΚΕΔΟΝΙΑΣ
122,ΔΗΜ. ΚΟΙΝΟΤ,ΕΥΡΩΠΟΥ,ΔΗΜΟΣ,ΠΑΙΟΝΙΑΣ,ΚΙΛΚΙΣ,ΚΕΝΤΡΙΚΗΣ ΜΑΚΕΔΟΝΙΑΣ
123,ΤΟΠ. ΚΟΙΝΟΤ,ΛΙΒΑΔΙΩΝ,ΔΗΜΟΣ,ΠΑΙΟΝΙΑΣ,ΚΙΛΚΙΣ,ΚΕΝΤΡΙΚΗΣ ΜΑΚΕΔΟΝΙΑΣ
124,ΔΗΜ. ΚΟΙΝΟΤ,ΠΟΛΥΚΑΣΤΡΟΥ,ΔΗΜΟΣ,ΠΑΙΟΝΙΑΣ,ΚΙΛΚΙΣ,ΚΕΝΤΡΙΚΗΣ ΜΑΚΕΔΟΝΙΑΣ
125,ΔΗΜ. ΚΟΙΝΟΤ,ΑΡΙΔΑΙΑΣ,ΔΗΜΟΣ,ΑΛΜΩΠΙΑΣ,ΠΕΛΛΑΣ,ΚΕΝΤΡΙΚΗΣ ΜΑΚΕΔΟΝΙΑΣ
126,ΤΟΠ. ΚΟΙΝΟΤ,ΕΞΑΠΛΑΤΑΝΟΥ,ΔΗΜΟΣ,ΑΛΜΩΠΙΑΣ,ΠΕΛΛΑΣ,ΚΕΝΤΡΙΚΗΣ ΜΑΚΕΔΟΝΙΑΣ
127,ΤΟΠ. ΚΟΙΝΟΤ,ΒΕΓΟΡΙΤΙΔΑΣ,ΔΗΜΟΣ,ΕΔΕΣΣΑΣ,ΠΕΛΛΑΣ,ΚΕΝΤΡΙΚΗΣ ΜΑΚΕΔΟΝΙΑΣ
128,ΔΗΜ. ΚΟΙΝΟΤ,ΕΔΕΣΣΑΣ,ΔΗΜΟΣ,ΕΔΕΣΣΑΣ,ΠΕΛΛΑΣ,ΚΕΝΤΡΙΚΗΣ ΜΑΚΕΔΟΝΙΑΣ
129,ΔΗΜ. ΚΟΙΝΟΤ,ΓΙΑΝΝΙΤΣΩΝ,ΔΗΜΟΣ,ΠΕΛΛΑΣ,ΠΕΛΛΑΣ,ΚΕΝΤΡΙΚΗΣ ΜΑΚΕΔΟΝΙΑΣ
130,ΔΗΜ. ΚΟΙΝΟΤ,ΚΡΥΑΣ ΒΡΥΣΗΣ,ΔΗΜΟΣ,ΠΕΛΛΑΣ,ΠΕΛΛΑΣ,ΚΕΝΤΡΙΚΗΣ ΜΑΚΕΔΟΝΙΑΣ
131,ΔΗΜ. ΚΟΙΝΟΤ,ΚΥΡΡΟΥ,ΔΗΜΟΣ,ΠΕΛΛΑΣ,ΠΕΛΛΑΣ,ΚΕΝΤΡΙΚΗΣ ΜΑΚΕΔΟΝΙΑΣ
132,ΔΗΜ. ΚΟΙΝΟΤ,ΜΕΓΑΛΟΥ ΑΛΕΞΑΝΔΡΟΥ,ΔΗΜΟΣ,ΠΕΛΛΑΣ,ΠΕΛΛΑΣ,ΚΕΝΤΡΙΚΗΣ ΜΑΚΕΔΟΝΙΑΣ
133,ΔΗΜ. ΚΟΙΝΟΤ,ΠΕΛΛΑΣ,ΔΗΜΟΣ,ΠΕΛΛΑΣ,ΠΕΛΛΑΣ,ΚΕΝΤΡΙΚΗΣ ΜΑΚΕΔΟΝΙΑΣ
134,ΤΟΠ. ΚΟΙΝΟΤ,ΜΕΝΗΙΔΟΣ,ΔΗΜΟΣ,ΣΚΥΔΡΑΣ,ΠΕΛΛΑΣ,ΚΕΝΤΡΙΚΗΣ ΜΑΚΕΔΟΝΙΑΣ
135,ΔΗΜ. ΚΟΙΝΟΤ,ΣΚΥΔΡΑΣ,ΔΗΜΟΣ,ΣΚΥΔΡΑΣ,ΠΕΛΛΑΣ,ΚΕΝΤΡΙΚΗΣ ΜΑΚΕΔΟΝΙΑΣ
136,ΔΗΜ. ΚΟΙΝΟΤ,ΑΝΑΤΟΛΙΚΟΥ ΟΛΥΜΠΟΥ,ΔΗΜΟΣ,ΔΙΟΥ-ΟΛΥΜΠΟΥ,ΠΙΕΡΙΑΣ,ΚΕΝΤΡΙΚΗΣ ΜΑΚΕΔΟΝΙΑΣ
137,ΔΗΜ. ΚΟΙΝΟΤ,ΔΙΟΥ,ΔΗΜΟΣ,ΔΙΟΥ-ΟΛΥΜΠΟΥ,ΠΙΕΡΙΑΣ,ΚΕΝΤΡΙΚΗΣ ΜΑΚΕΔΟΝΙΑΣ
138,ΔΗΜ. ΚΟΙΝΟΤ,ΛΙΤΟΧΩΡΟΥ,ΔΗΜΟΣ,ΔΙΟΥ-ΟΛΥΜΠΟΥ,ΠΙΕΡΙΑΣ,ΚΕΝΤΡΙΚΗΣ ΜΑΚΕΔΟΝΙΑΣ
139,ΤΟΠ. ΚΟΙΝΟΤ,ΕΛΑΦΙΝΑΣ,ΔΗΜΟΣ,ΚΑΤΕΡΙΝΗΣ,ΠΙΕΡΙΑΣ,ΚΕΝΤΡΙΚΗΣ ΜΑΚΕΔΟΝΙΑΣ
140,ΔΗΜ. ΚΟΙΝΟΤ,ΚΑΤΕΡΙΝΗΣ,ΔΗΜΟΣ,ΚΑΤΕΡΙΝΗΣ,ΠΙΕΡΙΑΣ,ΚΕΝΤΡΙΚΗΣ ΜΑΚΕΔΟΝΙΑΣ
141,ΔΗΜ. ΚΟΙΝΟΤ,ΚΟΡΙΝΟΥ,ΔΗΜΟΣ,ΚΑΤΕΡΙΝΗΣ,ΠΙΕΡΙΑΣ,ΚΕΝΤΡΙΚΗΣ ΜΑΚΕΔΟΝΙΑΣ
142,ΔΗΜ. ΚΟΙΝΟΤ,ΠΑΡΑΛΙΑΣ,ΔΗΜΟΣ,ΚΑΤΕΡΙΝΗΣ,ΠΙΕΡΙΑΣ,ΚΕΝΤΡΙΚΗΣ ΜΑΚΕΔΟΝΙΑΣ
143,ΔΗΜ. ΚΟΙΝΟΤ,ΠΕΤΡΑΣ,ΔΗΜΟΣ,ΚΑΤΕΡΙΝΗΣ,ΠΙΕΡΙΑΣ,ΚΕΝΤΡΙΚΗΣ ΜΑΚΕΔΟΝΙΑΣ
144,ΤΟΠ. ΚΟΙΝΟΤ,ΠΙΕΡΙΩΝ,ΔΗΜΟΣ,ΚΑΤΕΡΙΝΗΣ,ΠΙΕΡΙΑΣ,ΚΕΝΤΡΙΚΗΣ ΜΑΚΕΔΟΝΙΑΣ
145,ΔΗΜ. ΚΟΙΝΟΤ,ΑΙΓΙΝΙΟΥ,ΔΗΜΟΣ,ΠΥΔΝΑΣ-ΚΟΛΙΝΔΡΟΥ,ΠΙΕΡΙΑΣ,ΚΕΝΤΡΙΚΗΣ ΜΑΚΕΔΟΝΙΑΣ
146,ΔΗΜ. ΚΟΙΝΟΤ,ΚΟΛΙΝΔΡΟΥ,ΔΗΜΟΣ,ΠΥΔΝΑΣ-ΚΟΛΙΝΔΡΟΥ,ΠΙΕΡΙΑΣ,ΚΕΝΤΡΙΚΗΣ ΜΑΚΕΔΟΝΙΑΣ
147,ΤΟΠ. ΚΟΙΝΟΤ,ΜΕΘΩΝΗΣ,ΔΗΜΟΣ,ΠΥΔΝΑΣ-ΚΟΛΙΝΔΡΟΥ,ΠΙΕΡΙΑΣ,ΚΕΝΤΡΙΚΗΣ ΜΑΚΕΔΟΝΙΑΣ
148,ΤΟΠ. ΚΟΙΝΟΤ,ΠΥΔΝΑΣ,ΔΗΜΟΣ,ΠΥΔΝΑΣ-ΚΟΛΙΝΔΡΟΥ,ΠΙΕΡΙΑΣ,ΚΕΝΤΡΙΚΗΣ ΜΑΚΕΔΟΝΙΑΣ
149,ΤΟΠ. ΚΟΙΝΟΤ,ΑΜΦΙΠΟΛΗΣ,ΔΗΜΟΣ,ΑΜΦΙΠΟΛΗΣ,ΣΕΡΡΩΝ,ΚΕΝΤΡΙΚΗΣ ΜΑΚΕΔΟΝΙΑΣ
150,ΤΟΠ. ΚΟΙΝΟΤ,ΚΟΡΜΙΣΤΑΣ,ΔΗΜΟΣ,ΑΜΦΙΠΟΛΗΣ,ΣΕΡΡΩΝ,ΚΕΝΤΡΙΚΗΣ ΜΑΚΕΔΟΝΙΑΣ
151,ΤΟΠ. ΚΟΙΝΟΤ,ΠΡΩΤΗΣ,ΔΗΜΟΣ,ΑΜΦΙΠΟΛΗΣ,ΣΕΡΡΩΝ,ΚΕΝΤΡΙΚΗΣ ΜΑΚΕΔΟΝΙΑΣ
152,ΔΗΜ. ΚΟΙΝΟΤ,ΡΟΔΟΛΙΒΟΥΣ,ΔΗΜΟΣ,ΑΜΦΙΠΟΛΗΣ,ΣΕΡΡΩΝ,ΚΕΝΤΡΙΚΗΣ ΜΑΚΕΔΟΝΙΑΣ
153,ΤΟΠ. ΚΟΙΝΟΤ,ΑΧΙΝΟΥ,ΔΗΜΟΣ,ΒΙΣΑΛΤΙΑΣ,ΣΕΡΡΩΝ,ΚΕΝΤΡΙΚΗΣ ΜΑΚΕΔΟΝΙΑΣ
154,ΤΟΠ. ΚΟΙΝΟΤ,ΒΙΣΑΛΤΙΑΣ,ΔΗΜΟΣ,ΒΙΣΑΛΤΙΑΣ,ΣΕΡΡΩΝ,ΚΕΝΤΡΙΚΗΣ ΜΑΚΕΔΟΝΙΑΣ
155,ΔΗΜ. ΚΟΙΝΟΤ,ΝΙΓΡΙΤΗΣ,ΔΗΜΟΣ,ΒΙΣΑΛΤΙΑΣ,ΣΕΡΡΩΝ,ΚΕΝΤΡΙΚΗΣ ΜΑΚΕΔΟΝΙΑΣ
156,ΤΟΠ. ΚΟΙΝΟΤ,ΤΡΑΓΙΛΟΥ,ΔΗΜΟΣ,ΒΙΣΑΛΤΙΑΣ,ΣΕΡΡΩΝ,ΚΕΝΤΡΙΚΗΣ ΜΑΚΕΔΟΝΙΑΣ
157,ΔΗΜ. ΚΟΙΝΟΤ,ΕΜΜΑΝΟΥΗΛ ΠΑΠΠΑ,ΔΗΜΟΣ,ΕΜΜΑΝΟΥΗΛ ΠΑΠΠΑ,ΣΕΡΡΩΝ,ΚΕΝΤΡΙΚΗΣ ΜΑΚΕΔΟΝΙΑΣ
158,ΔΗΜ. ΚΟΙΝΟΤ,ΣΤΡΥΜΩΝΑ,ΔΗΜΟΣ,ΕΜΜΑΝΟΥΗΛ ΠΑΠΠΑ,ΣΕΡΡΩΝ,ΚΕΝΤΡΙΚΗΣ ΜΑΚΕΔΟΝΙΑΣ
159,ΔΗΜ. ΚΟΙΝΟΤ,ΗΡΑΚΛΕΙΑΣ,ΔΗΜΟΣ,ΗΡΑΚΛΕΙΑΣ,ΣΕΡΡΩΝ,ΚΕΝΤΡΙΚΗΣ ΜΑΚΕΔΟΝΙΑΣ
160,ΤΟΠ. ΚΟΙΝΟΤ,ΣΚΟΤΟΥΣΣΗΣ,ΔΗΜΟΣ,ΗΡΑΚΛΕΙΑΣ,ΣΕΡΡΩΝ,ΚΕΝΤΡΙΚΗΣ ΜΑΚΕΔΟΝΙΑΣ
161,ΤΟΠ. ΚΟΙΝΟΤ,ΣΤΡΥΜΟΝΙΚΟΥ,ΔΗΜΟΣ,ΗΡΑΚΛΕΙΑΣ,ΣΕΡΡΩΝ,ΚΕΝΤΡΙΚΗΣ ΜΑΚΕΔΟΝΙΑΣ
162,ΔΗΜ. ΚΟΙΝΟΤ,ΑΛΙΣΤΡΑΤΗΣ,ΔΗΜΟΣ,ΝΕΑΣ ΖΙΧΝΗΣ,ΣΕΡΡΩΝ,ΚΕΝΤΡΙΚΗΣ ΜΑΚΕΔΟΝΙΑΣ
163,ΔΗΜ. ΚΟΙΝΟΤ,ΝΕΑΣ ΖΙΧΝΗΣ,ΔΗΜΟΣ,ΝΕΑΣ ΖΙΧΝΗΣ,ΣΕΡΡΩΝ,ΚΕΝΤΡΙΚΗΣ ΜΑΚΕΔΟΝΙΑΣ
164,ΤΟΠ. ΚΟΙΝΟΤ,ΑΝΩ ΒΡΟΝΤΟΥΣ,ΔΗΜΟΣ,ΣΕΡΡΩΝ,ΣΕΡΡΩΝ,ΚΕΝΤΡΙΚΗΣ ΜΑΚΕΔΟΝΙΑΣ
165,ΔΗΜ. ΚΟΙΝΟΤ,ΚΑΠΕΤΑΝ  ΜΗΤΡΟΥΣΙΟΥ,ΔΗΜΟΣ,ΣΕΡΡΩΝ,ΣΕΡΡΩΝ,ΚΕΝΤΡΙΚΗΣ ΜΑΚΕΔΟΝΙΑΣ
166,ΔΗΜ. ΚΟΙΝΟΤ,ΛΕΥΚΩΝΑ,ΔΗΜΟΣ,ΣΕΡΡΩΝ,ΣΕΡΡΩΝ,ΚΕΝΤΡΙΚΗΣ ΜΑΚΕΔΟΝΙΑΣ
167,ΤΟΠ. ΚΟΙΝΟΤ,ΟΡΕΙΝΗΣ,ΔΗΜΟΣ,ΣΕΡΡΩΝ,ΣΕΡΡΩΝ,ΚΕΝΤΡΙΚΗΣ ΜΑΚΕΔΟΝΙΑΣ
168,ΔΗΜ. ΚΟΙΝΟΤ,ΣΕΡΡΩΝ,ΔΗΜΟΣ,ΣΕΡΡΩΝ,ΣΕΡΡΩΝ,ΚΕΝΤΡΙΚΗΣ ΜΑΚΕΔΟΝΙΑΣ
169,ΔΗΜ. ΚΟΙΝΟΤ,ΣΚΟΥΤΑΡΕΩΣ,ΔΗΜΟΣ,ΣΕΡΡΩΝ,ΣΕΡΡΩΝ,ΚΕΝΤΡΙΚΗΣ ΜΑΚΕΔΟΝΙΑΣ
170,ΤΟΠ. ΚΟΙΝΟΤ,ΑΓΚΙΣΤΡΟΥ,ΔΗΜΟΣ,ΣΙΝΤΙΚΗΣ,ΣΕΡΡΩΝ,ΚΕΝΤΡΙΚΗΣ ΜΑΚΕΔΟΝΙΑΣ
171,ΤΟΠ. ΚΟΙΝΟΤ,ΑΧΛΑΔΟΧΩΡΙΟΥ,ΔΗΜΟΣ,ΣΙΝΤΙΚΗΣ,ΣΕΡΡΩΝ,ΚΕΝΤΡΙΚΗΣ ΜΑΚΕΔΟΝΙΑΣ
172,ΔΗΜ. ΚΟΙΝΟΤ,ΚΕΡΚΙΝΗΣ,ΔΗΜΟΣ,ΣΙΝΤΙΚΗΣ,ΣΕΡΡΩΝ,ΚΕΝΤΡΙΚΗΣ ΜΑΚΕΔΟΝΙΑΣ
173,ΔΗΜ. ΚΟΙΝΟΤ,ΠΕΤΡΙΤΣΙΟΥ,ΔΗΜΟΣ,ΣΙΝΤΙΚΗΣ,ΣΕΡΡΩΝ,ΚΕΝΤΡΙΚΗΣ ΜΑΚΕΔΟΝΙΑΣ
174,ΤΟΠ. ΚΟΙΝΟΤ,ΠΡΟΜΑΧΩΝΟΣ,ΔΗΜΟΣ,ΣΙΝΤΙΚΗΣ,ΣΕΡΡΩΝ,ΚΕΝΤΡΙΚΗΣ ΜΑΚΕΔΟΝΙΑΣ
175,ΔΗΜ. ΚΟΙΝΟΤ,ΣΙΔΗΡΟΚΑΣΤΡΟΥ,ΔΗΜΟΣ,ΣΙΝΤΙΚΗΣ,ΣΕΡΡΩΝ,ΚΕΝΤΡΙΚΗΣ ΜΑΚΕΔΟΝΙΑΣ
176,ΔΗΜ. ΚΟΙΝΟΤ,ΑΡΝΑΙΑΣ,ΔΗΜΟΣ,ΑΡΙΣΤΟΤΕΛΗ,ΧΑΛΚΙΔΙΚΗΣ,ΚΕΝΤΡΙΚΗΣ ΜΑΚΕΔΟΝΙΑΣ
177,ΔΗΜ. ΚΟΙΝΟΤ,ΠΑΝΑΓΙΑΣ,ΔΗΜΟΣ,ΑΡΙΣΤΟΤΕΛΗ,ΧΑΛΚΙΔΙΚΗΣ,ΚΕΝΤΡΙΚΗΣ ΜΑΚΕΔΟΝΙΑΣ
178,ΔΗΜ. ΚΟΙΝΟΤ,ΣΤΑΓΕΙΡΩΝ-ΑΚΑΝΘΟΥ,ΔΗΜΟΣ,ΑΡΙΣΤΟΤΕΛΗ,ΧΑΛΚΙΔΙΚΗΣ,ΚΕΝΤΡΙΚΗΣ ΜΑΚΕΔΟΝΙΑΣ
179,ΔΗΜ. ΚΟΙΝΟΤ,ΚΑΣΣΑΝΔΡΑΣ,ΔΗΜΟΣ,ΚΑΣΣΑΝΔΡΑΣ,ΧΑΛΚΙΔΙΚΗΣ,ΚΕΝΤΡΙΚΗΣ ΜΑΚΕΔΟΝΙΑΣ
180,ΤΟΠ. ΚΟΙΝΟΤ,ΠΑΛΛΗΝΗΣ,ΔΗΜΟΣ,ΚΑΣΣΑΝΔΡΑΣ,ΧΑΛΚΙΔΙΚΗΣ,ΚΕΝΤΡΙΚΗΣ ΜΑΚΕΔΟΝΙΑΣ
181,ΔΗΜ. ΚΟΙΝΟΤ,ΚΑΛΛΙΚΡΑΤΕΙΑΣ,ΔΗΜΟΣ,ΝΕΑΣ ΠΡΟΠΟΝΤΙΔΑΣ,ΧΑΛΚΙΔΙΚΗΣ,ΚΕΝΤΡΙΚΗΣ ΜΑΚΕΔΟΝΙΑΣ
182,ΔΗΜ. ΚΟΙΝΟΤ,ΜΟΥΔΑΝΙΩΝ,ΔΗΜΟΣ,ΝΕΑΣ ΠΡΟΠΟΝΤΙΔΑΣ,ΧΑΛΚΙΔΙΚΗΣ,ΚΕΝΤΡΙΚΗΣ ΜΑΚΕΔΟΝΙΑΣ
183,ΔΗΜ. ΚΟΙΝΟΤ,ΤΡΙΓΛΙΑΣ,ΔΗΜΟΣ,ΝΕΑΣ ΠΡΟΠΟΝΤΙΔΑΣ,ΧΑΛΚΙΔΙΚΗΣ,ΚΕΝΤΡΙΚΗΣ ΜΑΚΕΔΟΝΙΑΣ
184,ΔΗΜ. ΚΟΙΝΟΤ,ΑΝΘΕΜΟΥΝΤΑ,ΔΗΜΟΣ,ΠΟΛΥΓΥΡΟΥ,ΧΑΛΚΙΔΙΚΗΣ,ΚΕΝΤΡΙΚΗΣ ΜΑΚΕΔΟΝΙΑΣ
185,ΤΟΠ. ΚΟΙΝΟΤ,ΖΕΡΒΟΧΩΡΙΩΝ,ΔΗΜΟΣ,ΠΟΛΥΓΥΡΟΥ,ΧΑΛΚΙΔΙΚΗΣ,ΚΕΝΤΡΙΚΗΣ ΜΑΚΕΔΟΝΙΑΣ
186,ΔΗΜ. ΚΟΙΝΟΤ,ΟΡΜΥΛΙΑΣ,ΔΗΜΟΣ,ΠΟΛΥΓΥΡΟΥ,ΧΑΛΚΙΔΙΚΗΣ,ΚΕΝΤΡΙΚΗΣ ΜΑΚΕΔΟΝΙΑΣ
187,ΔΗΜ. ΚΟΙΝΟΤ,ΠΟΛΥΓΥΡΟΥ,ΔΗΜΟΣ,ΠΟΛΥΓΥΡΟΥ,ΧΑΛΚΙΔΙΚΗΣ,ΚΕΝΤΡΙΚΗΣ ΜΑΚΕΔΟΝΙΑΣ
188,ΔΗΜ. ΚΟΙΝΟΤ,ΣΙΘΩΝΙΑΣ,ΔΗΜΟΣ,ΣΙΘΩΝΙΑΣ,ΧΑΛΚΙΔΙΚΗΣ,ΚΕΝΤΡΙΚΗΣ ΜΑΚΕΔΟΝΙΑΣ
189,ΔΗΜ. ΚΟΙΝΟΤ,ΤΟΡΩΝΗΣ,ΔΗΜΟΣ,ΣΙΘΩΝΙΑΣ,ΧΑΛΚΙΔΙΚΗΣ,ΚΕΝΤΡΙΚΗΣ ΜΑΚΕΔΟΝΙΑΣ
190,ΤΟΠ. ΚΟΙΝΟΤ,ΑΒΔΕΛΛΑΣ,ΔΗΜΟΣ,ΓΡΕΒΕΝΩΝ,ΓΡΕΒΕΝΩΝ,ΔΥΤΙΚΗΣ ΜΑΚΕΔΟΝΙΑΣ
191,ΤΟΠ. ΚΟΙΝΟΤ,ΑΓΙΟΥ ΚΟΣΜΑ,ΔΗΜΟΣ,ΓΡΕΒΕΝΩΝ,ΓΡΕΒΕΝΩΝ,ΔΥΤΙΚΗΣ ΜΑΚΕΔΟΝΙΑΣ
192,ΤΟΠ. ΚΟΙΝΟΤ,ΒΕΝΤΖΙΟΥ,ΔΗΜΟΣ,ΓΡΕΒΕΝΩΝ,ΓΡΕΒΕΝΩΝ,ΔΥΤΙΚΗΣ ΜΑΚΕΔΟΝΙΑΣ
193,ΤΟΠ. ΚΟΙΝΟΤ,ΓΟΡΓΙΑΝΗΣ,ΔΗΜΟΣ,ΓΡΕΒΕΝΩΝ,ΓΡΕΒΕΝΩΝ,ΔΥΤΙΚΗΣ ΜΑΚΕΔΟΝΙΑΣ
194,ΔΗΜ. ΚΟΙΝΟΤ,ΓΡΕΒΕΝΩΝ,ΔΗΜΟΣ,ΓΡΕΒΕΝΩΝ,ΓΡΕΒΕΝΩΝ,ΔΥΤΙΚΗΣ ΜΑΚΕΔΟΝΙΑΣ
195,ΤΟΠ. ΚΟΙΝΟΤ,ΔΟΤΣΙΚΟΥ,ΔΗΜΟΣ,ΓΡΕΒΕΝΩΝ,ΓΡΕΒΕΝΩΝ,ΔΥΤΙΚΗΣ ΜΑΚΕΔΟΝΙΑΣ
196,ΤΟΠ. ΚΟΙΝΟΤ,ΗΡΑΚΛΕΩΤΩΝ,ΔΗΜΟΣ,ΓΡΕΒΕΝΩΝ,ΓΡΕΒΕΝΩΝ,ΔΥΤΙΚΗΣ ΜΑΚΕΔΟΝΙΑΣ
197,ΤΟΠ. ΚΟΙΝΟΤ,ΘΕΟΔΩΡΟΥ ΖΙΑΚΑ,ΔΗΜΟΣ,ΓΡΕΒΕΝΩΝ,ΓΡΕΒΕΝΩΝ,ΔΥΤΙΚΗΣ ΜΑΚΕΔΟΝΙΑΣ
198,ΤΟΠ. ΚΟΙΝΟΤ,ΜΕΣΟΛΟΥΡΙΟΥ,ΔΗΜΟΣ,ΓΡΕΒΕΝΩΝ,ΓΡΕΒΕΝΩΝ,ΔΥΤΙΚΗΣ ΜΑΚΕΔΟΝΙΑΣ
199,ΤΟΠ. ΚΟΙΝΟΤ,ΠΕΡΙΒΟΛΙΟΥ,ΔΗΜΟΣ,ΓΡΕΒΕΝΩΝ,ΓΡΕΒΕΝΩΝ,ΔΥΤΙΚΗΣ ΜΑΚΕΔΟΝΙΑΣ
200,ΤΟΠ. ΚΟΙΝΟΤ,ΣΑΜΑΡΙΝΑΣ,ΔΗΜΟΣ,ΓΡΕΒΕΝΩΝ,ΓΡΕΒΕΝΩΝ,ΔΥΤΙΚΗΣ ΜΑΚΕΔΟΝΙΑΣ
201,ΤΟΠ. ΚΟΙΝΟΤ,ΣΜΙΞΗΣ,ΔΗΜΟΣ,ΓΡΕΒΕΝΩΝ,ΓΡΕΒΕΝΩΝ,ΔΥΤΙΚΗΣ ΜΑΚΕΔΟΝΙΑΣ
202,ΤΟΠ. ΚΟΙΝΟΤ,ΦΙΛΙΠΠΑΙΩΝ,ΔΗΜΟΣ,ΓΡΕΒΕΝΩΝ,ΓΡΕΒΕΝΩΝ,ΔΥΤΙΚΗΣ ΜΑΚΕΔΟΝΙΑΣ
203,ΔΗΜ. ΚΟΙΝΟΤ,ΔΕΣΚΑΤΗΣ,ΔΗΜΟΣ,ΔΕΣΚΑΤΗΣ,ΓΡΕΒΕΝΩΝ,ΔΥΤΙΚΗΣ ΜΑΚΕΔΟΝΙΑΣ
204,ΤΟΠ. ΚΟΙΝΟΤ,ΧΑΣΙΩΝ,ΔΗΜΟΣ,ΔΕΣΚΑΤΗΣ,ΓΡΕΒΕΝΩΝ,ΔΥΤΙΚΗΣ ΜΑΚΕΔΟΝΙΑΣ
205,ΔΗΜ. ΚΟΙΝΟΤ,ΑΓΙΑΣ ΤΡΙΑΔΟΣ,ΔΗΜΟΣ,ΚΑΣΤΟΡΙΑΣ,ΚΑΣΤΟΡΙΑΣ,ΔΥΤΙΚΗΣ ΜΑΚΕΔΟΝΙΑΣ
206,ΤΟΠ. ΚΟΙΝΟΤ,ΑΓΙΩΝ ΑΝΑΡΓΥΡΩΝ,ΔΗΜΟΣ,ΚΑΣΤΟΡΙΑΣ,ΚΑΣΤΟΡΙΑΣ,ΔΥΤΙΚΗΣ ΜΑΚΕΔΟΝΙΑΣ
207,ΤΟΠ. ΚΟΙΝΟΤ,ΒΙΤΣΙΟΥ,ΔΗΜΟΣ,ΚΑΣΤΟΡΙΑΣ,ΚΑΣΤΟΡΙΑΣ,ΔΥΤΙΚΗΣ ΜΑΚΕΔΟΝΙΑΣ
208,ΔΗΜ. ΚΟΙΝΟΤ,ΚΑΣΤΟΡΙΑΣ,ΔΗΜΟΣ,ΚΑΣΤΟΡΙΑΣ,ΚΑΣΤΟΡΙΑΣ,ΔΥΤΙΚΗΣ ΜΑΚΕΔΟΝΙΑΣ
209,ΤΟΠ. ΚΟΙΝΟΤ,ΚΑΣΤΡΑΚΙΟΥ,ΔΗΜΟΣ,ΚΑΣΤΟΡΙΑΣ,ΚΑΣΤΟΡΙΑΣ,ΔΥΤΙΚΗΣ ΜΑΚΕΔΟΝΙΑΣ
210,ΤΟΠ. ΚΟΙΝΟΤ,ΚΛΕΙΣΟΥΡΑΣ,ΔΗΜΟΣ,ΚΑΣΤΟΡΙΑΣ,ΚΑΣΤΟΡΙΑΣ,ΔΥΤΙΚΗΣ ΜΑΚΕΔΟΝΙΑΣ
211,ΤΟΠ. ΚΟΙΝΟΤ,ΚΟΡΕΣΤΙΩΝ,ΔΗΜΟΣ,ΚΑΣΤΟΡΙΑΣ,ΚΑΣΤΟΡΙΑΣ,ΔΥΤΙΚΗΣ ΜΑΚΕΔΟΝΙΑΣ
212,ΤΟΠ. ΚΟΙΝΟΤ,ΜΑΚΕΔΝΩΝ,ΔΗΜΟΣ,ΚΑΣΤΟΡΙΑΣ,ΚΑΣΤΟΡΙΑΣ,ΔΥΤΙΚΗΣ ΜΑΚΕΔΟΝΙΑΣ
213,ΔΗΜ. ΚΟΙΝΟΤ,ΜΕΣΟΠΟΤΑΜΙΑΣ,ΔΗΜΟΣ,ΚΑΣΤΟΡΙΑΣ,ΚΑΣΤΟΡΙΑΣ,ΔΥΤΙΚΗΣ ΜΑΚΕΔΟΝΙΑΣ
214,ΤΟΠ. ΚΟΙΝΟΤ,ΑΚΡΙΤΩΝ,ΔΗΜΟΣ,ΝΕΣΤΟΡΙΟΥ,ΚΑΣΤΟΡΙΑΣ,ΔΥΤΙΚΗΣ ΜΑΚΕΔΟΝΙΑΣ
215,ΤΟΠ. ΚΟΙΝΟΤ,ΑΡΡΕΝΩΝ,ΔΗΜΟΣ,ΝΕΣΤΟΡΙΟΥ,ΚΑΣΤΟΡΙΑΣ,ΔΥΤΙΚΗΣ ΜΑΚΕΔΟΝΙΑΣ
216,ΤΟΠ. ΚΟΙΝΟΤ,ΓΡΑΜΟΥ,ΔΗΜΟΣ,ΝΕΣΤΟΡΙΟΥ,ΚΑΣΤΟΡΙΑΣ,ΔΥΤΙΚΗΣ ΜΑΚΕΔΟΝΙΑΣ
217,ΤΟΠ. ΚΟΙΝΟΤ,ΝΕΣΤΟΡΙΟΥ,ΔΗΜΟΣ,ΝΕΣΤΟΡΙΟΥ,ΚΑΣΤΟΡΙΑΣ,ΔΥΤΙΚΗΣ ΜΑΚΕΔΟΝΙΑΣ
218,ΔΗΜ. ΚΟΙΝΟΤ,ΑΡΓΟΥΣ ΟΡΕΣΤΙΚΟΥ,ΔΗΜΟΣ,ΟΡΕΣΤΙΔΟΣ,ΚΑΣΤΟΡΙΑΣ,ΔΥΤΙΚΗΣ ΜΑΚΕΔΟΝΙΑΣ
219,ΤΟΠ. ΚΟΙΝΟΤ,ΙΩΝΟΣ ΔΡΑΓΟΥΜΗ,ΔΗΜΟΣ,ΟΡΕΣΤΙΔΟΣ,ΚΑΣΤΟΡΙΑΣ,ΔΥΤΙΚΗΣ ΜΑΚΕΔΟΝΙΑΣ
220,ΔΗΜ. ΚΟΙΝΟΤ,ΑΣΚΙΟΥ,ΔΗΜΟΣ,ΒΟΪΟΥ,ΚΟΖΑΝΗΣ,ΔΥΤΙΚΗΣ ΜΑΚΕΔΟΝΙΑΣ
221,ΔΗΜ. ΚΟΙΝΟΤ,ΝΕΑΠΟΛΗΣ,ΔΗΜΟΣ,ΒΟΪΟΥ,ΚΟΖΑΝΗΣ,ΔΥΤΙΚΗΣ ΜΑΚΕΔΟΝΙΑΣ
222,ΤΟΠ. ΚΟΙΝΟΤ,ΠΕΝΤΑΛΟΦΟΥ,ΔΗΜΟΣ,ΒΟΪΟΥ,ΚΟΖΑΝΗΣ,ΔΥΤΙΚΗΣ ΜΑΚΕΔΟΝΙΑΣ
223,ΔΗΜ. ΚΟΙΝΟΤ,ΣΙΑΤΙΣΤΑΣ,ΔΗΜΟΣ,ΒΟΪΟΥ,ΚΟΖΑΝΗΣ,ΔΥΤΙΚΗΣ ΜΑΚΕΔΟΝΙΑΣ
224,ΤΟΠ. ΚΟΙΝΟΤ,ΤΣΟΤΥΛΙΟΥ,ΔΗΜΟΣ,ΒΟΪΟΥ,ΚΟΖΑΝΗΣ,ΔΥΤΙΚΗΣ ΜΑΚΕΔΟΝΙΑΣ
225,ΤΟΠ. ΚΟΙΝΟΤ,ΑΓΙΑΣ ΠΑΡΑΣΚΕΥΗΣ,ΔΗΜΟΣ,ΕΟΡΔΑΙΑΣ,ΚΟΖΑΝΗΣ,ΔΥΤΙΚΗΣ ΜΑΚΕΔΟΝΙΑΣ
226,ΤΟΠ. ΚΟΙΝΟΤ,ΒΕΡΜΙΟΥ,ΔΗΜΟΣ,ΕΟΡΔΑΙΑΣ,ΚΟΖΑΝΗΣ,ΔΥΤΙΚΗΣ ΜΑΚΕΔΟΝΙΑΣ
227,ΤΟΠ. ΚΟΙΝΟΤ,ΒΛΑΣΤΗΣ,ΔΗΜΟΣ,ΕΟΡΔΑΙΑΣ,ΚΟΖΑΝΗΣ,ΔΥΤΙΚΗΣ ΜΑΚΕΔΟΝΙΑΣ
228,ΤΟΠ. ΚΟΙΝΟΤ,ΜΟΥΡΙΚΙΟΥ,ΔΗΜΟΣ,ΕΟΡΔΑΙΑΣ,ΚΟΖΑΝΗΣ,ΔΥΤΙΚΗΣ ΜΑΚΕΔΟΝΙΑΣ
229,ΔΗΜ. ΚΟΙΝΟΤ,ΠΤΟΛΕΜΑΪΔΑΣ,ΔΗΜΟΣ,ΕΟΡΔΑΙΑΣ,ΚΟΖΑΝΗΣ,ΔΥΤΙΚΗΣ ΜΑΚΕΔΟΝΙΑΣ
230,ΔΗΜ. ΚΟΙΝΟΤ,ΑΙΑΝΗΣ,ΔΗΜΟΣ,ΚΟΖΑΝΗΣ,ΚΟΖΑΝΗΣ,ΔΥΤΙΚΗΣ ΜΑΚΕΔΟΝΙΑΣ
231,ΤΟΠ. ΚΟΙΝΟΤ,ΔΗΜΗΤΡΙΟΥ ΥΨΗΛΑΝΤΗ,ΔΗΜΟΣ,ΚΟΖΑΝΗΣ,ΚΟΖΑΝΗΣ,ΔΥΤΙΚΗΣ ΜΑΚΕΔΟΝΙΑΣ
232,ΔΗΜ. ΚΟΙΝΟΤ,ΕΛΙΜΕΙΑΣ,ΔΗΜΟΣ,ΚΟΖΑΝΗΣ,ΚΟΖΑΝΗΣ,ΔΥΤΙΚΗΣ ΜΑΚΕΔΟΝΙΑΣ
233,ΤΟΠ. ΚΟΙΝΟΤ,ΕΛΛΗΣΠΟΝΤΟΥ,ΔΗΜΟΣ,ΚΟΖΑΝΗΣ,ΚΟΖΑΝΗΣ,ΔΥΤΙΚΗΣ ΜΑΚΕΔΟΝΙΑΣ
234,ΔΗΜ. ΚΟΙΝΟΤ,ΚΟΖΑΝΗΣ,ΔΗΜΟΣ,ΚΟΖΑΝΗΣ,ΚΟΖΑΝΗΣ,ΔΥΤΙΚΗΣ ΜΑΚΕΔΟΝΙΑΣ
235,ΔΗΜ. ΚΟΙΝΟΤ,ΒΕΛΒΕΝΤΟΥ,ΔΗΜΟΣ,ΣΕΡΒΙΩΝ-ΒΕΛΒΕΝΤΟΥ,ΚΟΖΑΝΗΣ,ΔΥΤΙΚΗΣ ΜΑΚΕΔΟΝΙΑΣ
236,ΤΟΠ. ΚΟΙΝΟΤ,ΚΑΜΒΟΥΝΙΩΝ,ΔΗΜΟΣ,ΣΕΡΒΙΩΝ-ΒΕΛΒΕΝΤΟΥ,ΚΟΖΑΝΗΣ,ΔΥΤΙΚΗΣ ΜΑΚΕΔΟΝΙΑΣ
237,ΤΟΠ. ΚΟΙΝΟΤ,ΛΙΒΑΔΕΡΟΥ,ΔΗΜΟΣ,ΣΕΡΒΙΩΝ-ΒΕΛΒΕΝΤΟΥ,ΚΟΖΑΝΗΣ,ΔΥΤΙΚΗΣ ΜΑΚΕΔΟΝΙΑΣ
238,ΔΗΜ. ΚΟΙΝΟΤ,ΣΕΡΒΙΩΝ,ΔΗΜΟΣ,ΣΕΡΒΙΩΝ-ΒΕΛΒΕΝΤΟΥ,ΚΟΖΑΝΗΣ,ΔΥΤΙΚΗΣ ΜΑΚΕΔΟΝΙΑΣ
239,ΤΟΠ. ΚΟΙΝΟΤ,ΑΕΤΟΥ,ΔΗΜΟΣ,ΑΜΥΝΤΑΙΟΥ,ΦΛΩΡΙΝΑΣ,ΔΥΤΙΚΗΣ ΜΑΚΕΔΟΝΙΑΣ
240,ΔΗΜ. ΚΟΙΝΟΤ,ΑΜΥΝΤΑΙΟΥ,ΔΗΜΟΣ,ΑΜΥΝΤΑΙΟΥ,ΦΛΩΡΙΝΑΣ,ΔΥΤΙΚΗΣ ΜΑΚΕΔΟΝΙΑΣ
241,ΤΟΠ. ΚΟΙΝΟΤ,ΒΑΡΙΚΟΥ,ΔΗΜΟΣ,ΑΜΥΝΤΑΙΟΥ,ΦΛΩΡΙΝΑΣ,ΔΥΤΙΚΗΣ ΜΑΚΕΔΟΝΙΑΣ
242,ΤΟΠ. ΚΟΙΝΟΤ,ΛΕΧΟΒΟΥ,ΔΗΜΟΣ,ΑΜΥΝΤΑΙΟΥ,ΦΛΩΡΙΝΑΣ,ΔΥΤΙΚΗΣ ΜΑΚΕΔΟΝΙΑΣ
243,ΤΟΠ. ΚΟΙΝΟΤ,ΝΥΜΦΑΙΟΥ,ΔΗΜΟΣ,ΑΜΥΝΤΑΙΟΥ,ΦΛΩΡΙΝΑΣ,ΔΥΤΙΚΗΣ ΜΑΚΕΔΟΝΙΑΣ
244,ΤΟΠ. ΚΟΙΝΟΤ,ΦΙΛΩΤΑ,ΔΗΜΟΣ,ΑΜΥΝΤΑΙΟΥ,ΦΛΩΡΙΝΑΣ,ΔΥΤΙΚΗΣ ΜΑΚΕΔΟΝΙΑΣ
245,ΤΟΠ. ΚΟΙΝΟΤ,ΚΡΥΣΤΑΛΛΟΠΗΓΗΣ,ΔΗΜΟΣ,ΠΡΕΣΠΩΝ,ΦΛΩΡΙΝΑΣ,ΔΥΤΙΚΗΣ ΜΑΚΕΔΟΝΙΑΣ
246,ΤΟΠ. ΚΟΙΝΟΤ,ΠΡΕΣΠΩΝ,ΔΗΜΟΣ,ΠΡΕΣΠΩΝ,ΦΛΩΡΙΝΑΣ,ΔΥΤΙΚΗΣ ΜΑΚΕΔΟΝΙΑΣ
247,ΤΟΠ. ΚΟΙΝΟΤ,ΚΑΤΩ ΚΛΕΙΝΩΝ,ΔΗΜΟΣ,ΦΛΩΡΙΝΑΣ,ΦΛΩΡΙΝΑΣ,ΔΥΤΙΚΗΣ ΜΑΚΕΔΟΝΙΑΣ
248,ΤΟΠ. ΚΟΙΝΟΤ,ΜΕΛΙΤΗΣ,ΔΗΜΟΣ,ΦΛΩΡΙΝΑΣ,ΦΛΩΡΙΝΑΣ,ΔΥΤΙΚΗΣ ΜΑΚΕΔΟΝΙΑΣ
249,ΤΟΠ. ΚΟΙΝΟΤ,ΠΕΡΑΣΜΑΤΟΣ,ΔΗΜΟΣ,ΦΛΩΡΙΝΑΣ,ΦΛΩΡΙΝΑΣ,ΔΥΤΙΚΗΣ ΜΑΚΕΔΟΝΙΑΣ
250,ΔΗΜ. ΚΟΙΝΟΤ,ΦΛΩΡΙΝΑΣ,ΔΗΜΟΣ,ΦΛΩΡΙΝΑΣ,ΦΛΩΡΙΝΑΣ,ΔΥΤΙΚΗΣ ΜΑΚΕΔΟΝΙΑΣ
251,ΤΟΠ. ΚΟΙΝΟΤ,ΑΜΒΡΑΚΙΚΟΥ,ΔΗΜΟΣ,ΑΡΤΑΙΩΝ,ΑΡΤΑΣ,ΗΠΕΙΡΟΥ
252,ΔΗΜ. ΚΟΙΝΟΤ,ΑΡΤΑΙΩΝ,ΔΗΜΟΣ,ΑΡΤΑΙΩΝ,ΑΡΤΑΣ,ΗΠΕΙΡΟΥ
253,ΤΟΠ. ΚΟΙΝΟΤ,ΒΛΑΧΕΡΝΩΝ,ΔΗΜΟΣ,ΑΡΤΑΙΩΝ,ΑΡΤΑΣ,ΗΠΕΙΡΟΥ
254,ΤΟΠ. ΚΟΙΝΟΤ,ΞΗΡΟΒΟΥΝΙΟΥ,ΔΗΜΟΣ,ΑΡΤΑΙΩΝ,ΑΡΤΑΣ,ΗΠΕΙΡΟΥ
255,ΤΟΠ. ΚΟΙΝΟΤ,ΦΙΛΟΘΕΗΣ,ΔΗΜΟΣ,ΑΡΤΑΙΩΝ,ΑΡΤΑΣ,ΗΠΕΙΡΟΥ
256,ΤΟΠ. ΚΟΙΝΟΤ,ΓΕΩΡΓΙΟΥ ΚΑΡΑΪΣΚΑΚΗ,ΔΗΜΟΣ,ΓΕΩΡΓΙΟΥ ΚΑΡΑΪΣΚΑΚΗ,ΑΡΤΑΣ,ΗΠΕΙΡΟΥ
257,ΤΟΠ. ΚΟΙΝΟΤ,ΗΡΑΚΛΕΙΑΣ,ΔΗΜΟΣ,ΓΕΩΡΓΙΟΥ ΚΑΡΑΪΣΚΑΚΗ,ΑΡΤΑΣ,ΗΠΕΙΡΟΥ
258,ΤΟΠ. ΚΟΙΝΟΤ,ΤΕΤΡΑΦΥΛΙΑΣ,ΔΗΜΟΣ,ΓΕΩΡΓΙΟΥ ΚΑΡΑΪΣΚΑΚΗ,ΑΡΤΑΣ,ΗΠΕΙΡΟΥ
259,ΤΟΠ. ΚΟΙΝΟΤ,ΑΓΝΑΝΤΩΝ,ΔΗΜΟΣ,ΚΕΝΤΡΙΚΩΝ ΤΖΟΥΜΕΡΚΩΝ,ΑΡΤΑΣ,ΗΠΕΙΡΟΥ
260,ΤΟΠ. ΚΟΙΝΟΤ,ΑΘΑΜΑΝΙΑΣ,ΔΗΜΟΣ,ΚΕΝΤΡΙΚΩΝ ΤΖΟΥΜΕΡΚΩΝ,ΑΡΤΑΣ,ΗΠΕΙΡΟΥ
261,ΤΟΠ. ΚΟΙΝΟΤ,ΘΕΟΔΩΡΙΑΝΩΝ,ΔΗΜΟΣ,ΚΕΝΤΡΙΚΩΝ ΤΖΟΥΜΕΡΚΩΝ,ΑΡΤΑΣ,ΗΠΕΙΡΟΥ
262,ΤΟΠ. ΚΟΙΝΟΤ,ΜΕΛΙΣΣΟΥΡΓΩΝ,ΔΗΜΟΣ,ΚΕΝΤΡΙΚΩΝ ΤΖΟΥΜΕΡΚΩΝ,ΑΡΤΑΣ,ΗΠΕΙΡΟΥ
263,ΔΗΜ. ΚΟΙΝΟΤ,ΑΡΑΧΘΟΥ,ΔΗΜΟΣ,ΝΙΚΟΛΑΟΥ ΣΚΟΥΦΑ,ΑΡΤΑΣ,ΗΠΕΙΡΟΥ
264,ΤΟΠ. ΚΟΙΝΟΤ,ΚΟΜΜΕΝΟΥ,ΔΗΜΟΣ,ΝΙΚΟΛΑΟΥ ΣΚΟΥΦΑ,ΑΡΤΑΣ,ΗΠΕΙΡΟΥ
265,ΔΗΜ. ΚΟΙΝΟΤ,ΚΟΜΠΟΤΙΟΥ,ΔΗΜΟΣ,ΝΙΚΟΛΑΟΥ ΣΚΟΥΦΑ,ΑΡΤΑΣ,ΗΠΕΙΡΟΥ
266,ΔΗΜ. ΚΟΙΝΟΤ,ΠΕΤΑ,ΔΗΜΟΣ,ΝΙΚΟΛΑΟΥ ΣΚΟΥΦΑ,ΑΡΤΑΣ,ΗΠΕΙΡΟΥ
267,ΔΗΜ. ΚΟΙΝΟΤ,ΗΓΟΥΜΕΝΙΤΣΗΣ,ΔΗΜΟΣ,ΗΓΟΥΜΕΝΙΤΣΗΣ,ΘΕΣΠΡΩΤΙΑΣ,ΗΠΕΙΡΟΥ
268,ΤΟΠ. ΚΟΙΝΟΤ,ΜΑΡΓΑΡΙΤΙΟΥ,ΔΗΜΟΣ,ΗΓΟΥΜΕΝΙΤΣΗΣ,ΘΕΣΠΡΩΤΙΑΣ,ΗΠΕΙΡΟΥ
269,ΤΟΠ. ΚΟΙΝΟΤ,ΠΑΡΑΠΟΤΑΜΟΥ,ΔΗΜΟΣ,ΗΓΟΥΜΕΝΙΤΣΗΣ,ΘΕΣΠΡΩΤΙΑΣ,ΗΠΕΙΡΟΥ
270,ΔΗΜ. ΚΟΙΝΟΤ,ΠΕΡΔΙΚΑΣ,ΔΗΜΟΣ,ΗΓΟΥΜΕΝΙΤΣΗΣ,ΘΕΣΠΡΩΤΙΑΣ,ΗΠΕΙΡΟΥ
271,ΤΟΠ. ΚΟΙΝΟΤ,ΣΥΒΟΤΩΝ,ΔΗΜΟΣ,ΗΓΟΥΜΕΝΙΤΣΗΣ,ΘΕΣΠΡΩΤΙΑΣ,ΗΠΕΙΡΟΥ
272,ΤΟΠ. ΚΟΙΝΟΤ,ΑΧΕΡΟΝΤΑ,ΔΗΜΟΣ,ΣΟΥΛΙΟΥ,ΘΕΣΠΡΩΤΙΑΣ,ΗΠΕΙΡΟΥ
273,ΔΗΜ. ΚΟΙΝΟΤ,ΠΑΡΑΜΥΘΙΑΣ,ΔΗΜΟΣ,ΣΟΥΛΙΟΥ,ΘΕΣΠΡΩΤΙΑΣ,ΗΠΕΙΡΟΥ
274,ΤΟΠ. ΚΟΙΝΟΤ,ΣΟΥΛΙΟΥ,ΔΗΜΟΣ,ΣΟΥΛΙΟΥ,ΘΕΣΠΡΩΤΙΑΣ,ΗΠΕΙΡΟΥ
275,ΤΟΠ. ΚΟΙΝΟΤ,ΣΑΓΙΑΔΑΣ,ΔΗΜΟΣ,ΦΙΛΙΑΤΩΝ,ΘΕΣΠΡΩΤΙΑΣ,ΗΠΕΙΡΟΥ
276,ΔΗΜ. ΚΟΙΝΟΤ,ΦΙΛΙΑΤΩΝ,ΔΗΜΟΣ,ΦΙΛΙΑΤΩΝ,ΘΕΣΠΡΩΤΙΑΣ,ΗΠΕΙΡΟΥ
277,ΤΟΠ. ΚΟΙΝΟΤ,ΒΑΘΥΠΕΔΟΥ,ΔΗΜΟΣ,ΒΟΡΕΙΩΝ ΤΖΟΥΜΕΡΚΩΝ,ΙΩΑΝΝΙΝΩΝ,ΗΠΕΙΡΟΥ
278,ΤΟΠ. ΚΟΙΝΟΤ,ΚΑΛΑΡΡΥΤΩΝ,ΔΗΜΟΣ,ΒΟΡΕΙΩΝ ΤΖΟΥΜΕΡΚΩΝ,ΙΩΑΝΝΙΝΩΝ,ΗΠΕΙΡΟΥ
279,ΤΟΠ. ΚΟΙΝΟΤ,ΚΑΤΣΑΝΟΧΩΡΙΩΝ,ΔΗΜΟΣ,ΒΟΡΕΙΩΝ ΤΖΟΥΜΕΡΚΩΝ,ΙΩΑΝΝΙΝΩΝ,ΗΠΕΙΡΟΥ
280,ΤΟΠ. ΚΟΙΝΟΤ,ΜΑΤΣΟΥΚΙΟΥ,ΔΗΜΟΣ,ΒΟΡΕΙΩΝ ΤΖΟΥΜΕΡΚΩΝ,ΙΩΑΝΝΙΝΩΝ,ΗΠΕΙΡΟΥ
281,ΤΟΠ. ΚΟΙΝΟΤ,ΠΡΑΜΑΝΤΩΝ,ΔΗΜΟΣ,ΒΟΡΕΙΩΝ ΤΖΟΥΜΕΡΚΩΝ,ΙΩΑΝΝΙΝΩΝ,ΗΠΕΙΡΟΥ
282,ΤΟΠ. ΚΟΙΝΟΤ,ΣΥΡΡΑΚΟΥ,ΔΗΜΟΣ,ΒΟΡΕΙΩΝ ΤΖΟΥΜΕΡΚΩΝ,ΙΩΑΝΝΙΝΩΝ,ΗΠΕΙΡΟΥ
283,ΤΟΠ. ΚΟΙΝΟΤ,ΤΖΟΥΜΕΡΚΩΝ,ΔΗΜΟΣ,ΒΟΡΕΙΩΝ ΤΖΟΥΜΕΡΚΩΝ,ΙΩΑΝΝΙΝΩΝ,ΗΠΕΙΡΟΥ
284,ΤΟΠ. ΚΟΙΝΟΤ,ΑΓΙΟΥ ΔΗΜΗΤΡΙΟΥ,ΔΗΜΟΣ,ΔΩΔΩΝΗΣ,ΙΩΑΝΝΙΝΩΝ,ΗΠΕΙΡΟΥ
285,ΤΟΠ. ΚΟΙΝΟΤ,ΔΩΔΩΝΗΣ,ΔΗΜΟΣ,ΔΩΔΩΝΗΣ,ΙΩΑΝΝΙΝΩΝ,ΗΠΕΙΡΟΥ
286,ΤΟΠ. ΚΟΙΝΟΤ,ΛΑΚΚΑΣ ΣΟΥΛΙΟΥ,ΔΗΜΟΣ,ΔΩΔΩΝΗΣ,ΙΩΑΝΝΙΝΩΝ,ΗΠΕΙΡΟΥ
287,ΤΟΠ. ΚΟΙΝΟΤ,ΣΕΛΛΩΝ,ΔΗΜΟΣ,ΔΩΔΩΝΗΣ,ΙΩΑΝΝΙΝΩΝ,ΗΠΕΙΡΟΥ
288,ΤΟΠ. ΚΟΙΝΟΤ,ΑΝΑΤΟΛΙΚΟΥ ΖΑΓΟΡΙΟΥ,ΔΗΜΟΣ,ΖΑΓΟΡΙΟΥ,ΙΩΑΝΝΙΝΩΝ,ΗΠΕΙΡΟΥ
289,ΤΟΠ. ΚΟΙΝΟΤ,ΒΟΒΟΥΣΗΣ,ΔΗΜΟΣ,ΖΑΓΟΡΙΟΥ,ΙΩΑΝΝΙΝΩΝ,ΗΠΕΙΡΟΥ
290,ΤΟΠ. ΚΟΙΝΟΤ,ΚΕΝΤΡΙΚΟΥ ΖΑΓΟΡΙΟΥ,ΔΗΜΟΣ,ΖΑΓΟΡΙΟΥ,ΙΩΑΝΝΙΝΩΝ,ΗΠΕΙΡΟΥ
291,ΤΟΠ. ΚΟΙΝΟΤ,ΠΑΠΙΓΚΟΥ,ΔΗΜΟΣ,ΖΑΓΟΡΙΟΥ,ΙΩΑΝΝΙΝΩΝ,ΗΠΕΙΡΟΥ
292,ΤΟΠ. ΚΟΙΝΟΤ,ΤΥΜΦΗΣ,ΔΗΜΟΣ,ΖΑΓΟΡΙΟΥ,ΙΩΑΝΝΙΝΩΝ,ΗΠΕΙΡΟΥ
293,ΤΟΠ. ΚΟΙΝΟΤ,ΕΚΑΛΗΣ,ΔΗΜΟΣ,ΖΙΤΣΑΣ,ΙΩΑΝΝΙΝΩΝ,ΗΠΕΙΡΟΥ
294,ΤΟΠ. ΚΟΙΝΟΤ,ΕΥΡΥΜΕΝΩΝ,ΔΗΜΟΣ,ΖΙΤΣΑΣ,ΙΩΑΝΝΙΝΩΝ,ΗΠΕΙΡΟΥ
295,ΤΟΠ. ΚΟΙΝΟΤ,ΖΙΤΣΑΣ,ΔΗΜΟΣ,ΖΙΤΣΑΣ,ΙΩΑΝΝΙΝΩΝ,ΗΠΕΙΡΟΥ
296,ΤΟΠ. ΚΟΙΝΟΤ,ΜΟΛΟΣΣΩΝ,ΔΗΜΟΣ,ΖΙΤΣΑΣ,ΙΩΑΝΝΙΝΩΝ,ΗΠΕΙΡΟΥ
297,ΔΗΜ. ΚΟΙΝΟΤ,ΠΑΣΑΡΩΝΟΣ,ΔΗΜΟΣ,ΖΙΤΣΑΣ,ΙΩΑΝΝΙΝΩΝ,ΗΠΕΙΡΟΥ
298,ΔΗΜ. ΚΟΙΝΟΤ,ΑΝΑΤΟΛΗΣ,ΔΗΜΟΣ,ΙΩΑΝΝΙΤΩΝ,ΙΩΑΝΝΙΝΩΝ,ΗΠΕΙΡΟΥ
299,ΔΗΜ. ΚΟΙΝΟΤ,ΙΩΑΝΝΙΤΩΝ,ΔΗΜΟΣ,ΙΩΑΝΝΙΤΩΝ,ΙΩΑΝΝΙΝΩΝ,ΗΠΕΙΡΟΥ
300,ΔΗΜ. ΚΟΙΝΟΤ,ΜΠΙΖΑΝΙΟΥ,ΔΗΜΟΣ,ΙΩΑΝΝΙΤΩΝ,ΙΩΑΝΝΙΝΩΝ,ΗΠΕΙΡΟΥ
301,ΔΗΜ. ΚΟΙΝΟΤ,ΝΗΣΟΥ ΙΩΑΝΝΙΝΩΝ,ΔΗΜΟΣ,ΙΩΑΝΝΙΤΩΝ,ΙΩΑΝΝΙΝΩΝ,ΗΠΕΙΡΟΥ
302,ΔΗΜ. ΚΟΙΝΟΤ,ΠΑΜΒΩΤΙΔΟΣ,ΔΗΜΟΣ,ΙΩΑΝΝΙΤΩΝ,ΙΩΑΝΝΙΝΩΝ,ΗΠΕΙΡΟΥ
303,ΔΗΜ. ΚΟΙΝΟΤ,ΠΕΡΑΜΑΤΟΣ,ΔΗΜΟΣ,ΙΩΑΝΝΙΤΩΝ,ΙΩΑΝΝΙΝΩΝ,ΗΠΕΙΡΟΥ
304,ΤΟΠ. ΚΟΙΝΟΤ,ΑΕΤΟΜΗΛΙΤΣΗΣ,ΔΗΜΟΣ,ΚΟΝΙΤΣΑΣ,ΙΩΑΝΝΙΝΩΝ,ΗΠΕΙΡΟΥ
305,ΤΟΠ. ΚΟΙΝΟΤ,ΔΙΣΤΡΑΤΟΥ,ΔΗΜΟΣ,ΚΟΝΙΤΣΑΣ,ΙΩΑΝΝΙΝΩΝ,ΗΠΕΙΡΟΥ
306,ΔΗΜ. ΚΟΙΝΟΤ,ΚΟΝΙΤΣΑΣ,ΔΗΜΟΣ,ΚΟΝΙΤΣΑΣ,ΙΩΑΝΝΙΝΩΝ,ΗΠΕΙΡΟΥ
307,ΤΟΠ. ΚΟΙΝΟΤ,ΜΑΣΤΟΡΟΧΩΡΙΩΝ,ΔΗΜΟΣ,ΚΟΝΙΤΣΑΣ,ΙΩΑΝΝΙΝΩΝ,ΗΠΕΙΡΟΥ
308,ΤΟΠ. ΚΟΙΝΟΤ,ΦΟΥΡΚΑΣ,ΔΗΜΟΣ,ΚΟΝΙΤΣΑΣ,ΙΩΑΝΝΙΝΩΝ,ΗΠΕΙΡΟΥ
309,ΤΟΠ. ΚΟΙΝΟΤ,ΕΓΝΑΤΙΑΣ,ΔΗΜΟΣ,ΜΕΤΣΟΒΟΥ,ΙΩΑΝΝΙΝΩΝ,ΗΠΕΙΡΟΥ
310,ΔΗΜ. ΚΟΙΝΟΤ,ΜΕΤΣΟΒΟΥ,ΔΗΜΟΣ,ΜΕΤΣΟΒΟΥ,ΙΩΑΝΝΙΝΩΝ,ΗΠΕΙΡΟΥ
311,ΤΟΠ. ΚΟΙΝΟΤ,ΜΗΛΕΑΣ,ΔΗΜΟΣ,ΜΕΤΣΟΒΟΥ,ΙΩΑΝΝΙΝΩΝ,ΗΠΕΙΡΟΥ
312,ΤΟΠ. ΚΟΙΝΟΤ,ΑΝΩ ΚΑΛΑΜΑ,ΔΗΜΟΣ,ΠΩΓΩΝΙΟΥ,ΙΩΑΝΝΙΝΩΝ,ΗΠΕΙΡΟΥ
313,ΤΟΠ. ΚΟΙΝΟΤ,ΑΝΩ ΠΩΓΩΝΙΟΥ,ΔΗΜΟΣ,ΠΩΓΩΝΙΟΥ,ΙΩΑΝΝΙΝΩΝ,ΗΠΕΙΡΟΥ
314,ΤΟΠ. ΚΟΙΝΟΤ,ΔΕΛΒΙΝΑΚΙΟΥ,ΔΗΜΟΣ,ΠΩΓΩΝΙΟΥ,ΙΩΑΝΝΙΝΩΝ,ΗΠΕΙΡΟΥ
315,ΤΟΠ. ΚΟΙΝΟΤ,ΚΑΛΠΑΚΙΟΥ,ΔΗΜΟΣ,ΠΩΓΩΝΙΟΥ,ΙΩΑΝΝΙΝΩΝ,ΗΠΕΙΡΟΥ
316,ΤΟΠ. ΚΟΙΝΟΤ,ΛΑΒΔΑΝΗΣ,ΔΗΜΟΣ,ΠΩΓΩΝΙΟΥ,ΙΩΑΝΝΙΝΩΝ,ΗΠΕΙΡΟΥ
317,ΤΟΠ. ΚΟΙΝΟΤ,ΠΩΓΩΝΙΑΝΗΣ,ΔΗΜΟΣ,ΠΩΓΩΝΙΟΥ,ΙΩΑΝΝΙΝΩΝ,ΗΠΕΙΡΟΥ
318,ΤΟΠ. ΚΟΙΝΟΤ,ΑΝΩΓΕΙΟΥ,ΔΗΜΟΣ,ΖΗΡΟΥ,ΠΡΕΒΕΖΑΣ,ΗΠΕΙΡΟΥ
319,ΤΟΠ. ΚΟΙΝΟΤ,ΘΕΣΠΡΩΤΙΚΟΥ,ΔΗΜΟΣ,ΖΗΡΟΥ,ΠΡΕΒΕΖΑΣ,ΗΠΕΙΡΟΥ
320,ΤΟΠ. ΚΟΙΝΟΤ,ΚΡΑΝΕΑΣ,ΔΗΜΟΣ,ΖΗΡΟΥ,ΠΡΕΒΕΖΑΣ,ΗΠΕΙΡΟΥ
321,ΔΗΜ. ΚΟΙΝΟΤ,ΦΙΛΙΠΠΙΑΔΟΣ,ΔΗΜΟΣ,ΖΗΡΟΥ,ΠΡΕΒΕΖΑΣ,ΗΠΕΙΡΟΥ
322,ΔΗΜ. ΚΟΙΝΟΤ,ΠΑΡΓΑΣ,ΔΗΜΟΣ,ΠΑΡΓΑΣ,ΠΡΕΒΕΖΑΣ,ΗΠΕΙΡΟΥ
323,ΔΗΜ. ΚΟΙΝΟΤ,ΦΑΝΑΡΙΟΥ,ΔΗΜΟΣ,ΠΑΡΓΑΣ,ΠΡΕΒΕΖΑΣ,ΗΠΕΙΡΟΥ
324,ΤΟΠ. ΚΟΙΝΟΤ,ΖΑΛΟΓΓΟΥ,ΔΗΜΟΣ,ΠΡΕΒΕΖΗΣ,ΠΡΕΒΕΖΑΣ,ΗΠΕΙΡΟΥ
325,ΔΗΜ. ΚΟΙΝΟΤ,ΛΟΥΡΟΥ,ΔΗΜΟΣ,ΠΡΕΒΕΖΗΣ,ΠΡΕΒΕΖΑΣ,ΗΠΕΙΡΟΥ
326,ΔΗΜ. ΚΟΙΝΟΤ,ΠΡΕΒΕΖΗΣ,ΔΗΜΟΣ,ΠΡΕΒΕΖΗΣ,ΠΡΕΒΕΖΑΣ,ΗΠΕΙΡΟΥ
327,ΤΟΠ. ΚΟΙΝΟΤ,ΑΝΑΤΟΛΙΚΗΣ ΑΡΓΙΘΕΑΣ,ΔΗΜΟΣ,ΑΡΓΙΘΕΑΣ,ΚΑΡΔΙΤΣΑΣ,ΘΕΣΣΑΛΙΑΣ
328,ΤΟΠ. ΚΟΙΝΟΤ,ΑΡΓΙΘΕΑΣ,ΔΗΜΟΣ,ΑΡΓΙΘΕΑΣ,ΚΑΡΔΙΤΣΑΣ,ΘΕΣΣΑΛΙΑΣ
329,ΤΟΠ. ΚΟΙΝΟΤ,ΑΧΕΛΩΟΥ,ΔΗΜΟΣ,ΑΡΓΙΘΕΑΣ,ΚΑΡΔΙΤΣΑΣ,ΘΕΣΣΑΛΙΑΣ
330,ΤΟΠ. ΚΟΙΝΟΤ,ΙΤΑΜΟΥ,ΔΗΜΟΣ,ΚΑΡΔΙΤΣΑΣ,ΚΑΡΔΙΤΣΑΣ,ΘΕΣΣΑΛΙΑΣ
331,ΤΟΠ. ΚΟΙΝΟΤ,ΚΑΛΛΙΦΩΝΙΟΥ,ΔΗΜΟΣ,ΚΑΡΔΙΤΣΑΣ,ΚΑΡΔΙΤΣΑΣ,ΘΕΣΣΑΛΙΑΣ
332,ΤΟΠ. ΚΟΙΝΟΤ,ΚΑΜΠΟΥ,ΔΗΜΟΣ,ΚΑΡΔΙΤΣΑΣ,ΚΑΡΔΙΤΣΑΣ,ΘΕΣΣΑΛΙΑΣ
333,ΔΗΜ. ΚΟΙΝΟΤ,ΚΑΡΔΙΤΣΑΣ,ΔΗΜΟΣ,ΚΑΡΔΙΤΣΑΣ,ΚΑΡΔΙΤΣΑΣ,ΘΕΣΣΑΛΙΑΣ
334,ΤΟΠ. ΚΟΙΝΟΤ,ΜΗΤΡΟΠΟΛΗΣ,ΔΗΜΟΣ,ΚΑΡΔΙΤΣΑΣ,ΚΑΡΔΙΤΣΑΣ,ΘΕΣΣΑΛΙΑΣ
335,ΤΟΠ. ΚΟΙΝΟΤ,ΝΕΒΡΟΠΟΛΗΣ ΑΓΡΑΦΩΝ,ΔΗΜΟΣ,ΛΙΜΝΗΣ ΠΛΑΣΤΗΡΑ,ΚΑΡΔΙΤΣΑΣ,ΘΕΣΣΑΛΙΑΣ
336,ΤΟΠ. ΚΟΙΝΟΤ,ΠΛΑΣΤΗΡΑ,ΔΗΜΟΣ,ΛΙΜΝΗΣ ΠΛΑΣΤΗΡΑ,ΚΑΡΔΙΤΣΑΣ,ΘΕΣΣΑΛΙΑΣ
337,ΤΟΠ. ΚΟΙΝΟΤ,ΙΘΩΜΗΣ,ΔΗΜΟΣ,ΜΟΥΖΑΚΙΟΥ,ΚΑΡΔΙΤΣΑΣ,ΘΕΣΣΑΛΙΑΣ
338,ΔΗΜ. ΚΟΙΝΟΤ,ΜΟΥΖΑΚΙΟΥ,ΔΗΜΟΣ,ΜΟΥΖΑΚΙΟΥ,ΚΑΡΔΙΤΣΑΣ,ΘΕΣΣΑΛΙΑΣ
339,ΤΟΠ. ΚΟΙΝΟΤ,ΠΑΜΙΣΟΥ,ΔΗΜΟΣ,ΜΟΥΖΑΚΙΟΥ,ΚΑΡΔΙΤΣΑΣ,ΘΕΣΣΑΛΙΑΣ
340,ΔΗΜ. ΚΟΙΝΟΤ,ΠΑΛΑΜΑ,ΔΗΜΟΣ,ΠΑΛΑΜΑ,ΚΑΡΔΙΤΣΑΣ,ΘΕΣΣΑΛΙΑΣ
341,ΤΟΠ. ΚΟΙΝΟΤ,ΣΕΛΛΑΝΩΝ,ΔΗΜΟΣ,ΠΑΛΑΜΑ,ΚΑΡΔΙΤΣΑΣ,ΘΕΣΣΑΛΙΑΣ
342,ΤΟΠ. ΚΟΙΝΟΤ,ΦΥΛΛΟΥ,ΔΗΜΟΣ,ΠΑΛΑΜΑ,ΚΑΡΔΙΤΣΑΣ,ΘΕΣΣΑΛΙΑΣ
343,ΤΟΠ. ΚΟΙΝΟΤ,ΑΡΝΗΣ,ΔΗΜΟΣ,ΣΟΦΑΔΩΝ,ΚΑΡΔΙΤΣΑΣ,ΘΕΣΣΑΛΙΑΣ
344,ΤΟΠ. ΚΟΙΝΟΤ,ΜΕΝΕΛΑΪΔΑΣ,ΔΗΜΟΣ,ΣΟΦΑΔΩΝ,ΚΑΡΔΙΤΣΑΣ,ΘΕΣΣΑΛΙΑΣ
345,ΤΟΠ. ΚΟΙΝΟΤ,ΡΕΝΤΙΝΗΣ,ΔΗΜΟΣ,ΣΟΦΑΔΩΝ,ΚΑΡΔΙΤΣΑΣ,ΘΕΣΣΑΛΙΑΣ
346,ΔΗΜ. ΚΟΙΝΟΤ,ΣΟΦΑΔΩΝ,ΔΗΜΟΣ,ΣΟΦΑΔΩΝ,ΚΑΡΔΙΤΣΑΣ,ΘΕΣΣΑΛΙΑΣ
347,ΤΟΠ. ΚΟΙΝΟΤ,ΤΑΜΑΣΙΟΥ,ΔΗΜΟΣ,ΣΟΦΑΔΩΝ,ΚΑΡΔΙΤΣΑΣ,ΘΕΣΣΑΛΙΑΣ
348,ΔΗΜ. ΚΟΙΝΟΤ,ΑΓΙΑΣ,ΔΗΜΟΣ,ΑΓΙΑΣ,ΛΑΡΙΣΑΣ,ΘΕΣΣΑΛΙΑΣ
349,ΤΟΠ. ΚΟΙΝΟΤ,ΕΥΡΥΜΕΝΩΝ,ΔΗΜΟΣ,ΑΓΙΑΣ,ΛΑΡΙΣΑΣ,ΘΕΣΣΑΛΙΑΣ
350,ΤΟΠ. ΚΟΙΝΟΤ,ΛΑΚΕΡΕΙΑΣ,ΔΗΜΟΣ,ΑΓΙΑΣ,ΛΑΡΙΣΑΣ,ΘΕΣΣΑΛΙΑΣ
351,ΤΟΠ. ΚΟΙΝΟΤ,ΜΕΛΙΒΟΙΑΣ,ΔΗΜΟΣ,ΑΓΙΑΣ,ΛΑΡΙΣΑΣ,ΘΕΣΣΑΛΙΑΣ
352,ΔΗΜ. ΚΟΙΝΟΤ,ΑΝΤΙΧΑΣΙΩΝ,ΔΗΜΟΣ,ΕΛΑΣΣΟΝΑΣ,ΛΑΡΙΣΑΣ,ΘΕΣΣΑΛΙΑΣ
353,ΔΗΜ. ΚΟΙΝΟΤ,ΒΕΡΔΙΚΟΥΣΗΣ,ΔΗΜΟΣ,ΕΛΑΣΣΟΝΑΣ,ΛΑΡΙΣΑΣ,ΘΕΣΣΑΛΙΑΣ
354,ΔΗΜ. ΚΟΙΝΟΤ,ΕΛΑΣΣΟΝΑΣ,ΔΗΜΟΣ,ΕΛΑΣΣΟΝΑΣ,ΛΑΡΙΣΑΣ,ΘΕΣΣΑΛΙΑΣ
355,ΤΟΠ. ΚΟΙΝΟΤ,ΚΑΡΥΑΣ,ΔΗΜΟΣ,ΕΛΑΣΣΟΝΑΣ,ΛΑΡΙΣΑΣ,ΘΕΣΣΑΛΙΑΣ
356,ΔΗΜ. ΚΟΙΝΟΤ,ΛΙΒΑΔΙΟΥ,ΔΗΜΟΣ,ΕΛΑΣΣΟΝΑΣ,ΛΑΡΙΣΑΣ,ΘΕΣΣΑΛΙΑΣ
357,ΤΟΠ. ΚΟΙΝΟΤ,ΟΛΥΜΠΟΥ,ΔΗΜΟΣ,ΕΛΑΣΣΟΝΑΣ,ΛΑΡΙΣΑΣ,ΘΕΣΣΑΛΙΑΣ
358,ΤΟΠ. ΚΟΙΝΟΤ,ΠΟΤΑΜΙΑΣ,ΔΗΜΟΣ,ΕΛΑΣΣΟΝΑΣ,ΛΑΡΙΣΑΣ,ΘΕΣΣΑΛΙΑΣ
359,ΤΟΠ. ΚΟΙΝΟΤ,ΣΑΡΑΝΤΑΠΟΡΟΥ,ΔΗΜΟΣ,ΕΛΑΣΣΟΝΑΣ,ΛΑΡΙΣΑΣ,ΘΕΣΣΑΛΙΑΣ
360,ΔΗΜ. ΚΟΙΝΟΤ,ΤΣΑΡΙΤΣΑΝΗΣ,ΔΗΜΟΣ,ΕΛΑΣΣΟΝΑΣ,ΛΑΡΙΣΑΣ,ΘΕΣΣΑΛΙΑΣ
361,ΤΟΠ. ΚΟΙΝΟΤ,ΑΡΜΕΝΙΟΥ,ΔΗΜΟΣ,ΚΙΛΕΛΕΡ,ΛΑΡΙΣΑΣ,ΘΕΣΣΑΛΙΑΣ
362,ΤΟΠ. ΚΟΙΝΟΤ,ΚΙΛΕΛΕΡ,ΔΗΜΟΣ,ΚΙΛΕΛΕΡ,ΛΑΡΙΣΑΣ,ΘΕΣΣΑΛΙΑΣ
363,ΤΟΠ. ΚΟΙΝΟΤ,ΚΡΑΝΝΩΝΟΣ,ΔΗΜΟΣ,ΚΙΛΕΛΕΡ,ΛΑΡΙΣΑΣ,ΘΕΣΣΑΛΙΑΣ
364,ΔΗΜ. ΚΟΙΝΟΤ,ΝΙΚΑΙΑΣ,ΔΗΜΟΣ,ΚΙΛΕΛΕΡ,ΛΑΡΙΣΑΣ,ΘΕΣΣΑΛΙΑΣ
365,ΤΟΠ. ΚΟΙΝΟΤ,ΠΛΑΤΥΚΑΜΠΟΥ,ΔΗΜΟΣ,ΚΙΛΕΛΕΡ,ΛΑΡΙΣΑΣ,ΘΕΣΣΑΛΙΑΣ
366,ΔΗΜ. ΚΟΙΝΟΤ,ΓΙΑΝΝΟΥΛΗΣ,ΔΗΜΟΣ,ΛΑΡΙΣΑΙΩΝ,ΛΑΡΙΣΑΣ,ΘΕΣΣΑΛΙΑΣ
367,ΤΟΠ. ΚΟΙΝΟΤ,ΚΟΙΛΑΔΑΣ,ΔΗΜΟΣ,ΛΑΡΙΣΑΙΩΝ,ΛΑΡΙΣΑΣ,ΘΕΣΣΑΛΙΑΣ
368,ΔΗΜ. ΚΟΙΝΟΤ,ΛΑΡΙΣΑΙΩΝ,ΔΗΜΟΣ,ΛΑΡΙΣΑΙΩΝ,ΛΑΡΙΣΑΣ,ΘΕΣΣΑΛΙΑΣ
369,ΤΟΠ. ΚΟΙΝΟΤ,ΑΜΠΕΛΑΚΙΩΝ,ΔΗΜΟΣ,ΤΕΜΠΩΝ,ΛΑΡΙΣΑΣ,ΘΕΣΣΑΛΙΑΣ
370,ΔΗΜ. ΚΟΙΝΟΤ,ΓΟΝΝΩΝ,ΔΗΜΟΣ,ΤΕΜΠΩΝ,ΛΑΡΙΣΑΣ,ΘΕΣΣΑΛΙΑΣ
371,ΤΟΠ. ΚΟΙΝΟΤ,ΚΑΤΩ ΟΛΥΜΠΟΥ,ΔΗΜΟΣ,ΤΕΜΠΩΝ,ΛΑΡΙΣΑΣ,ΘΕΣΣΑΛΙΑΣ
372,ΤΟΠ. ΚΟΙΝΟΤ,ΜΑΚΡΥΧΩΡΙΟΥ,ΔΗΜΟΣ,ΤΕΜΠΩΝ,ΛΑΡΙΣΑΣ,ΘΕΣΣΑΛΙΑΣ
373,ΔΗΜ. ΚΟΙΝΟΤ,ΝΕΣΣΩΝΟΣ,ΔΗΜΟΣ,ΤΕΜΠΩΝ,ΛΑΡΙΣΑΣ,ΘΕΣΣΑΛΙΑΣ
374,ΔΗΜ. ΚΟΙΝΟΤ,ΑΜΠΕΛΩΝΟΣ,ΔΗΜΟΣ,ΤΥΡΝΑΒΟΥ,ΛΑΡΙΣΑΣ,ΘΕΣΣΑΛΙΑΣ
375,ΔΗΜ. ΚΟΙΝΟΤ,ΤΥΡΝΑΒΟΥ,ΔΗΜΟΣ,ΤΥΡΝΑΒΟΥ,ΛΑΡΙΣΑΣ,ΘΕΣΣΑΛΙΑΣ
376,ΤΟΠ. ΚΟΙΝΟΤ,ΕΝΙΠΠΕΑ,ΔΗΜΟΣ,ΦΑΡΣΑΛΩΝ,ΛΑΡΙΣΑΣ,ΘΕΣΣΑΛΙΑΣ
377,ΤΟΠ. ΚΟΙΝΟΤ,ΝΑΡΘΑΚΙΟΥ,ΔΗΜΟΣ,ΦΑΡΣΑΛΩΝ,ΛΑΡΙΣΑΣ,ΘΕΣΣΑΛΙΑΣ
378,ΤΟΠ. ΚΟΙΝΟΤ,ΠΟΛΥΔΑΜΑΝΤΑ,ΔΗΜΟΣ,ΦΑΡΣΑΛΩΝ,ΛΑΡΙΣΑΣ,ΘΕΣΣΑΛΙΑΣ
379,ΔΗΜ. ΚΟΙΝΟΤ,ΦΑΡΣΑΛΩΝ,ΔΗΜΟΣ,ΦΑΡΣΑΛΩΝ,ΛΑΡΙΣΑΣ,ΘΕΣΣΑΛΙΑΣ
380,ΔΗΜ. ΚΟΙΝΟΤ,ΑΛΜΥΡΟΥ,ΔΗΜΟΣ,ΑΛΜΥΡΟΥ,ΜΑΓΝΗΣΙΑΣ,ΘΕΣΣΑΛΙΑΣ
381,ΤΟΠ. ΚΟΙΝΟΤ,ΑΝΑΒΡΑΣ,ΔΗΜΟΣ,ΑΛΜΥΡΟΥ,ΜΑΓΝΗΣΙΑΣ,ΘΕΣΣΑΛΙΑΣ
382,ΤΟΠ. ΚΟΙΝΟΤ,ΠΤΕΛΕΟΥ,ΔΗΜΟΣ,ΑΛΜΥΡΟΥ,ΜΑΓΝΗΣΙΑΣ,ΘΕΣΣΑΛΙΑΣ
383,ΔΗΜ. ΚΟΙΝΟΤ,ΣΟΥΡΠΗΣ,ΔΗΜΟΣ,ΑΛΜΥΡΟΥ,ΜΑΓΝΗΣΙΑΣ,ΘΕΣΣΑΛΙΑΣ
384,ΔΗΜ. ΚΟΙΝΟΤ,ΑΓΡΙΑΣ,ΔΗΜΟΣ,ΒΟΛΟΥ,ΜΑΓΝΗΣΙΑΣ,ΘΕΣΣΑΛΙΑΣ
385,ΔΗΜ. ΚΟΙΝΟΤ,ΑΙΣΩΝΙΑΣ,ΔΗΜΟΣ,ΒΟΛΟΥ,ΜΑΓΝΗΣΙΑΣ,ΘΕΣΣΑΛΙΑΣ
386,ΤΟΠ. ΚΟΙΝΟΤ,ΑΡΤΕΜΙΔΑΣ,ΔΗΜΟΣ,ΒΟΛΟΥ,ΜΑΓΝΗΣΙΑΣ,ΘΕΣΣΑΛΙΑΣ
387,ΔΗΜ. ΚΟΙΝΟΤ,ΒΟΛΟΥ,ΔΗΜΟΣ,ΒΟΛΟΥ,ΜΑΓΝΗΣΙΑΣ,ΘΕΣΣΑΛΙΑΣ
388,ΤΟΠ. ΚΟΙΝΟΤ,ΙΩΛΚΟΥ,ΔΗΜΟΣ,ΒΟΛΟΥ,ΜΑΓΝΗΣΙΑΣ,ΘΕΣΣΑΛΙΑΣ
389,ΤΟΠ. ΚΟΙΝΟΤ,ΜΑΚΡΙΝΙΤΣΗΣ,ΔΗΜΟΣ,ΒΟΛΟΥ,ΜΑΓΝΗΣΙΑΣ,ΘΕΣΣΑΛΙΑΣ
390,ΔΗΜ. ΚΟΙΝΟΤ,ΝΕΑΣ ΑΓΧΙΑΛΟΥ,ΔΗΜΟΣ,ΒΟΛΟΥ,ΜΑΓΝΗΣΙΑΣ,ΘΕΣΣΑΛΙΑΣ
391,ΔΗΜ. ΚΟΙΝΟΤ,ΝΕΑΣ ΙΩΝΙΑΣ,ΔΗΜΟΣ,ΒΟΛΟΥ,ΜΑΓΝΗΣΙΑΣ,ΘΕΣΣΑΛΙΑΣ
392,ΤΟΠ. ΚΟΙΝΟΤ,ΠΟΡΤΑΡΙΑΣ,ΔΗΜΟΣ,ΒΟΛΟΥ,ΜΑΓΝΗΣΙΑΣ,ΘΕΣΣΑΛΙΑΣ
393,ΔΗΜ. ΚΟΙΝΟΤ,ΖΑΓΟΡΑΣ,ΔΗΜΟΣ,ΖΑΓΟΡΑΣ-ΜΟΥΡΕΣΙΟΥ,ΜΑΓΝΗΣΙΑΣ,ΘΕΣΣΑΛΙΑΣ
394,ΤΟΠ. ΚΟΙΝΟΤ,ΜΟΥΡΕΣΙΟΥ,ΔΗΜΟΣ,ΖΑΓΟΡΑΣ-ΜΟΥΡΕΣΙΟΥ,ΜΑΓΝΗΣΙΑΣ,ΘΕΣΣΑΛΙΑΣ
395,ΤΟΠ. ΚΟΙΝΟΤ,ΑΡΓΑΛΑΣΤΗΣ,ΔΗΜΟΣ,ΝΟΤΙΟΥ ΠΗΛΙΟΥ,ΜΑΓΝΗΣΙΑΣ,ΘΕΣΣΑΛΙΑΣ
396,ΤΟΠ. ΚΟΙΝΟΤ,ΑΦΕΤΩΝ,ΔΗΜΟΣ,ΝΟΤΙΟΥ ΠΗΛΙΟΥ,ΜΑΓΝΗΣΙΑΣ,ΘΕΣΣΑΛΙΑΣ
397,ΤΟΠ. ΚΟΙΝΟΤ,ΜΗΛΕΩΝ,ΔΗΜΟΣ,ΝΟΤΙΟΥ ΠΗΛΙΟΥ,ΜΑΓΝΗΣΙΑΣ,ΘΕΣΣΑΛΙΑΣ
398,ΤΟΠ. ΚΟΙΝΟΤ,ΣΗΠΙΑΔΟΣ,ΔΗΜΟΣ,ΝΟΤΙΟΥ ΠΗΛΙΟΥ,ΜΑΓΝΗΣΙΑΣ,ΘΕΣΣΑΛΙΑΣ
399,ΤΟΠ. ΚΟΙΝΟΤ,ΤΡΙΚΕΡΙΟΥ,ΔΗΜΟΣ,ΝΟΤΙΟΥ ΠΗΛΙΟΥ,ΜΑΓΝΗΣΙΑΣ,ΘΕΣΣΑΛΙΑΣ
400,ΤΟΠ. ΚΟΙΝΟΤ,ΚΑΡΛΑΣ,ΔΗΜΟΣ,ΡΗΓΑ ΦΕΡΡΑΙΟΥ,ΜΑΓΝΗΣΙΑΣ,ΘΕΣΣΑΛΙΑΣ
401,ΤΟΠ. ΚΟΙΝΟΤ,ΚΕΡΑΜΙΔΙΟΥ,ΔΗΜΟΣ,ΡΗΓΑ ΦΕΡΡΑΙΟΥ,ΜΑΓΝΗΣΙΑΣ,ΘΕΣΣΑΛΙΑΣ
402,ΔΗΜ. ΚΟΙΝΟΤ,ΦΕΡΩΝ,ΔΗΜΟΣ,ΡΗΓΑ ΦΕΡΡΑΙΟΥ,ΜΑΓΝΗΣΙΑΣ,ΘΕΣΣΑΛΙΑΣ
403,ΔΗΜ. ΚΟΙΝΟΤ,ΑΛΟΝΝΗΣΟΥ,ΔΗΜΟΣ,ΑΛΟΝΝΗΣΟΥ,ΣΠΟΡΑΔΩΝ,ΘΕΣΣΑΛΙΑΣ
404,ΔΗΜ. ΚΟΙΝΟΤ,ΣΚΙΑΘΟΥ,ΔΗΜΟΣ,ΣΚΙΑΘΟΥ,ΣΠΟΡΑΔΩΝ,ΘΕΣΣΑΛΙΑΣ
405,ΔΗΜ. ΚΟΙΝΟΤ,ΣΚΟΠΕΛΟΥ,ΔΗΜΟΣ,ΣΚΟΠΕΛΟΥ,ΣΠΟΡΑΔΩΝ,ΘΕΣΣΑΛΙΑΣ
406,ΤΟΠ. ΚΟΙΝΟΤ,ΑΣΠΡΟΠΟΤΑΜΟΥ,ΔΗΜΟΣ,ΚΑΛΑΜΠΑΚΑΣ,ΤΡΙΚΑΛΩΝ,ΘΕΣΣΑΛΙΑΣ
407,ΤΟΠ. ΚΟΙΝΟΤ,ΒΑΣΙΛΙΚΗΣ,ΔΗΜΟΣ,ΚΑΛΑΜΠΑΚΑΣ,ΤΡΙΚΑΛΩΝ,ΘΕΣΣΑΛΙΑΣ
408,ΔΗΜ. ΚΟΙΝΟΤ,ΚΑΛΑΜΠΑΚΑΣ,ΔΗΜΟΣ,ΚΑΛΑΜΠΑΚΑΣ,ΤΡΙΚΑΛΩΝ,ΘΕΣΣΑΛΙΑΣ
409,ΤΟΠ. ΚΟΙΝΟΤ,ΚΑΣΤΑΝΙΑΣ,ΔΗΜΟΣ,ΚΑΛΑΜΠΑΚΑΣ,ΤΡΙΚΑΛΩΝ,ΘΕΣΣΑΛΙΑΣ
410,ΤΟΠ. ΚΟΙΝΟΤ,ΚΛΕΙΝΟΒΟΥ,ΔΗΜΟΣ,ΚΑΛΑΜΠΑΚΑΣ,ΤΡΙΚΑΛΩΝ,ΘΕΣΣΑΛΙΑΣ
411,ΤΟΠ. ΚΟΙΝΟΤ,ΜΑΛΑΚΑΣΙΟΥ,ΔΗΜΟΣ,ΚΑΛΑΜΠΑΚΑΣ,ΤΡΙΚΑΛΩΝ,ΘΕΣΣΑΛΙΑΣ
412,ΤΟΠ. ΚΟΙΝΟΤ,ΤΥΜΦΑΙΩΝ,ΔΗΜΟΣ,ΚΑΛΑΜΠΑΚΑΣ,ΤΡΙΚΑΛΩΝ,ΘΕΣΣΑΛΙΑΣ
413,ΤΟΠ. ΚΟΙΝΟΤ,ΧΑΣΙΩΝ,ΔΗΜΟΣ,ΚΑΛΑΜΠΑΚΑΣ,ΤΡΙΚΑΛΩΝ,ΘΕΣΣΑΛΙΑΣ
414,ΤΟΠ. ΚΟΙΝΟΤ,ΑΙΘΗΚΩΝ,ΔΗΜΟΣ,ΠΥΛΗΣ,ΤΡΙΚΑΛΩΝ,ΘΕΣΣΑΛΙΑΣ
415,ΤΟΠ. ΚΟΙΝΟΤ,ΓΟΜΦΩΝ,ΔΗΜΟΣ,ΠΥΛΗΣ,ΤΡΙΚΑΛΩΝ,ΘΕΣΣΑΛΙΑΣ
416,ΤΟΠ. ΚΟΙΝΟΤ,ΜΥΡΟΦΥΛΛΟΥ,ΔΗΜΟΣ,ΠΥΛΗΣ,ΤΡΙΚΑΛΩΝ,ΘΕΣΣΑΛΙΑΣ
417,ΤΟΠ. ΚΟΙΝΟΤ,ΝΕΡΑΙΔΑΣ,ΔΗΜΟΣ,ΠΥΛΗΣ,ΤΡΙΚΑΛΩΝ,ΘΕΣΣΑΛΙΑΣ
418,ΤΟΠ. ΚΟΙΝΟΤ,ΠΙΑΛΕΙΩΝ,ΔΗΜΟΣ,ΠΥΛΗΣ,ΤΡΙΚΑΛΩΝ,ΘΕΣΣΑΛΙΑΣ
419,ΤΟΠ. ΚΟΙΝΟΤ,ΠΙΝΔΕΩΝ,ΔΗΜΟΣ,ΠΥΛΗΣ,ΤΡΙΚΑΛΩΝ,ΘΕΣΣΑΛΙΑΣ
420,ΤΟΠ. ΚΟΙΝΟΤ,ΠΥΛΗΣ,ΔΗΜΟΣ,ΠΥΛΗΣ,ΤΡΙΚΑΛΩΝ,ΘΕΣΣΑΛΙΑΣ
421,ΤΟΠ. ΚΟΙΝΟΤ,ΕΣΤΙΑΙΩΤΙΔΑΣ,ΔΗΜΟΣ,ΤΡΙΚΚΑΙΩΝ,ΤΡΙΚΑΛΩΝ,ΘΕΣΣΑΛΙΑΣ
422,ΤΟΠ. ΚΟΙΝΟΤ,ΚΑΛΛΙΔΕΝΔΡΟΥ,ΔΗΜΟΣ,ΤΡΙΚΚΑΙΩΝ,ΤΡΙΚΑΛΩΝ,ΘΕΣΣΑΛΙΑΣ
423,ΤΟΠ. ΚΟΙΝΟΤ,ΚΟΖΙΑΚΑ,ΔΗΜΟΣ,ΤΡΙΚΚΑΙΩΝ,ΤΡΙΚΑΛΩΝ,ΘΕΣΣΑΛΙΑΣ
424,ΔΗΜ. ΚΟΙΝΟΤ,ΜΕΓΑΛΩΝ ΚΑΛΥΒΙΩΝ,ΔΗΜΟΣ,ΤΡΙΚΚΑΙΩΝ,ΤΡΙΚΑΛΩΝ,ΘΕΣΣΑΛΙΑΣ
425,ΤΟΠ. ΚΟΙΝΟΤ,ΠΑΛΗΟΚΑΣΤΡΟΥ,ΔΗΜΟΣ,ΤΡΙΚΚΑΙΩΝ,ΤΡΙΚΑΛΩΝ,ΘΕΣΣΑΛΙΑΣ
426,ΤΟΠ. ΚΟΙΝΟΤ,ΠΑΡΑΛΗΘΑΙΩΝ,ΔΗΜΟΣ,ΤΡΙΚΚΑΙΩΝ,ΤΡΙΚΑΛΩΝ,ΘΕΣΣΑΛΙΑΣ
427,ΔΗΜ. ΚΟΙΝΟΤ,ΤΡΙΚΚΑΙΩΝ,ΔΗΜΟΣ,ΤΡΙΚΚΑΙΩΝ,ΤΡΙΚΑΛΩΝ,ΘΕΣΣΑΛΙΑΣ
428,ΤΟΠ. ΚΟΙΝΟΤ,ΦΑΛΩΡΕΙΑΣ,ΔΗΜΟΣ,ΤΡΙΚΚΑΙΩΝ,ΤΡΙΚΑΛΩΝ,ΘΕΣΣΑΛΙΑΣ
429,ΔΗΜ. ΚΟΙΝΟΤ,ΟΙΧΑΛΙΑΣ,ΔΗΜΟΣ,ΦΑΡΚΑΔΟΝΑΣ,ΤΡΙΚΑΛΩΝ,ΘΕΣΣΑΛΙΑΣ
430,ΤΟΠ. ΚΟΙΝΟΤ,ΠΕΛΙΝΝΑΙΩΝ,ΔΗΜΟΣ,ΦΑΡΚΑΔΟΝΑΣ,ΤΡΙΚΑΛΩΝ,ΘΕΣΣΑΛΙΑΣ
431,ΔΗΜ. ΚΟΙΝΟΤ,ΦΑΡΚΑΔΟΝΑΣ,ΔΗΜΟΣ,ΦΑΡΚΑΔΟΝΑΣ,ΤΡΙΚΑΛΩΝ,ΘΕΣΣΑΛΙΑΣ
432,ΔΗΜ. ΚΟΙΝΟΤ,ΑΛΥΚΩΝ,ΔΗΜΟΣ,ΖΑΚΥΝΘΟΥ,ΖΑΚΥΝΘΟΥ,ΙΟΝΙΩΝ ΝΗΣΩΝ
433,ΤΟΠ. ΚΟΙΝΟΤ,ΑΡΚΑΔΙΩΝ,ΔΗΜΟΣ,ΖΑΚΥΝΘΟΥ,ΖΑΚΥΝΘΟΥ,ΙΟΝΙΩΝ ΝΗΣΩΝ
434,ΤΟΠ. ΚΟΙΝΟΤ,ΑΡΤΕΜΙΣΙΩΝ,ΔΗΜΟΣ,ΖΑΚΥΝΘΟΥ,ΖΑΚΥΝΘΟΥ,ΙΟΝΙΩΝ ΝΗΣΩΝ
435,ΤΟΠ. ΚΟΙΝΟΤ,ΕΛΑΤΙΩΝ,ΔΗΜΟΣ,ΖΑΚΥΝΘΟΥ,ΖΑΚΥΝΘΟΥ,ΙΟΝΙΩΝ ΝΗΣΩΝ
436,ΔΗΜ. ΚΟΙΝΟΤ,ΖΑΚΥΝΘΙΩΝ,ΔΗΜΟΣ,ΖΑΚΥΝΘΟΥ,ΖΑΚΥΝΘΟΥ,ΙΟΝΙΩΝ ΝΗΣΩΝ
437,ΔΗΜ. ΚΟΙΝΟΤ,ΛΑΓΑΝΑ,ΔΗΜΟΣ,ΖΑΚΥΝΘΟΥ,ΖΑΚΥΝΘΟΥ,ΙΟΝΙΩΝ ΝΗΣΩΝ
438,ΔΗΜ. ΚΟΙΝΟΤ,ΙΘΑΚΗΣ,ΔΗΜΟΣ,ΙΘΑΚΗΣ,ΙΘΑΚΗΣ,ΙΟΝΙΩΝ ΝΗΣΩΝ
439,ΤΟΠ. ΚΟΙΝΟΤ,ΑΓΙΟΥ ΓΕΩΡΓΙΟΥ,ΔΗΜΟΣ,ΚΕΡΚΥΡΑΣ,ΚΕΡΚΥΡΑΣ,ΙΟΝΙΩΝ ΝΗΣΩΝ
440,ΔΗΜ. ΚΟΙΝΟΤ,ΑΧΙΛΛΕΙΩΝ,ΔΗΜΟΣ,ΚΕΡΚΥΡΑΣ,ΚΕΡΚΥΡΑΣ,ΙΟΝΙΩΝ ΝΗΣΩΝ
441,ΔΗΜ. ΚΟΙΝΟΤ,ΕΡΕΙΚΟΥΣΣΗΣ,ΔΗΜΟΣ,ΚΕΡΚΥΡΑΣ,ΚΕΡΚΥΡΑΣ,ΙΟΝΙΩΝ ΝΗΣΩΝ
442,ΔΗΜ. ΚΟΙΝΟΤ,ΕΣΠΕΡΙΩΝ,ΔΗΜΟΣ,ΚΕΡΚΥΡΑΣ,ΚΕΡΚΥΡΑΣ,ΙΟΝΙΩΝ ΝΗΣΩΝ
443,ΔΗΜ. ΚΟΙΝΟΤ,ΘΙΝΑΛΙΟΥ,ΔΗΜΟΣ,ΚΕΡΚΥΡΑΣ,ΚΕΡΚΥΡΑΣ,ΙΟΝΙΩΝ ΝΗΣΩΝ
444,ΔΗΜ. ΚΟΙΝΟΤ,ΚΑΣΣΩΠΑΙΩΝ,ΔΗΜΟΣ,ΚΕΡΚΥΡΑΣ,ΚΕΡΚΥΡΑΣ,ΙΟΝΙΩΝ ΝΗΣΩΝ
445,ΔΗΜ. ΚΟΙΝΟΤ,ΚΕΡΚΥΡΑΙΩΝ,ΔΗΜΟΣ,ΚΕΡΚΥΡΑΣ,ΚΕΡΚΥΡΑΣ,ΙΟΝΙΩΝ ΝΗΣΩΝ
446,ΔΗΜ. ΚΟΙΝΟΤ,ΚΟΡΙΣΣΙΩΝ,ΔΗΜΟΣ,ΚΕΡΚΥΡΑΣ,ΚΕΡΚΥΡΑΣ,ΙΟΝΙΩΝ ΝΗΣΩΝ
447,ΔΗΜ. ΚΟΙΝΟΤ,ΛΕΥΚΙΜΜΑΙΩΝ,ΔΗΜΟΣ,ΚΕΡΚΥΡΑΣ,ΚΕΡΚΥΡΑΣ,ΙΟΝΙΩΝ ΝΗΣΩΝ
448,ΔΗΜ. ΚΟΙΝΟΤ,ΜΑΘΡΑΚΙΟΥ,ΔΗΜΟΣ,ΚΕΡΚΥΡΑΣ,ΚΕΡΚΥΡΑΣ,ΙΟΝΙΩΝ ΝΗΣΩΝ
449,ΔΗΜ. ΚΟΙΝΟΤ,ΜΕΛΙΤΕΙΕΩΝ,ΔΗΜΟΣ,ΚΕΡΚΥΡΑΣ,ΚΕΡΚΥΡΑΣ,ΙΟΝΙΩΝ ΝΗΣΩΝ
450,ΔΗΜ. ΚΟΙΝΟΤ,ΟΘΩΝΩΝ,ΔΗΜΟΣ,ΚΕΡΚΥΡΑΣ,ΚΕΡΚΥΡΑΣ,ΙΟΝΙΩΝ ΝΗΣΩΝ
451,ΔΗΜ. ΚΟΙΝΟΤ,ΠΑΛΑΙΟΚΑΣΤΡΙΤΩΝ,ΔΗΜΟΣ,ΚΕΡΚΥΡΑΣ,ΚΕΡΚΥΡΑΣ,ΙΟΝΙΩΝ ΝΗΣΩΝ
452,ΔΗΜ. ΚΟΙΝΟΤ,ΠΑΡΕΛΙΩΝ,ΔΗΜΟΣ,ΚΕΡΚΥΡΑΣ,ΚΕΡΚΥΡΑΣ,ΙΟΝΙΩΝ ΝΗΣΩΝ
453,ΔΗΜ. ΚΟΙΝΟΤ,ΦΑΙΑΚΩΝ,ΔΗΜΟΣ,ΚΕΡΚΥΡΑΣ,ΚΕΡΚΥΡΑΣ,ΙΟΝΙΩΝ ΝΗΣΩΝ
454,ΔΗΜ. ΚΟΙΝΟΤ,ΠΑΞΩΝ,ΔΗΜΟΣ,ΠΑΞΩΝ,ΚΕΡΚΥΡΑΣ,ΙΟΝΙΩΝ ΝΗΣΩΝ
455,ΔΗΜ. ΚΟΙΝΟΤ,ΑΡΓΟΣΤΟΛΙΟΥ,ΔΗΜΟΣ,ΚΕΦΑΛΟΝΙΑΣ,ΚΕΦΑΛΛΗΝΙΑΣ,ΙΟΝΙΩΝ ΝΗΣΩΝ
456,ΔΗΜ. ΚΟΙΝΟΤ,ΕΛΕΙΟΥ - ΠΡΟΝΩΝ,ΔΗΜΟΣ,ΚΕΦΑΛΟΝΙΑΣ,ΚΕΦΑΛΛΗΝΙΑΣ,ΙΟΝΙΩΝ ΝΗΣΩΝ
457,ΤΟΠ. ΚΟΙΝΟΤ,ΕΡΙΣΟΥ,ΔΗΜΟΣ,ΚΕΦΑΛΟΝΙΑΣ,ΚΕΦΑΛΛΗΝΙΑΣ,ΙΟΝΙΩΝ ΝΗΣΩΝ
458,ΤΟΠ. ΚΟΙΝΟΤ,ΛΕΙΒΑΘΟΥΣ,ΔΗΜΟΣ,ΚΕΦΑΛΟΝΙΑΣ,ΚΕΦΑΛΛΗΝΙΑΣ,ΙΟΝΙΩΝ ΝΗΣΩΝ
459,ΔΗΜ. ΚΟΙΝΟΤ,ΟΜΑΛΩΝ,ΔΗΜΟΣ,ΚΕΦΑΛΟΝΙΑΣ,ΚΕΦΑΛΛΗΝΙΑΣ,ΙΟΝΙΩΝ ΝΗΣΩΝ
460,ΔΗΜ. ΚΟΙΝΟΤ,ΠΑΛΙΚΗΣ,ΔΗΜΟΣ,ΚΕΦΑΛΟΝΙΑΣ,ΚΕΦΑΛΛΗΝΙΑΣ,ΙΟΝΙΩΝ ΝΗΣΩΝ
461,ΤΟΠ. ΚΟΙΝΟΤ,ΠΥΛΑΡΕΩΝ,ΔΗΜΟΣ,ΚΕΦΑΛΟΝΙΑΣ,ΚΕΦΑΛΛΗΝΙΑΣ,ΙΟΝΙΩΝ ΝΗΣΩΝ
462,ΔΗΜ. ΚΟΙΝΟΤ,ΣΑΜΗΣ,ΔΗΜΟΣ,ΚΕΦΑΛΟΝΙΑΣ,ΚΕΦΑΛΛΗΝΙΑΣ,ΙΟΝΙΩΝ ΝΗΣΩΝ
463,ΤΟΠ. ΚΟΙΝΟΤ,ΑΠΟΛΛΩΝΙΩΝ,ΔΗΜΟΣ,ΛΕΥΚΑΔΑΣ,ΛΕΥΚΑΔΑΣ,ΙΟΝΙΩΝ ΝΗΣΩΝ
464,ΔΗΜ. ΚΟΙΝΟΤ,ΕΛΛΟΜΕΝΟΥ,ΔΗΜΟΣ,ΛΕΥΚΑΔΑΣ,ΛΕΥΚΑΔΑΣ,ΙΟΝΙΩΝ ΝΗΣΩΝ
465,ΔΗΜ. ΚΟΙΝΟΤ,ΚΑΛΑΜΟΥ,ΔΗΜΟΣ,ΛΕΥΚΑΔΑΣ,ΛΕΥΚΑΔΑΣ,ΙΟΝΙΩΝ ΝΗΣΩΝ
466,ΤΟΠ. ΚΟΙΝΟΤ,ΚΑΡΥΑΣ,ΔΗΜΟΣ,ΛΕΥΚΑΔΑΣ,ΛΕΥΚΑΔΑΣ,ΙΟΝΙΩΝ ΝΗΣΩΝ
467,ΔΗΜ. ΚΟΙΝΟΤ,ΚΑΣΤΟΥ,ΔΗΜΟΣ,ΛΕΥΚΑΔΑΣ,ΛΕΥΚΑΔΑΣ,ΙΟΝΙΩΝ ΝΗΣΩΝ
468,ΔΗΜ. ΚΟΙΝΟΤ,ΛΕΥΚΑΔΟΣ,ΔΗΜΟΣ,ΛΕΥΚΑΔΑΣ,ΛΕΥΚΑΔΑΣ,ΙΟΝΙΩΝ ΝΗΣΩΝ
469,ΤΟΠ. ΚΟΙΝΟΤ,ΣΦΑΚΙΩΤΩΝ,ΔΗΜΟΣ,ΛΕΥΚΑΔΑΣ,ΛΕΥΚΑΔΑΣ,ΙΟΝΙΩΝ ΝΗΣΩΝ
470,ΤΟΠ. ΚΟΙΝΟΤ,ΜΕΓΑΝΗΣΙΟΥ,ΔΗΜΟΣ,ΜΕΓΑΝΗΣΙΟΥ,ΛΕΥΚΑΔΑΣ,ΙΟΝΙΩΝ ΝΗΣΩΝ
471,ΔΗΜ. ΚΟΙΝΟΤ,ΑΓΓΕΛΟΚΑΣΤΡΟΥ,ΔΗΜΟΣ,ΑΓΡΙΝΙΟΥ,ΑΙΤΩΛΟΑΚΑΡΝΑΝΙΑΣ,ΔΥΤΙΚΗΣ ΕΛΛΑΔΑΣ
472,ΔΗΜ. ΚΟΙΝΟΤ,ΑΓΡΙΝΙΟΥ,ΔΗΜΟΣ,ΑΓΡΙΝΙΟΥ,ΑΙΤΩΛΟΑΚΑΡΝΑΝΙΑΣ,ΔΥΤΙΚΗΣ ΕΛΛΑΔΑΣ
473,ΔΗΜ. ΚΟΙΝΟΤ,ΑΡΑΚΥΝΘΟΥ,ΔΗΜΟΣ,ΑΓΡΙΝΙΟΥ,ΑΙΤΩΛΟΑΚΑΡΝΑΝΙΑΣ,ΔΥΤΙΚΗΣ ΕΛΛΑΔΑΣ
474,ΔΗΜ. ΚΟΙΝΟΤ,ΘΕΣΤΙΕΩΝ,ΔΗΜΟΣ,ΑΓΡΙΝΙΟΥ,ΑΙΤΩΛΟΑΚΑΡΝΑΝΙΑΣ,ΔΥΤΙΚΗΣ ΕΛΛΑΔΑΣ
475,ΤΟΠ. ΚΟΙΝΟΤ,ΜΑΚΡΥΝΕΙΑΣ,ΔΗΜΟΣ,ΑΓΡΙΝΙΟΥ,ΑΙΤΩΛΟΑΚΑΡΝΑΝΙΑΣ,ΔΥΤΙΚΗΣ ΕΛΛΑΔΑΣ
476,ΤΟΠ. ΚΟΙΝΟΤ,ΝΕΑΠΟΛΗΣ,ΔΗΜΟΣ,ΑΓΡΙΝΙΟΥ,ΑΙΤΩΛΟΑΚΑΡΝΑΝΙΑΣ,ΔΥΤΙΚΗΣ ΕΛΛΑΔΑΣ
477,ΤΟΠ. ΚΟΙΝΟΤ,ΠΑΝΑΙΤΩΛΙΚΟΥ,ΔΗΜΟΣ,ΑΓΡΙΝΙΟΥ,ΑΙΤΩΛΟΑΚΑΡΝΑΝΙΑΣ,ΔΥΤΙΚΗΣ ΕΛΛΑΔΑΣ
478,ΔΗΜ. ΚΟΙΝΟΤ,ΠΑΡΑΒΟΛΑΣ,ΔΗΜΟΣ,ΑΓΡΙΝΙΟΥ,ΑΙΤΩΛΟΑΚΑΡΝΑΝΙΑΣ,ΔΥΤΙΚΗΣ ΕΛΛΑΔΑΣ
479,ΤΟΠ. ΚΟΙΝΟΤ,ΠΑΡΑΚΑΜΠΥΛΙΩΝ,ΔΗΜΟΣ,ΑΓΡΙΝΙΟΥ,ΑΙΤΩΛΟΑΚΑΡΝΑΝΙΑΣ,ΔΥΤΙΚΗΣ ΕΛΛΑΔΑΣ
480,ΔΗΜ. ΚΟΙΝΟΤ,ΣΤΡΑΤΟΥ,ΔΗΜΟΣ,ΑΓΡΙΝΙΟΥ,ΑΙΤΩΛΟΑΚΑΡΝΑΝΙΑΣ,ΔΥΤΙΚΗΣ ΕΛΛΑΔΑΣ
481,ΔΗΜ. ΚΟΙΝΟΤ,ΑΝΑΚΤΟΡΙΟΥ,ΔΗΜΟΣ,ΑΚΤΙΟΥ-ΒΟΝΙΤΣΑΣ,ΑΙΤΩΛΟΑΚΑΡΝΑΝΙΑΣ,ΔΥΤΙΚΗΣ ΕΛΛΑΔΑΣ
482,ΔΗΜ. ΚΟΙΝΟΤ,ΜΕΔΕΩΝΟΣ,ΔΗΜΟΣ,ΑΚΤΙΟΥ-ΒΟΝΙΤΣΑΣ,ΑΙΤΩΛΟΑΚΑΡΝΑΝΙΑΣ,ΔΥΤΙΚΗΣ ΕΛΛΑΔΑΣ
483,ΔΗΜ. ΚΟΙΝΟΤ,ΠΑΛΑΙΡΟΥ,ΔΗΜΟΣ,ΑΚΤΙΟΥ-ΒΟΝΙΤΣΑΣ,ΑΙΤΩΛΟΑΚΑΡΝΑΝΙΑΣ,ΔΥΤΙΚΗΣ ΕΛΛΑΔΑΣ
484,ΔΗΜ. ΚΟΙΝΟΤ,ΑΜΦΙΛΟΧΙΑΣ,ΔΗΜΟΣ,ΑΜΦΙΛΟΧΙΑΣ,ΑΙΤΩΛΟΑΚΑΡΝΑΝΙΑΣ,ΔΥΤΙΚΗΣ ΕΛΛΑΔΑΣ
485,ΤΟΠ. ΚΟΙΝΟΤ,ΙΝΑΧΟΥ,ΔΗΜΟΣ,ΑΜΦΙΛΟΧΙΑΣ,ΑΙΤΩΛΟΑΚΑΡΝΑΝΙΑΣ,ΔΥΤΙΚΗΣ ΕΛΛΑΔΑΣ
486,ΤΟΠ. ΚΟΙΝΟΤ,ΜΕΝΙΔΙΟΥ,ΔΗΜΟΣ,ΑΜΦΙΛΟΧΙΑΣ,ΑΙΤΩΛΟΑΚΑΡΝΑΝΙΑΣ,ΔΥΤΙΚΗΣ ΕΛΛΑΔΑΣ
487,ΔΗΜ. ΚΟΙΝΟΤ,ΘΕΡΜΟΥ,ΔΗΜΟΣ,ΘΕΡΜΟΥ,ΑΙΤΩΛΟΑΚΑΡΝΑΝΙΑΣ,ΔΥΤΙΚΗΣ ΕΛΛΑΔΑΣ
488,ΔΗΜ. ΚΟΙΝΟΤ,ΑΙΤΩΛΙΚΟΥ,ΔΗΜΟΣ,ΙΕΡΑΣ ΠΟΛΗΣ ΜΕΣΟΛΟΓΓΙΟΥ,ΑΙΤΩΛΟΑΚΑΡΝΑΝΙΑΣ,ΔΥΤΙΚΗΣ ΕΛΛΑΔΑΣ
489,ΔΗΜ. ΚΟΙΝΟΤ,ΙΕΡΑΣ ΠΟΛΗΣ ΜΕΣΟΛΟΓΓΙΟΥ,ΔΗΜΟΣ,ΙΕΡΑΣ ΠΟΛΗΣ ΜΕΣΟΛΟΓΓΙΟΥ,ΑΙΤΩΛΟΑΚΑΡΝΑΝΙΑΣ,ΔΥΤΙΚΗΣ ΕΛΛΑΔΑΣ
490,ΔΗΜ. ΚΟΙΝΟΤ,ΟΙΝΙΑΔΩΝ,ΔΗΜΟΣ,ΙΕΡΑΣ ΠΟΛΗΣ ΜΕΣΟΛΟΓΓΙΟΥ,ΑΙΤΩΛΟΑΚΑΡΝΑΝΙΑΣ,ΔΥΤΙΚΗΣ ΕΛΛΑΔΑΣ
491,ΤΟΠ. ΚΟΙΝΟΤ,ΑΝΤΙΡΡΙΟΥ,ΔΗΜΟΣ,ΝΑΥΠΑΚΤΙΑΣ,ΑΙΤΩΛΟΑΚΑΡΝΑΝΙΑΣ,ΔΥΤΙΚΗΣ ΕΛΛΑΔΑΣ
492,ΤΟΠ. ΚΟΙΝΟΤ,ΑΠΟΔΟΤΙΑΣ,ΔΗΜΟΣ,ΝΑΥΠΑΚΤΙΑΣ,ΑΙΤΩΛΟΑΚΑΡΝΑΝΙΑΣ,ΔΥΤΙΚΗΣ ΕΛΛΑΔΑΣ
493,ΔΗΜ. ΚΟΙΝΟΤ,ΝΑΥΠΑΚΤΟΥ,ΔΗΜΟΣ,ΝΑΥΠΑΚΤΙΑΣ,ΑΙΤΩΛΟΑΚΑΡΝΑΝΙΑΣ,ΔΥΤΙΚΗΣ ΕΛΛΑΔΑΣ
494,ΤΟΠ. ΚΟΙΝΟΤ,ΠΛΑΤΑΝΟΥ,ΔΗΜΟΣ,ΝΑΥΠΑΚΤΙΑΣ,ΑΙΤΩΛΟΑΚΑΡΝΑΝΙΑΣ,ΔΥΤΙΚΗΣ ΕΛΛΑΔΑΣ
495,ΤΟΠ. ΚΟΙΝΟΤ,ΠΥΛΛΗΝΗΣ,ΔΗΜΟΣ,ΝΑΥΠΑΚΤΙΑΣ,ΑΙΤΩΛΟΑΚΑΡΝΑΝΙΑΣ,ΔΥΤΙΚΗΣ ΕΛΛΑΔΑΣ
496,ΤΟΠ. ΚΟΙΝΟΤ,ΧΑΛΚΕΙΑΣ,ΔΗΜΟΣ,ΝΑΥΠΑΚΤΙΑΣ,ΑΙΤΩΛΟΑΚΑΡΝΑΝΙΑΣ,ΔΥΤΙΚΗΣ ΕΛΛΑΔΑΣ
497,ΤΟΠ. ΚΟΙΝΟΤ,ΑΛΥΖΙΑΣ,ΔΗΜΟΣ,ΞΗΡΟΜΕΡΟΥ,ΑΙΤΩΛΟΑΚΑΡΝΑΝΙΑΣ,ΔΥΤΙΚΗΣ ΕΛΛΑΔΑΣ
498,ΔΗΜ. ΚΟΙΝΟΤ,ΑΣΤΑΚΟΥ,ΔΗΜΟΣ,ΞΗΡΟΜΕΡΟΥ,ΑΙΤΩΛΟΑΚΑΡΝΑΝΙΑΣ,ΔΥΤΙΚΗΣ ΕΛΛΑΔΑΣ
499,ΤΟΠ. ΚΟΙΝΟΤ,ΦΥΤΕΙΩΝ,ΔΗΜΟΣ,ΞΗΡΟΜΕΡΟΥ,ΑΙΤΩΛΟΑΚΑΡΝΑΝΙΑΣ,ΔΥΤΙΚΗΣ ΕΛΛΑΔΑΣ
500,ΤΟΠ. ΚΟΙΝΟΤ,ΑΙΓΕΙΡΑΣ,ΔΗΜΟΣ,ΑΙΓΙΑΛΕΙΑΣ,ΑΧΑΪΑΣ,ΔΥΤΙΚΗΣ ΕΛΛΑΔΑΣ
501,ΔΗΜ. ΚΟΙΝΟΤ,ΑΙΓΙΟΥ,ΔΗΜΟΣ,ΑΙΓΙΑΛΕΙΑΣ,ΑΧΑΪΑΣ,ΔΥΤΙΚΗΣ ΕΛΛΑΔΑΣ
502,ΤΟΠ. ΚΟΙΝΟΤ,ΑΚΡΑΤΑΣ,ΔΗΜΟΣ,ΑΙΓΙΑΛΕΙΑΣ,ΑΧΑΪΑΣ,ΔΥΤΙΚΗΣ ΕΛΛΑΔΑΣ
503,ΔΗΜ. ΚΟΙΝΟΤ,ΔΙΑΚΟΠΤΟΥ,ΔΗΜΟΣ,ΑΙΓΙΑΛΕΙΑΣ,ΑΧΑΪΑΣ,ΔΥΤΙΚΗΣ ΕΛΛΑΔΑΣ
504,ΤΟΠ. ΚΟΙΝΟΤ,ΕΡΙΝΕΟΥ,ΔΗΜΟΣ,ΑΙΓΙΑΛΕΙΑΣ,ΑΧΑΪΑΣ,ΔΥΤΙΚΗΣ ΕΛΛΑΔΑΣ
505,ΔΗΜ. ΚΟΙΝΟΤ,ΣΥΜΠΟΛΙΤΕΙΑΣ,ΔΗΜΟΣ,ΑΙΓΙΑΛΕΙΑΣ,ΑΧΑΪΑΣ,ΔΥΤΙΚΗΣ ΕΛΛΑΔΑΣ
506,ΔΗΜ. ΚΟΙΝΟΤ,ΔΥΜΗΣ,ΔΗΜΟΣ,ΔΥΤΙΚΗΣ ΑΧΑΙΑΣ,ΑΧΑΪΑΣ,ΔΥΤΙΚΗΣ ΕΛΛΑΔΑΣ
507,ΔΗΜ. ΚΟΙΝΟΤ,ΛΑΡΙΣΣΟΥ,ΔΗΜΟΣ,ΔΥΤΙΚΗΣ ΑΧΑΙΑΣ,ΑΧΑΪΑΣ,ΔΥΤΙΚΗΣ ΕΛΛΑΔΑΣ
508,ΤΟΠ. ΚΟΙΝΟΤ,ΜΟΒΡΗΣ,ΔΗΜΟΣ,ΔΥΤΙΚΗΣ ΑΧΑΙΑΣ,ΑΧΑΪΑΣ,ΔΥΤΙΚΗΣ ΕΛΛΑΔΑΣ
509,ΤΟΠ. ΚΟΙΝΟΤ,ΩΛΕΝΙΑΣ,ΔΗΜΟΣ,ΔΥΤΙΚΗΣ ΑΧΑΙΑΣ,ΑΧΑΪΑΣ,ΔΥΤΙΚΗΣ ΕΛΛΑΔΑΣ
510,ΤΟΠ. ΚΟΙΝΟΤ,ΚΑΛΕΝΤΖΙΟΥ,ΔΗΜΟΣ,ΕΡΥΜΑΝΘΟΥ,ΑΧΑΪΑΣ,ΔΥΤΙΚΗΣ ΕΛΛΑΔΑΣ
511,ΤΟΠ. ΚΟΙΝΟΤ,ΛΕΟΝΤΙΟΥ,ΔΗΜΟΣ,ΕΡΥΜΑΝΘΟΥ,ΑΧΑΪΑΣ,ΔΥΤΙΚΗΣ ΕΛΛΑΔΑΣ
512,ΤΟΠ. ΚΟΙΝΟΤ,ΤΡΙΤΑΙΑΣ,ΔΗΜΟΣ,ΕΡΥΜΑΝΘΟΥ,ΑΧΑΪΑΣ,ΔΥΤΙΚΗΣ ΕΛΛΑΔΑΣ
513,ΤΟΠ. ΚΟΙΝΟΤ,ΦΑΡΡΩΝ,ΔΗΜΟΣ,ΕΡΥΜΑΝΘΟΥ,ΑΧΑΪΑΣ,ΔΥΤΙΚΗΣ ΕΛΛΑΔΑΣ
514,ΤΟΠ. ΚΟΙΝΟΤ,ΑΡΟΑΝΙΑΣ,ΔΗΜΟΣ,ΚΑΛΑΒΡΥΤΩΝ,ΑΧΑΪΑΣ,ΔΥΤΙΚΗΣ ΕΛΛΑΔΑΣ
515,ΤΟΠ. ΚΟΙΝΟΤ,ΚΑΛΑΒΡΥΤΩΝ,ΔΗΜΟΣ,ΚΑΛΑΒΡΥΤΩΝ,ΑΧΑΪΑΣ,ΔΥΤΙΚΗΣ ΕΛΛΑΔΑΣ
516,ΤΟΠ. ΚΟΙΝΟΤ,ΚΛΕΙΤΟΡΙΑΣ,ΔΗΜΟΣ,ΚΑΛΑΒΡΥΤΩΝ,ΑΧΑΪΑΣ,ΔΥΤΙΚΗΣ ΕΛΛΑΔΑΣ
517,ΤΟΠ. ΚΟΙΝΟΤ,ΠΑΪΩΝ,ΔΗΜΟΣ,ΚΑΛΑΒΡΥΤΩΝ,ΑΧΑΪΑΣ,ΔΥΤΙΚΗΣ ΕΛΛΑΔΑΣ
518,ΔΗΜ. ΚΟΙΝΟΤ,ΒΡΑΧΝΑΙΙΚΩΝ,ΔΗΜΟΣ,ΠΑΤΡΕΩΝ,ΑΧΑΪΑΣ,ΔΥΤΙΚΗΣ ΕΛΛΑΔΑΣ
519,ΔΗΜ. ΚΟΙΝΟΤ,ΜΕΣΣΑΤΙΔΟΣ,ΔΗΜΟΣ,ΠΑΤΡΕΩΝ,ΑΧΑΪΑΣ,ΔΥΤΙΚΗΣ ΕΛΛΑΔΑΣ
520,ΔΗΜ. ΚΟΙΝΟΤ,ΠΑΡΑΛΙΑΣ,ΔΗΜΟΣ,ΠΑΤΡΕΩΝ,ΑΧΑΪΑΣ,ΔΥΤΙΚΗΣ ΕΛΛΑΔΑΣ
521,ΔΗΜ. ΚΟΙΝΟΤ,ΠΑΤΡΕΩΝ,ΔΗΜΟΣ,ΠΑΤΡΕΩΝ,ΑΧΑΪΑΣ,ΔΥΤΙΚΗΣ ΕΛΛΑΔΑΣ
522,ΔΗΜ. ΚΟΙΝΟΤ,ΡΙΟΥ,ΔΗΜΟΣ,ΠΑΤΡΕΩΝ,ΑΧΑΪΑΣ,ΔΥΤΙΚΗΣ ΕΛΛΑΔΑΣ
523,ΔΗΜ. ΚΟΙΝΟΤ,ΑΝΔΡΑΒΙΔΑΣ,ΔΗΜΟΣ,ΑΝΔΡΑΒΙΔΑΣ-ΚΥΛΛΗΝΗΣ,ΗΛΕΙΑΣ,ΔΥΤΙΚΗΣ ΕΛΛΑΔΑΣ
524,ΔΗΜ. ΚΟΙΝΟΤ,ΒΟΥΠΡΑΣΙΑΣ,ΔΗΜΟΣ,ΑΝΔΡΑΒΙΔΑΣ-ΚΥΛΛΗΝΗΣ,ΗΛΕΙΑΣ,ΔΥΤΙΚΗΣ ΕΛΛΑΔΑΣ
525,ΤΟΠ. ΚΟΙΝΟΤ,ΚΑΣΤΡΟΥ - ΚΥΛΛΗΝΗΣ,ΔΗΜΟΣ,ΑΝΔΡΑΒΙΔΑΣ-ΚΥΛΛΗΝΗΣ,ΗΛΕΙΑΣ,ΔΥΤΙΚΗΣ ΕΛΛΑΔΑΣ
526,ΔΗΜ. ΚΟΙΝΟΤ,ΛΕΧΑΙΝΩΝ,ΔΗΜΟΣ,ΑΝΔΡΑΒΙΔΑΣ-ΚΥΛΛΗΝΗΣ,ΗΛΕΙΑΣ,ΔΥΤΙΚΗΣ ΕΛΛΑΔΑΣ
527,ΤΟΠ. ΚΟΙΝΟΤ,ΑΛΙΦΕΙΡΑΣ,ΔΗΜΟΣ,ΑΝΔΡΙΤΣΑΙΝΑΣ-ΚΡΕΣΤΕΝΩΝ,ΗΛΕΙΑΣ,ΔΥΤΙΚΗΣ ΕΛΛΑΔΑΣ
528,ΤΟΠ. ΚΟΙΝΟΤ,ΑΝΔΡΙΤΣΑΙΝΗΣ,ΔΗΜΟΣ,ΑΝΔΡΙΤΣΑΙΝΑΣ-ΚΡΕΣΤΕΝΩΝ,ΗΛΕΙΑΣ,ΔΥΤΙΚΗΣ ΕΛΛΑΔΑΣ
529,ΔΗΜ. ΚΟΙΝΟΤ,ΣΚΙΛΛΟΥΝΤΟΣ,ΔΗΜΟΣ,ΑΝΔΡΙΤΣΑΙΝΑΣ-ΚΡΕΣΤΕΝΩΝ,ΗΛΕΙΑΣ,ΔΥΤΙΚΗΣ ΕΛΛΑΔΑΣ
530,ΤΟΠ. ΚΟΙΝΟΤ,ΑΡΧΑΙΑΣ ΟΛΥΜΠΙΑΣ,ΔΗΜΟΣ,ΑΡΧΑΙΑΣ ΟΛΥΜΠΙΑΣ,ΗΛΕΙΑΣ,ΔΥΤΙΚΗΣ ΕΛΛΑΔΑΣ
531,ΤΟΠ. ΚΟΙΝΟΤ,ΛΑΜΠΕΙΑΣ,ΔΗΜΟΣ,ΑΡΧΑΙΑΣ ΟΛΥΜΠΙΑΣ,ΗΛΕΙΑΣ,ΔΥΤΙΚΗΣ ΕΛΛΑΔΑΣ
532,ΤΟΠ. ΚΟΙΝΟΤ,ΛΑΣΙΩΝΟΣ,ΔΗΜΟΣ,ΑΡΧΑΙΑΣ ΟΛΥΜΠΙΑΣ,ΗΛΕΙΑΣ,ΔΥΤΙΚΗΣ ΕΛΛΑΔΑΣ
533,ΤΟΠ. ΚΟΙΝΟΤ,ΦΟΛΟΗΣ,ΔΗΜΟΣ,ΑΡΧΑΙΑΣ ΟΛΥΜΠΙΑΣ,ΗΛΕΙΑΣ,ΔΥΤΙΚΗΣ ΕΛΛΑΔΑΣ
534,ΔΗΜ. ΚΟΙΝΟΤ,ΖΑΧΑΡΩΣ,ΔΗΜΟΣ,ΖΑΧΑΡΩΣ,ΗΛΕΙΑΣ,ΔΥΤΙΚΗΣ ΕΛΛΑΔΑΣ
535,ΤΟΠ. ΚΟΙΝΟΤ,ΦΙΓΑΛΕΙΑΣ,ΔΗΜΟΣ,ΖΑΧΑΡΩΣ,ΗΛΕΙΑΣ,ΔΥΤΙΚΗΣ ΕΛΛΑΔΑΣ
536,ΔΗΜ. ΚΟΙΝΟΤ,ΑΜΑΛΙΑΔΟΣ,ΔΗΜΟΣ,ΗΛΙΔΑΣ,ΗΛΕΙΑΣ,ΔΥΤΙΚΗΣ ΕΛΛΑΔΑΣ
537,ΤΟΠ. ΚΟΙΝΟΤ,ΠΗΝΕΙΑΣ,ΔΗΜΟΣ,ΗΛΙΔΑΣ,ΗΛΕΙΑΣ,ΔΥΤΙΚΗΣ ΕΛΛΑΔΑΣ
538,ΔΗΜ. ΚΟΙΝΟΤ,ΒΑΡΘΟΛΟΜΙΟΥ,ΔΗΜΟΣ,ΠΗΝΕΙΟΥ,ΗΛΕΙΑΣ,ΔΥΤΙΚΗΣ ΕΛΛΑΔΑΣ
539,ΔΗΜ. ΚΟΙΝΟΤ,ΓΑΣΤΟΥΝΗΣ,ΔΗΜΟΣ,ΠΗΝΕΙΟΥ,ΗΛΕΙΑΣ,ΔΥΤΙΚΗΣ ΕΛΛΑΔΑΣ
540,ΔΗΜ. ΚΟΙΝΟΤ,ΤΡΑΓΑΝΟΥ,ΔΗΜΟΣ,ΠΗΝΕΙΟΥ,ΗΛΕΙΑΣ,ΔΥΤΙΚΗΣ ΕΛΛΑΔΑΣ
541,ΔΗΜ. ΚΟΙΝΟΤ,ΒΩΛΑΚΟΣ,ΔΗΜΟΣ,ΠΥΡΓΟΥ,ΗΛΕΙΑΣ,ΔΥΤΙΚΗΣ ΕΛΛΑΔΑΣ
542,ΤΟΠ. ΚΟΙΝΟΤ,ΙΑΡΔΑΝΟΥ,ΔΗΜΟΣ,ΠΥΡΓΟΥ,ΗΛΕΙΑΣ,ΔΥΤΙΚΗΣ ΕΛΛΑΔΑΣ
543,ΔΗΜ. ΚΟΙΝΟΤ,ΠΥΡΓΟΥ,ΔΗΜΟΣ,ΠΥΡΓΟΥ,ΗΛΕΙΑΣ,ΔΥΤΙΚΗΣ ΕΛΛΑΔΑΣ
544,ΤΟΠ. ΚΟΙΝΟΤ,ΩΛΕΝΗΣ,ΔΗΜΟΣ,ΠΥΡΓΟΥ,ΗΛΕΙΑΣ,ΔΥΤΙΚΗΣ ΕΛΛΑΔΑΣ
545,ΔΗΜ. ΚΟΙΝΟΤ,ΑΛΙΑΡΤΟΥ,ΔΗΜΟΣ,ΑΛΙΑΡΤΟΥ,ΒΟΙΩΤΙΑΣ,ΣΤΕΡΕΑΣ ΕΛΛΑΔΑΣ
546,ΤΟΠ. ΚΟΙΝΟΤ,ΘΕΣΠΙΕΩΝ,ΔΗΜΟΣ,ΑΛΙΑΡΤΟΥ,ΒΟΙΩΤΙΑΣ,ΣΤΕΡΕΑΣ ΕΛΛΑΔΑΣ
547,ΔΗΜ. ΚΟΙΝΟΤ,ΑΝΤΙΚΥΡΑΣ,ΔΗΜΟΣ,ΔΙΣΤΟΜΟΥ - ΑΡΑΧΟΒΑΣ - ΑΝΤΙΚΥΡΑΣ,ΒΟΙΩΤΙΑΣ,ΣΤΕΡΕΑΣ ΕΛΛΑΔΑΣ
548,ΔΗΜ. ΚΟΙΝΟΤ,ΑΡΑΧΟΒΗΣ,ΔΗΜΟΣ,ΔΙΣΤΟΜΟΥ - ΑΡΑΧΟΒΑΣ - ΑΝΤΙΚΥΡΑΣ,ΒΟΙΩΤΙΑΣ,ΣΤΕΡΕΑΣ ΕΛΛΑΔΑΣ
549,ΔΗΜ. ΚΟΙΝΟΤ,ΔΙΣΤΟΜΟΥ,ΔΗΜΟΣ,ΔΙΣΤΟΜΟΥ - ΑΡΑΧΟΒΑΣ - ΑΝΤΙΚΥΡΑΣ,ΒΟΙΩΤΙΑΣ,ΣΤΕΡΕΑΣ ΕΛΛΑΔΑΣ
550,ΔΗΜ. ΚΟΙΝΟΤ,ΒΑΓΙΩΝ,ΔΗΜΟΣ,ΘΗΒΑΙΩΝ,ΒΟΙΩΤΙΑΣ,ΣΤΕΡΕΑΣ ΕΛΛΑΔΑΣ
551,ΔΗΜ. ΚΟΙΝΟΤ,ΘΗΒΑΙΩΝ,ΔΗΜΟΣ,ΘΗΒΑΙΩΝ,ΒΟΙΩΤΙΑΣ,ΣΤΕΡΕΑΣ ΕΛΛΑΔΑΣ
552,ΤΟΠ. ΚΟΙΝΟΤ,ΘΙΣΒΗΣ,ΔΗΜΟΣ,ΘΗΒΑΙΩΝ,ΒΟΙΩΤΙΑΣ,ΣΤΕΡΕΑΣ ΕΛΛΑΔΑΣ
553,ΤΟΠ. ΚΟΙΝΟΤ,ΠΛΑΤΑΙΩΝ,ΔΗΜΟΣ,ΘΗΒΑΙΩΝ,ΒΟΙΩΤΙΑΣ,ΣΤΕΡΕΑΣ ΕΛΛΑΔΑΣ
554,ΤΟΠ. ΚΟΙΝΟΤ,ΔΑΥΛΕΙΑΣ,ΔΗΜΟΣ,ΛΕΒΑΔΕΩΝ,ΒΟΙΩΤΙΑΣ,ΣΤΕΡΕΑΣ ΕΛΛΑΔΑΣ
555,ΔΗΜ. ΚΟΙΝΟΤ,ΚΟΡΩΝΕΙΑΣ,ΔΗΜΟΣ,ΛΕΒΑΔΕΩΝ,ΒΟΙΩΤΙΑΣ,ΣΤΕΡΕΑΣ ΕΛΛΑΔΑΣ
556,ΔΗΜ. ΚΟΙΝΟΤ,ΚΥΡΙΑΚΙΟΥ,ΔΗΜΟΣ,ΛΕΒΑΔΕΩΝ,ΒΟΙΩΤΙΑΣ,ΣΤΕΡΕΑΣ ΕΛΛΑΔΑΣ
557,ΔΗΜ. ΚΟΙΝΟΤ,ΛΕΒΑΔΕΩΝ,ΔΗΜΟΣ,ΛΕΒΑΔΕΩΝ,ΒΟΙΩΤΙΑΣ,ΣΤΕΡΕΑΣ ΕΛΛΑΔΑΣ
558,ΤΟΠ. ΚΟΙΝΟΤ,ΧΑΙΡΩΝΕΙΑΣ,ΔΗΜΟΣ,ΛΕΒΑΔΕΩΝ,ΒΟΙΩΤΙΑΣ,ΣΤΕΡΕΑΣ ΕΛΛΑΔΑΣ
559,ΤΟΠ. ΚΟΙΝΟΤ,ΑΚΡΑΙΦΝΙΑΣ,ΔΗΜΟΣ,ΟΡΧΟΜΕΝΟΥ,ΒΟΙΩΤΙΑΣ,ΣΤΕΡΕΑΣ ΕΛΛΑΔΑΣ
560,ΔΗΜ. ΚΟΙΝΟΤ,ΟΡΧΟΜΕΝΟΥ,ΔΗΜΟΣ,ΟΡΧΟΜΕΝΟΥ,ΒΟΙΩΤΙΑΣ,ΣΤΕΡΕΑΣ ΕΛΛΑΔΑΣ
561,ΤΟΠ. ΚΟΙΝΟΤ,ΔΕΡΒΕΝΟΧΩΡΙΩΝ,ΔΗΜΟΣ,ΤΑΝΑΓΡΑΣ,ΒΟΙΩΤΙΑΣ,ΣΤΕΡΕΑΣ ΕΛΛΑΔΑΣ
562,ΔΗΜ. ΚΟΙΝΟΤ,ΟΙΝΟΦΥΤΩΝ,ΔΗΜΟΣ,ΤΑΝΑΓΡΑΣ,ΒΟΙΩΤΙΑΣ,ΣΤΕΡΕΑΣ ΕΛΛΑΔΑΣ
563,ΔΗΜ. ΚΟΙΝΟΤ,ΣΧΗΜΑΤΑΡΙΟΥ,ΔΗΜΟΣ,ΤΑΝΑΓΡΑΣ,ΒΟΙΩΤΙΑΣ,ΣΤΕΡΕΑΣ ΕΛΛΑΔΑΣ
564,ΤΟΠ. ΚΟΙΝΟΤ,ΤΑΝΑΓΡΑΣ,ΔΗΜΟΣ,ΤΑΝΑΓΡΑΣ,ΒΟΙΩΤΙΑΣ,ΣΤΕΡΕΑΣ ΕΛΛΑΔΑΣ
565,ΤΟΠ. ΚΟΙΝΟΤ,ΔΙΡΦΥΩΝ,ΔΗΜΟΣ,ΔΙΡΦΥΩΝ-ΜΕΣΣΑΠΙΩΝ,ΕΥΒΟΙΑΣ,ΣΤΕΡΕΑΣ ΕΛΛΑΔΑΣ
566,ΔΗΜ. ΚΟΙΝΟΤ,ΜΕΣΣΑΠΙΩΝ,ΔΗΜΟΣ,ΔΙΡΦΥΩΝ-ΜΕΣΣΑΠΙΩΝ,ΕΥΒΟΙΑΣ,ΣΤΕΡΕΑΣ ΕΛΛΑΔΑΣ
567,ΔΗΜ. ΚΟΙΝΟΤ,ΑΜΑΡΥΝΘΙΩΝ,ΔΗΜΟΣ,ΕΡΕΤΡΙΑΣ,ΕΥΒΟΙΑΣ,ΣΤΕΡΕΑΣ ΕΛΛΑΔΑΣ
568,ΔΗΜ. ΚΟΙΝΟΤ,ΕΡΕΤΡΙΑΣ,ΔΗΜΟΣ,ΕΡΕΤΡΙΑΣ,ΕΥΒΟΙΑΣ,ΣΤΕΡΕΑΣ ΕΛΛΑΔΑΣ
569,ΔΗΜ. ΚΟΙΝΟΤ,ΑΙΔΗΨΟΥ,ΔΗΜΟΣ,ΙΣΤΙΑΙΑΣ-ΑΙΔΗΨΟΥ,ΕΥΒΟΙΑΣ,ΣΤΕΡΕΑΣ ΕΛΛΑΔΑΣ
570,ΤΟΠ. ΚΟΙΝΟΤ,ΑΡΤΕΜΙΣΙΟΥ,ΔΗΜΟΣ,ΙΣΤΙΑΙΑΣ-ΑΙΔΗΨΟΥ,ΕΥΒΟΙΑΣ,ΣΤΕΡΕΑΣ ΕΛΛΑΔΑΣ
571,ΔΗΜ. ΚΟΙΝΟΤ,ΙΣΤΙΑΙΑΣ,ΔΗΜΟΣ,ΙΣΤΙΑΙΑΣ-ΑΙΔΗΨΟΥ,ΕΥΒΟΙΑΣ,ΣΤΕΡΕΑΣ ΕΛΛΑΔΑΣ
572,ΔΗΜ. ΚΟΙΝΟΤ,ΛΙΧΑΔΟΣ,ΔΗΜΟΣ,ΙΣΤΙΑΙΑΣ-ΑΙΔΗΨΟΥ,ΕΥΒΟΙΑΣ,ΣΤΕΡΕΑΣ ΕΛΛΑΔΑΣ
573,ΤΟΠ. ΚΟΙΝΟΤ,ΩΡΕΩΝ,ΔΗΜΟΣ,ΙΣΤΙΑΙΑΣ-ΑΙΔΗΨΟΥ,ΕΥΒΟΙΑΣ,ΣΤΕΡΕΑΣ ΕΛΛΑΔΑΣ
574,ΔΗΜ. ΚΟΙΝΟΤ,ΚΑΡΥΣΤΟΥ,ΔΗΜΟΣ,ΚΑΡΥΣΤΟΥ,ΕΥΒΟΙΑΣ,ΣΤΕΡΕΑΣ ΕΛΛΑΔΑΣ
575,ΤΟΠ. ΚΟΙΝΟΤ,ΚΑΦΗΡΕΩΣ,ΔΗΜΟΣ,ΚΑΡΥΣΤΟΥ,ΕΥΒΟΙΑΣ,ΣΤΕΡΕΑΣ ΕΛΛΑΔΑΣ
576,ΤΟΠ. ΚΟΙΝΟΤ,ΜΑΡΜΑΡΙΟΥ,ΔΗΜΟΣ,ΚΑΡΥΣΤΟΥ,ΕΥΒΟΙΑΣ,ΣΤΕΡΕΑΣ ΕΛΛΑΔΑΣ
577,ΤΟΠ. ΚΟΙΝΟΤ,ΣΤΥΡΕΩΝ,ΔΗΜΟΣ,ΚΑΡΥΣΤΟΥ,ΕΥΒΟΙΑΣ,ΣΤΕΡΕΑΣ ΕΛΛΑΔΑΣ
578,ΤΟΠ. ΚΟΙΝΟΤ,ΑΥΛΩΝΟΣ,ΔΗΜΟΣ,ΚΥΜΗΣ-ΑΛΙΒΕΡΙΟΥ,ΕΥΒΟΙΑΣ,ΣΤΕΡΕΑΣ ΕΛΛΑΔΑΣ
579,ΤΟΠ. ΚΟΙΝΟΤ,ΔΥΣΤΙΩΝ,ΔΗΜΟΣ,ΚΥΜΗΣ-ΑΛΙΒΕΡΙΟΥ,ΕΥΒΟΙΑΣ,ΣΤΕΡΕΑΣ ΕΛΛΑΔΑΣ
580,ΤΟΠ. ΚΟΙΝΟΤ,ΚΟΝΙΣΤΡΩΝ,ΔΗΜΟΣ,ΚΥΜΗΣ-ΑΛΙΒΕΡΙΟΥ,ΕΥΒΟΙΑΣ,ΣΤΕΡΕΑΣ ΕΛΛΑΔΑΣ
581,ΔΗΜ. ΚΟΙΝΟΤ,ΚΥΜΗΣ,ΔΗΜΟΣ,ΚΥΜΗΣ-ΑΛΙΒΕΡΙΟΥ,ΕΥΒΟΙΑΣ,ΣΤΕΡΕΑΣ ΕΛΛΑΔΑΣ
582,ΔΗΜ. ΚΟΙΝΟΤ,ΤΑΜΥΝΕΩΝ,ΔΗΜΟΣ,ΚΥΜΗΣ-ΑΛΙΒΕΡΙΟΥ,ΕΥΒΟΙΑΣ,ΣΤΕΡΕΑΣ ΕΛΛΑΔΑΣ
583,ΔΗΜ. ΚΟΙΝΟΤ,ΕΛΥΜΝΙΩΝ,ΔΗΜΟΣ,ΜΑΝΤΟΥΔΙΟΥ-ΛΙΜΝΗΣ-ΑΓΙΑΣ ΑΝΝΑΣ,ΕΥΒΟΙΑΣ,ΣΤΕΡΕΑΣ ΕΛΛΑΔΑΣ
584,ΤΟΠ. ΚΟΙΝΟΤ,ΚΗΡΕΩΣ,ΔΗΜΟΣ,ΜΑΝΤΟΥΔΙΟΥ-ΛΙΜΝΗΣ-ΑΓΙΑΣ ΑΝΝΑΣ,ΕΥΒΟΙΑΣ,ΣΤΕΡΕΑΣ ΕΛΛΑΔΑΣ
585,ΔΗΜ. ΚΟΙΝΟΤ,ΝΗΛΕΩΣ,ΔΗΜΟΣ,ΜΑΝΤΟΥΔΙΟΥ-ΛΙΜΝΗΣ-ΑΓΙΑΣ ΑΝΝΑΣ,ΕΥΒΟΙΑΣ,ΣΤΕΡΕΑΣ ΕΛΛΑΔΑΣ
586,ΔΗΜ. ΚΟΙΝΟΤ,ΣΚΥΡΟΥ,ΔΗΜΟΣ,ΣΚΥΡΟΥ,ΕΥΒΟΙΑΣ,ΣΤΕΡΕΑΣ ΕΛΛΑΔΑΣ
587,ΔΗΜ. ΚΟΙΝΟΤ,ΑΝΘΗΔΩΝΟΣ,ΔΗΜΟΣ,ΧΑΛΚΙΔΕΩΝ,ΕΥΒΟΙΑΣ,ΣΤΕΡΕΑΣ ΕΛΛΑΔΑΣ
588,ΔΗΜ. ΚΟΙΝΟΤ,ΑΥΛΙΔΟΣ,ΔΗΜΟΣ,ΧΑΛΚΙΔΕΩΝ,ΕΥΒΟΙΑΣ,ΣΤΕΡΕΑΣ ΕΛΛΑΔΑΣ
589,ΔΗΜ. ΚΟΙΝΟΤ,ΛΗΛΑΝΤΙΩΝ,ΔΗΜΟΣ,ΧΑΛΚΙΔΕΩΝ,ΕΥΒΟΙΑΣ,ΣΤΕΡΕΑΣ ΕΛΛΑΔΑΣ
590,ΔΗΜ. ΚΟΙΝΟΤ,ΝΕΑΣ ΑΡΤΑΚΗΣ,ΔΗΜΟΣ,ΧΑΛΚΙΔΕΩΝ,ΕΥΒΟΙΑΣ,ΣΤΕΡΕΑΣ ΕΛΛΑΔΑΣ
591,ΔΗΜ. ΚΟΙΝΟΤ,ΧΑΛΚΙΔΕΩΝ,ΔΗΜΟΣ,ΧΑΛΚΙΔΕΩΝ,ΕΥΒΟΙΑΣ,ΣΤΕΡΕΑΣ ΕΛΛΑΔΑΣ
592,ΤΟΠ. ΚΟΙΝΟΤ,ΑΓΡΑΦΩΝ,ΔΗΜΟΣ,ΑΓΡΑΦΩΝ,ΕΥΡΥΤΑΝΙΑΣ,ΣΤΕΡΕΑΣ ΕΛΛΑΔΑΣ
593,ΤΟΠ. ΚΟΙΝΟΤ,ΑΠΕΡΑΝΤΙΩΝ,ΔΗΜΟΣ,ΑΓΡΑΦΩΝ,ΕΥΡΥΤΑΝΙΑΣ,ΣΤΕΡΕΑΣ ΕΛΛΑΔΑΣ
594,ΤΟΠ. ΚΟΙΝΟΤ,ΑΣΠΡΟΠΟΤΑΜΟΥ,ΔΗΜΟΣ,ΑΓΡΑΦΩΝ,ΕΥΡΥΤΑΝΙΑΣ,ΣΤΕΡΕΑΣ ΕΛΛΑΔΑΣ
595,ΤΟΠ. ΚΟΙΝΟΤ,ΒΙΝΙΑΝΗΣ,ΔΗΜΟΣ,ΑΓΡΑΦΩΝ,ΕΥΡΥΤΑΝΙΑΣ,ΣΤΕΡΕΑΣ ΕΛΛΑΔΑΣ
596,ΤΟΠ. ΚΟΙΝΟΤ,ΦΡΑΓΚΙΣΤΑΣ,ΔΗΜΟΣ,ΑΓΡΑΦΩΝ,ΕΥΡΥΤΑΝΙΑΣ,ΣΤΕΡΕΑΣ ΕΛΛΑΔΑΣ
597,ΤΟΠ. ΚΟΙΝΟΤ,ΔΟΜΝΙΣΤΑΣ,ΔΗΜΟΣ,ΚΑΡΠΕΝΗΣΙΟΥ,ΕΥΡΥΤΑΝΙΑΣ,ΣΤΕΡΕΑΣ ΕΛΛΑΔΑΣ
598,ΔΗΜ. ΚΟΙΝΟΤ,ΚΑΡΠΕΝΗΣΙΟΥ,ΔΗΜΟΣ,ΚΑΡΠΕΝΗΣΙΟΥ,ΕΥΡΥΤΑΝΙΑΣ,ΣΤΕΡΕΑΣ ΕΛΛΑΔΑΣ
599,ΤΟΠ. ΚΟΙΝΟΤ,ΚΤΗΜΕΝΙΩΝ,ΔΗΜΟΣ,ΚΑΡΠΕΝΗΣΙΟΥ,ΕΥΡΥΤΑΝΙΑΣ,ΣΤΕΡΕΑΣ ΕΛΛΑΔΑΣ
600,ΤΟΠ. ΚΟΙΝΟΤ,ΠΟΤΑΜΙΑΣ,ΔΗΜΟΣ,ΚΑΡΠΕΝΗΣΙΟΥ,ΕΥΡΥΤΑΝΙΑΣ,ΣΤΕΡΕΑΣ ΕΛΛΑΔΑΣ
601,ΤΟΠ. ΚΟΙΝΟΤ,ΠΡΟΥΣΣΟΥ,ΔΗΜΟΣ,ΚΑΡΠΕΝΗΣΙΟΥ,ΕΥΡΥΤΑΝΙΑΣ,ΣΤΕΡΕΑΣ ΕΛΛΑΔΑΣ
602,ΤΟΠ. ΚΟΙΝΟΤ,ΦΟΥΡΝΑ,ΔΗΜΟΣ,ΚΑΡΠΕΝΗΣΙΟΥ,ΕΥΡΥΤΑΝΙΑΣ,ΣΤΕΡΕΑΣ ΕΛΛΑΔΑΣ
603,ΔΗΜ. ΚΟΙΝΟΤ,ΑΜΦΙΚΛΕΙΑΣ,ΔΗΜΟΣ,ΑΜΦΙΚΛΕΙΑΣ - ΕΛΑΤΕΙΑΣ,ΦΘΙΩΤΙΔΑΣ,ΣΤΕΡΕΑΣ ΕΛΛΑΔΑΣ
604,ΔΗΜ. ΚΟΙΝΟΤ,ΕΛΑΤΕΙΑΣ,ΔΗΜΟΣ,ΑΜΦΙΚΛΕΙΑΣ - ΕΛΑΤΕΙΑΣ,ΦΘΙΩΤΙΔΑΣ,ΣΤΕΡΕΑΣ ΕΛΛΑΔΑΣ
605,ΔΗΜ. ΚΟΙΝΟΤ,ΤΙΘΟΡΕΑΣ,ΔΗΜΟΣ,ΑΜΦΙΚΛΕΙΑΣ - ΕΛΑΤΕΙΑΣ,ΦΘΙΩΤΙΔΑΣ,ΣΤΕΡΕΑΣ ΕΛΛΑΔΑΣ
606,ΤΟΠ. ΚΟΙΝΟΤ,ΔΟΜΟΚΟΥ,ΔΗΜΟΣ,ΔΟΜΟΚΟΥ,ΦΘΙΩΤΙΔΑΣ,ΣΤΕΡΕΑΣ ΕΛΛΑΔΑΣ
607,ΤΟΠ. ΚΟΙΝΟΤ,ΘΕΣΣΑΛΙΩΤΙΔΟΣ,ΔΗΜΟΣ,ΔΟΜΟΚΟΥ,ΦΘΙΩΤΙΔΑΣ,ΣΤΕΡΕΑΣ ΕΛΛΑΔΑΣ
608,ΤΟΠ. ΚΟΙΝΟΤ,ΞΥΝΙΑΔΟΣ,ΔΗΜΟΣ,ΔΟΜΟΚΟΥ,ΦΘΙΩΤΙΔΑΣ,ΣΤΕΡΕΑΣ ΕΛΛΑΔΑΣ
609,ΤΟΠ. ΚΟΙΝΟΤ,ΓΟΡΓΟΠΟΤΑΜΟΥ,ΔΗΜΟΣ,ΛΑΜΙΕΩΝ,ΦΘΙΩΤΙΔΑΣ,ΣΤΕΡΕΑΣ ΕΛΛΑΔΑΣ
610,ΔΗΜ. ΚΟΙΝΟΤ,ΛΑΜΙΕΩΝ,ΔΗΜΟΣ,ΛΑΜΙΕΩΝ,ΦΘΙΩΤΙΔΑΣ,ΣΤΕΡΕΑΣ ΕΛΛΑΔΑΣ
611,ΤΟΠ. ΚΟΙΝΟΤ,ΛΕΙΑΝΟΚΛΑΔΙΟΥ,ΔΗΜΟΣ,ΛΑΜΙΕΩΝ,ΦΘΙΩΤΙΔΑΣ,ΣΤΕΡΕΑΣ ΕΛΛΑΔΑΣ
612,ΤΟΠ. ΚΟΙΝΟΤ,ΠΑΥΛΙΑΝΗΣ,ΔΗΜΟΣ,ΛΑΜΙΕΩΝ,ΦΘΙΩΤΙΔΑΣ,ΣΤΕΡΕΑΣ ΕΛΛΑΔΑΣ
613,ΤΟΠ. ΚΟΙΝΟΤ,ΥΠΑΤΗΣ,ΔΗΜΟΣ,ΛΑΜΙΕΩΝ,ΦΘΙΩΤΙΔΑΣ,ΣΤΕΡΕΑΣ ΕΛΛΑΔΑΣ
614,ΔΗΜ. ΚΟΙΝΟΤ,ΑΤΑΛΑΝΤΗΣ,ΔΗΜΟΣ,ΛΟΚΡΩΝ,ΦΘΙΩΤΙΔΑΣ,ΣΤΕΡΕΑΣ ΕΛΛΑΔΑΣ
615,ΔΗΜ. ΚΟΙΝΟΤ,ΔΑΦΝΟΥΣΙΩΝ,ΔΗΜΟΣ,ΛΟΚΡΩΝ,ΦΘΙΩΤΙΔΑΣ,ΣΤΕΡΕΑΣ ΕΛΛΑΔΑΣ
616,ΔΗΜ. ΚΟΙΝΟΤ,ΜΑΛΕΣΙΝΗΣ,ΔΗΜΟΣ,ΛΟΚΡΩΝ,ΦΘΙΩΤΙΔΑΣ,ΣΤΕΡΕΑΣ ΕΛΛΑΔΑΣ
617,ΔΗΜ. ΚΟΙΝΟΤ,ΟΠΟΥΝΤΙΩΝ,ΔΗΜΟΣ,ΛΟΚΡΩΝ,ΦΘΙΩΤΙΔΑΣ,ΣΤΕΡΕΑΣ ΕΛΛΑΔΑΣ
618,ΤΟΠ. ΚΟΙΝΟΤ,ΑΓΙΟΥ ΓΕΩΡΓΙΟΥ ΤΥΜΦΡΗΣΤΟΥ,ΔΗΜΟΣ,ΜΑΚΡΑΚΩΜΗΣ,ΦΘΙΩΤΙΔΑΣ,ΣΤΕΡΕΑΣ ΕΛΛΑΔΑΣ
619,ΔΗΜ. ΚΟΙΝΟΤ,ΜΑΚΡΑΚΩΜΗΣ,ΔΗΜΟΣ,ΜΑΚΡΑΚΩΜΗΣ,ΦΘΙΩΤΙΔΑΣ,ΣΤΕΡΕΑΣ ΕΛΛΑΔΑΣ
620,ΔΗΜ. ΚΟΙΝΟΤ,ΣΠΕΡΧΕΙΑΔΟΣ,ΔΗΜΟΣ,ΜΑΚΡΑΚΩΜΗΣ,ΦΘΙΩΤΙΔΑΣ,ΣΤΕΡΕΑΣ ΕΛΛΑΔΑΣ
621,ΤΟΠ. ΚΟΙΝΟΤ,ΤΥΜΦΡΗΣΤΟΥ,ΔΗΜΟΣ,ΜΑΚΡΑΚΩΜΗΣ,ΦΘΙΩΤΙΔΑΣ,ΣΤΕΡΕΑΣ ΕΛΛΑΔΑΣ
622,ΔΗΜ. ΚΟΙΝΟΤ,ΑΓΙΟΥ ΚΩΝΣΤΑΝΤΙΝΟΥ,ΔΗΜΟΣ,ΜΩΛΟΥ - ΑΓΙΟΥ ΚΩΝΣΤΑΝΤΙΝΟΥ,ΦΘΙΩΤΙΔΑΣ,ΣΤΕΡΕΑΣ ΕΛΛΑΔΑΣ
623,ΔΗΜ. ΚΟΙΝΟΤ,ΚΑΜΕΝΩΝ ΒΟΥΡΛΩΝ,ΔΗΜΟΣ,ΜΩΛΟΥ - ΑΓΙΟΥ ΚΩΝΣΤΑΝΤΙΝΟΥ,ΦΘΙΩΤΙΔΑΣ,ΣΤΕΡΕΑΣ ΕΛΛΑΔΑΣ
624,ΔΗΜ. ΚΟΙΝΟΤ,ΜΩΛΟΥ,ΔΗΜΟΣ,ΜΩΛΟΥ - ΑΓΙΟΥ ΚΩΝΣΤΑΝΤΙΝΟΥ,ΦΘΙΩΤΙΔΑΣ,ΣΤΕΡΕΑΣ ΕΛΛΑΔΑΣ
625,ΤΟΠ. ΚΟΙΝΟΤ,ΕΧΙΝΑΙΩΝ,ΔΗΜΟΣ,ΣΤΥΛΙΔΟΣ,ΦΘΙΩΤΙΔΑΣ,ΣΤΕΡΕΑΣ ΕΛΛΑΔΑΣ
626,ΤΟΠ. ΚΟΙΝΟΤ,ΠΕΛΑΣΓΙΑΣ,ΔΗΜΟΣ,ΣΤΥΛΙΔΟΣ,ΦΘΙΩΤΙΔΑΣ,ΣΤΕΡΕΑΣ ΕΛΛΑΔΑΣ
627,ΔΗΜ. ΚΟΙΝΟΤ,ΣΤΥΛΙΔΟΣ,ΔΗΜΟΣ,ΣΤΥΛΙΔΟΣ,ΦΘΙΩΤΙΔΑΣ,ΣΤΕΡΕΑΣ ΕΛΛΑΔΑΣ
628,ΔΗΜ. ΚΟΙΝΟΤ,ΑΜΦΙΣΣΗΣ,ΔΗΜΟΣ,ΔΕΛΦΩΝ,ΦΩΚΙΔΑΣ,ΣΤΕΡΕΑΣ ΕΛΛΑΔΑΣ
629,ΤΟΠ. ΚΟΙΝΟΤ,ΓΑΛΑΞΙΔΙΟΥ,ΔΗΜΟΣ,ΔΕΛΦΩΝ,ΦΩΚΙΔΑΣ,ΣΤΕΡΕΑΣ ΕΛΛΑΔΑΣ
630,ΤΟΠ. ΚΟΙΝΟΤ,ΓΡΑΒΙΑΣ,ΔΗΜΟΣ,ΔΕΛΦΩΝ,ΦΩΚΙΔΑΣ,ΣΤΕΡΕΑΣ ΕΛΛΑΔΑΣ
631,ΔΗΜ. ΚΟΙΝΟΤ,ΔΕΛΦΩΝ,ΔΗΜΟΣ,ΔΕΛΦΩΝ,ΦΩΚΙΔΑΣ,ΣΤΕΡΕΑΣ ΕΛΛΑΔΑΣ
632,ΔΗΜ. ΚΟΙΝΟΤ,ΔΕΣΦΙΝΑΣ,ΔΗΜΟΣ,ΔΕΛΦΩΝ,ΦΩΚΙΔΑΣ,ΣΤΕΡΕΑΣ ΕΛΛΑΔΑΣ
633,ΔΗΜ. ΚΟΙΝΟΤ,ΙΤΕΑΣ,ΔΗΜΟΣ,ΔΕΛΦΩΝ,ΦΩΚΙΔΑΣ,ΣΤΕΡΕΑΣ ΕΛΛΑΔΑΣ
634,ΤΟΠ. ΚΟΙΝΟΤ,ΚΑΛΛΙΕΩΝ,ΔΗΜΟΣ,ΔΕΛΦΩΝ,ΦΩΚΙΔΑΣ,ΣΤΕΡΕΑΣ ΕΛΛΑΔΑΣ
635,ΤΟΠ. ΚΟΙΝΟΤ,ΠΑΡΝΑΣΣΟΥ,ΔΗΜΟΣ,ΔΕΛΦΩΝ,ΦΩΚΙΔΑΣ,ΣΤΕΡΕΑΣ ΕΛΛΑΔΑΣ
636,ΤΟΠ. ΚΟΙΝΟΤ,ΒΑΡΔΟΥΣΙΩΝ,ΔΗΜΟΣ,ΔΩΡΙΔΟΣ,ΦΩΚΙΔΑΣ,ΣΤΕΡΕΑΣ ΕΛΛΑΔΑΣ
637,ΤΟΠ. ΚΟΙΝΟΤ,ΕΥΠΑΛΙΟΥ,ΔΗΜΟΣ,ΔΩΡΙΔΟΣ,ΦΩΚΙΔΑΣ,ΣΤΕΡΕΑΣ ΕΛΛΑΔΑΣ
638,ΤΟΠ. ΚΟΙΝΟΤ,ΛΙΔΩΡΙΚΙΟΥ,ΔΗΜΟΣ,ΔΩΡΙΔΟΣ,ΦΩΚΙΔΑΣ,ΣΤΕΡΕΑΣ ΕΛΛΑΔΑΣ
639,ΤΟΠ. ΚΟΙΝΟΤ,ΤΟΛΟΦΩΝΟΣ,ΔΗΜΟΣ,ΔΩΡΙΔΟΣ,ΦΩΚΙΔΑΣ,ΣΤΕΡΕΑΣ ΕΛΛΑΔΑΣ
640,ΔΗΜ. ΚΟΙΝΟΤ,ΑΓΙΑΣ ΠΑΡΑΣΚΕΥΗΣ,ΔΗΜΟΣ,ΑΓΙΑΣ ΠΑΡΑΣΚΕΥΗΣ,ΒΟΡΕΙΟΥ ΤΟΜΕΑ ΑΘΗΝΩΝ,ΑΤΤΙΚΗΣ
641,ΔΗΜ. ΚΟΙΝΟΤ,ΑΜΑΡΟΥΣΙΟΥ,ΔΗΜΟΣ,ΑΜΑΡΟΥΣΙΟΥ,ΒΟΡΕΙΟΥ ΤΟΜΕΑ ΑΘΗΝΩΝ,ΑΤΤΙΚΗΣ
642,ΔΗΜ. ΚΟΙΝΟΤ,ΒΡΙΛΗΣΣΙΩΝ,ΔΗΜΟΣ,ΒΡΙΛΗΣΣΙΩΝ,ΒΟΡΕΙΟΥ ΤΟΜΕΑ ΑΘΗΝΩΝ,ΑΤΤΙΚΗΣ
643,ΔΗΜ. ΚΟΙΝΟΤ,ΗΡΑΚΛΕΙΟΥ,ΔΗΜΟΣ,ΗΡΑΚΛΕΙΟΥ,ΒΟΡΕΙΟΥ ΤΟΜΕΑ ΑΘΗΝΩΝ,ΑΤΤΙΚΗΣ
644,ΔΗΜ. ΚΟΙΝΟΤ,ΕΚΑΛΗΣ,ΔΗΜΟΣ,ΚΗΦΙΣΙΑΣ,ΒΟΡΕΙΟΥ ΤΟΜΕΑ ΑΘΗΝΩΝ,ΑΤΤΙΚΗΣ
645,ΔΗΜ. ΚΟΙΝΟΤ,ΚΗΦΙΣΙΑΣ,ΔΗΜΟΣ,ΚΗΦΙΣΙΑΣ,ΒΟΡΕΙΟΥ ΤΟΜΕΑ ΑΘΗΝΩΝ,ΑΤΤΙΚΗΣ
646,ΔΗΜ. ΚΟΙΝΟΤ,ΝΕΑΣ ΕΡΥΘΡΑΙΑΣ,ΔΗΜΟΣ,ΚΗΦΙΣΙΑΣ,ΒΟΡΕΙΟΥ ΤΟΜΕΑ ΑΘΗΝΩΝ,ΑΤΤΙΚΗΣ
647,ΔΗΜ. ΚΟΙΝΟΤ,ΛΥΚΟΒΡΥΣΕΩΣ,ΔΗΜΟΣ,ΛΥΚΟΒΡΥΣΗΣ - ΠΕΥΚΗΣ,ΒΟΡΕΙΟΥ ΤΟΜΕΑ ΑΘΗΝΩΝ,ΑΤΤΙΚΗΣ
648,ΔΗΜ. ΚΟΙΝΟΤ,ΠΕΥΚΗΣ,ΔΗΜΟΣ,ΛΥΚΟΒΡΥΣΗΣ - ΠΕΥΚΗΣ,ΒΟΡΕΙΟΥ ΤΟΜΕΑ ΑΘΗΝΩΝ,ΑΤΤΙΚΗΣ
649,ΔΗΜ. ΚΟΙΝΟΤ,ΜΕΤΑΜΟΡΦΩΣΕΩΣ,ΔΗΜΟΣ,ΜΕΤΑΜΟΡΦΩΣΕΩΣ,ΒΟΡΕΙΟΥ ΤΟΜΕΑ ΑΘΗΝΩΝ,ΑΤΤΙΚΗΣ
650,ΔΗΜ. ΚΟΙΝΟΤ,ΝΕΑΣ ΙΩΝΙΑΣ,ΔΗΜΟΣ,ΝΕΑΣ ΙΩΝΙΑΣ,ΒΟΡΕΙΟΥ ΤΟΜΕΑ ΑΘΗΝΩΝ,ΑΤΤΙΚΗΣ
651,ΔΗΜ. ΚΟΙΝΟΤ,ΠΑΠΑΓΟΥ,ΔΗΜΟΣ,ΠΑΠΑΓΟΥ - ΧΟΛΑΡΓΟΥ,ΒΟΡΕΙΟΥ ΤΟΜΕΑ ΑΘΗΝΩΝ,ΑΤΤΙΚΗΣ
652,ΔΗΜ. ΚΟΙΝΟΤ,ΧΟΛΑΡΓΟΥ,ΔΗΜΟΣ,ΠΑΠΑΓΟΥ - ΧΟΛΑΡΓΟΥ,ΒΟΡΕΙΟΥ ΤΟΜΕΑ ΑΘΗΝΩΝ,ΑΤΤΙΚΗΣ
653,ΔΗΜ. ΚΟΙΝΟΤ,ΜΕΛΙΣΣΙΩΝ,ΔΗΜΟΣ,ΠΕΝΤΕΛΗΣ,ΒΟΡΕΙΟΥ ΤΟΜΕΑ ΑΘΗΝΩΝ,ΑΤΤΙΚΗΣ
654,ΔΗΜ. ΚΟΙΝΟΤ,ΝΕΑΣ ΠΕΝΤΕΛΗΣ,ΔΗΜΟΣ,ΠΕΝΤΕΛΗΣ,ΒΟΡΕΙΟΥ ΤΟΜΕΑ ΑΘΗΝΩΝ,ΑΤΤΙΚΗΣ
655,ΔΗΜ. ΚΟΙΝΟΤ,ΠΕΝΤΕΛΗΣ,ΔΗΜΟΣ,ΠΕΝΤΕΛΗΣ,ΒΟΡΕΙΟΥ ΤΟΜΕΑ ΑΘΗΝΩΝ,ΑΤΤΙΚΗΣ
656,ΔΗΜ. ΚΟΙΝΟΤ,ΝΕΟΥ ΨΥΧΙΚΟΥ,ΔΗΜΟΣ,ΦΙΛΟΘΕΗΣ - ΨΥΧΙΚΟΥ,ΒΟΡΕΙΟΥ ΤΟΜΕΑ ΑΘΗΝΩΝ,ΑΤΤΙΚΗΣ
657,ΔΗΜ. ΚΟΙΝΟΤ,ΦΙΛΟΘΕΗΣ,ΔΗΜΟΣ,ΦΙΛΟΘΕΗΣ - ΨΥΧΙΚΟΥ,ΒΟΡΕΙΟΥ ΤΟΜΕΑ ΑΘΗΝΩΝ,ΑΤΤΙΚΗΣ
658,ΔΗΜ. ΚΟΙΝΟΤ,ΨΥΧΙΚΟΥ,ΔΗΜΟΣ,ΦΙΛΟΘΕΗΣ - ΨΥΧΙΚΟΥ,ΒΟΡΕΙΟΥ ΤΟΜΕΑ ΑΘΗΝΩΝ,ΑΤΤΙΚΗΣ
659,ΔΗΜ. ΚΟΙΝΟΤ,ΧΑΛΑΝΔΡΙΟΥ,ΔΗΜΟΣ,ΧΑΛΑΝΔΡΙΟΥ,ΒΟΡΕΙΟΥ ΤΟΜΕΑ ΑΘΗΝΩΝ,ΑΤΤΙΚΗΣ
660,ΔΗΜ. ΚΟΙΝΟΤ,ΑΓΙΑΣ ΒΑΡΒΑΡΑΣ,ΔΗΜΟΣ,ΑΓΙΑΣ ΒΑΡΒΑΡΑΣ,ΔΥΤΙΚΟΥ ΤΟΜΕΑ ΑΘΗΝΩΝ,ΑΤΤΙΚΗΣ
661,ΔΗΜ. ΚΟΙΝΟΤ,ΑΓΙΩΝ ΑΝΑΡΓΥΡΩΝ,ΔΗΜΟΣ,ΑΓΙΩΝ ΑΝΑΡΓΥΡΩΝ - ΚΑΜΑΤΕΡΟΥ,ΔΥΤΙΚΟΥ ΤΟΜΕΑ ΑΘΗΝΩΝ,ΑΤΤΙΚΗΣ
662,ΔΗΜ. ΚΟΙΝΟΤ,ΚΑΜΑΤΕΡΟΥ,ΔΗΜΟΣ,ΑΓΙΩΝ ΑΝΑΡΓΥΡΩΝ - ΚΑΜΑΤΕΡΟΥ,ΔΥΤΙΚΟΥ ΤΟΜΕΑ ΑΘΗΝΩΝ,ΑΤΤΙΚΗΣ
663,ΔΗΜ. ΚΟΙΝΟΤ,ΑΙΓΑΛΕΩ,ΔΗΜΟΣ,ΑΙΓΑΛΕΩ,ΔΥΤΙΚΟΥ ΤΟΜΕΑ ΑΘΗΝΩΝ,ΑΤΤΙΚΗΣ
664,ΔΗΜ. ΚΟΙΝΟΤ,"ΙΛΙΟΥ ",ΔΗΜΟΣ,"ΙΛΙΟΥ ",ΔΥΤΙΚΟΥ ΤΟΜΕΑ ΑΘΗΝΩΝ,ΑΤΤΙΚΗΣ
665,ΔΗΜ. ΚΟΙΝΟΤ,ΠΕΡΙΣΤΕΡΙΟΥ,ΔΗΜΟΣ,ΠΕΡΙΣΤΕΡΙΟΥ,ΔΥΤΙΚΟΥ ΤΟΜΕΑ ΑΘΗΝΩΝ,ΑΤΤΙΚΗΣ
666,ΔΗΜ. ΚΟΙΝΟΤ,ΠΕΤΡΟΥΠΟΛΕΩΣ,ΔΗΜΟΣ,ΠΕΤΡΟΥΠΟΛΕΩΣ,ΔΥΤΙΚΟΥ ΤΟΜΕΑ ΑΘΗΝΩΝ,ΑΤΤΙΚΗΣ
667,ΔΗΜ. ΚΟΙΝΟΤ,ΧΑΪΔΑΡΙΟΥ,ΔΗΜΟΣ,ΧΑΪΔΑΡΙΟΥ,ΔΥΤΙΚΟΥ ΤΟΜΕΑ ΑΘΗΝΩΝ,ΑΤΤΙΚΗΣ
668,ΔΗΜ. ΚΟΙΝΟΤ,ΑΘΗΝΑΙΩΝ,ΔΗΜΟΣ,ΑΘΗΝΑΙΩΝ,ΚΕΝΤΡΙΚΟΥ ΤΟΜΕΑ ΑΘΗΝΩΝ,ΑΤΤΙΚΗΣ
669,ΔΗΜ. ΚΟΙΝΟΤ,ΒΥΡΩΝΟΣ,ΔΗΜΟΣ,ΒΥΡΩΝΟΣ,ΚΕΝΤΡΙΚΟΥ ΤΟΜΕΑ ΑΘΗΝΩΝ,ΑΤΤΙΚΗΣ
670,ΔΗΜ. ΚΟΙΝΟΤ,ΓΑΛΑΤΣΙΟΥ,ΔΗΜΟΣ,ΓΑΛΑΤΣΙΟΥ,ΚΕΝΤΡΙΚΟΥ ΤΟΜΕΑ ΑΘΗΝΩΝ,ΑΤΤΙΚΗΣ
671,ΔΗΜ. ΚΟΙΝΟΤ,ΔΑΦΝΗΣ,ΔΗΜΟΣ,ΔΑΦΝΗΣ - ΥΜΗΤΤΟΥ,ΚΕΝΤΡΙΚΟΥ ΤΟΜΕΑ ΑΘΗΝΩΝ,ΑΤΤΙΚΗΣ
672,ΔΗΜ. ΚΟΙΝΟΤ,ΥΜΗΤΤΟΥ,ΔΗΜΟΣ,ΔΑΦΝΗΣ - ΥΜΗΤΤΟΥ,ΚΕΝΤΡΙΚΟΥ ΤΟΜΕΑ ΑΘΗΝΩΝ,ΑΤΤΙΚΗΣ
673,ΔΗΜ. ΚΟΙΝΟΤ,ΖΩΓΡΑΦΟΥ,ΔΗΜΟΣ,ΖΩΓΡΑΦΟΥ,ΚΕΝΤΡΙΚΟΥ ΤΟΜΕΑ ΑΘΗΝΩΝ,ΑΤΤΙΚΗΣ
674,ΔΗΜ. ΚΟΙΝΟΤ,ΗΛΙΟΥΠΟΛΕΩΣ,ΔΗΜΟΣ,ΗΛΙΟΥΠΟΛΕΩΣ,ΚΕΝΤΡΙΚΟΥ ΤΟΜΕΑ ΑΘΗΝΩΝ,ΑΤΤΙΚΗΣ
675,ΔΗΜ. ΚΟΙΝΟΤ,ΚΑΙΣΑΡΙΑΝΗΣ,ΔΗΜΟΣ,ΚΑΙΣΑΡΙΑΝΗΣ,ΚΕΝΤΡΙΚΟΥ ΤΟΜΕΑ ΑΘΗΝΩΝ,ΑΤΤΙΚΗΣ
676,ΔΗΜ. ΚΟΙΝΟΤ,ΝΕΑΣ ΦΙΛΑΔΕΛΦΕΙΑΣ,ΔΗΜΟΣ,ΦΙΛΑΔΕΛΦΕΙΑΣ - ΧΑΛΚΗΔΟΝΟΣ,ΚΕΝΤΡΙΚΟΥ ΤΟΜΕΑ ΑΘΗΝΩΝ,ΑΤΤΙΚΗΣ
677,ΔΗΜ. ΚΟΙΝΟΤ,ΝΕΑΣ ΧΑΛΚΗΔΟΝΟΣ,ΔΗΜΟΣ,ΦΙΛΑΔΕΛΦΕΙΑΣ - ΧΑΛΚΗΔΟΝΟΣ,ΚΕΝΤΡΙΚΟΥ ΤΟΜΕΑ ΑΘΗΝΩΝ,ΑΤΤΙΚΗΣ
678,ΔΗΜ. ΚΟΙΝΟΤ,ΑΓΙΟΥ ΔΗΜΗΤΡΙΟΥ,ΔΗΜΟΣ,ΑΓΙΟΥ ΔΗΜΗΤΡΙΟΥ,ΝΟΤΙΟΥ ΤΟΜΕΑ ΑΘΗΝΩΝ,ΑΤΤΙΚΗΣ
679,ΔΗΜ. ΚΟΙΝΟΤ,ΑΛΙΜΟΥ,ΔΗΜΟΣ,ΑΛΙΜΟΥ,ΝΟΤΙΟΥ ΤΟΜΕΑ ΑΘΗΝΩΝ,ΑΤΤΙΚΗΣ
680,ΔΗΜ. ΚΟΙΝΟΤ,ΓΛΥΦΑΔΑΣ,ΔΗΜΟΣ,ΓΛΥΦΑΔΑΣ,ΝΟΤΙΟΥ ΤΟΜΕΑ ΑΘΗΝΩΝ,ΑΤΤΙΚΗΣ
681,ΔΗΜ. ΚΟΙΝΟΤ,ΑΡΓΥΡΟΥΠΟΛΕΩΣ,ΔΗΜΟΣ,ΕΛΛΗΝΙΚΟΥ - ΑΡΓΥΡΟΥΠΟΛΗΣ,ΝΟΤΙΟΥ ΤΟΜΕΑ ΑΘΗΝΩΝ,ΑΤΤΙΚΗΣ
682,ΔΗΜ. ΚΟΙΝΟΤ,ΕΛΛΗΝΙΚΟΥ,ΔΗΜΟΣ,ΕΛΛΗΝΙΚΟΥ - ΑΡΓΥΡΟΥΠΟΛΗΣ,ΝΟΤΙΟΥ ΤΟΜΕΑ ΑΘΗΝΩΝ,ΑΤΤΙΚΗΣ
683,ΔΗΜ. ΚΟΙΝΟΤ,ΚΑΛΛΙΘΕΑΣ,ΔΗΜΟΣ,ΚΑΛΛΙΘΕΑΣ,ΝΟΤΙΟΥ ΤΟΜΕΑ ΑΘΗΝΩΝ,ΑΤΤΙΚΗΣ
684,ΔΗΜ. ΚΟΙΝΟΤ,ΜΟΣΧΑΤΟΥ,ΔΗΜΟΣ,ΜΟΣΧΑΤΟΥ - ΤΑΥΡΟΥ,ΝΟΤΙΟΥ ΤΟΜΕΑ ΑΘΗΝΩΝ,ΑΤΤΙΚΗΣ
685,ΔΗΜ. ΚΟΙΝΟΤ,ΤΑΥΡΟΥ,ΔΗΜΟΣ,ΜΟΣΧΑΤΟΥ - ΤΑΥΡΟΥ,ΝΟΤΙΟΥ ΤΟΜΕΑ ΑΘΗΝΩΝ,ΑΤΤΙΚΗΣ
686,ΔΗΜ. ΚΟΙΝΟΤ,ΝΕΑΣ ΣΜΥΡΝΗΣ,ΔΗΜΟΣ,ΝΕΑΣ ΣΜΥΡΝΗΣ,ΝΟΤΙΟΥ ΤΟΜΕΑ ΑΘΗΝΩΝ,ΑΤΤΙΚΗΣ
687,ΔΗΜ. ΚΟΙΝΟΤ,ΠΑΛΑΙΟΥ ΦΑΛΗΡΟΥ,ΔΗΜΟΣ,ΠΑΛΑΙΟΥ ΦΑΛΗΡΟΥ,ΝΟΤΙΟΥ ΤΟΜΕΑ ΑΘΗΝΩΝ,ΑΤΤΙΚΗΣ
688,ΔΗΜ. ΚΟΙΝΟΤ,ΔΡΑΠΕΤΣΩΝΑΣ,ΔΗΜΟΣ,ΚΕΡΑΤΣΙΝΙΟΥ - ΔΡΑΠΕΤΣΩΝΑΣ,ΠΕΙΡΑΙΩΣ,ΑΤΤΙΚΗΣ
689,ΔΗΜ. ΚΟΙΝΟΤ,ΚΕΡΑΤΣΙΝΙΟΥ,ΔΗΜΟΣ,ΚΕΡΑΤΣΙΝΙΟΥ - ΔΡΑΠΕΤΣΩΝΑΣ,ΠΕΙΡΑΙΩΣ,ΑΤΤΙΚΗΣ
690,ΔΗΜ. ΚΟΙΝΟΤ,ΚΟΡΥΔΑΛΛΟΥ,ΔΗΜΟΣ,ΚΟΡΥΔΑΛΛΟΥ,ΠΕΙΡΑΙΩΣ,ΑΤΤΙΚΗΣ
691,ΔΗΜ. ΚΟΙΝΟΤ,ΑΓΙΟΥ ΙΩΑΝΝΟΥ ΡΕΝΤΗ,ΔΗΜΟΣ,ΝΙΚΑΙΑΣ - ΑΓΙΟΥ Ι. ΡΕΝΤΗ,ΠΕΙΡΑΙΩΣ,ΑΤΤΙΚΗΣ
692,ΔΗΜ. ΚΟΙΝΟΤ,ΝΙΚΑΙΑΣ,ΔΗΜΟΣ,ΝΙΚΑΙΑΣ - ΑΓΙΟΥ Ι. ΡΕΝΤΗ,ΠΕΙΡΑΙΩΣ,ΑΤΤΙΚΗΣ
693,ΔΗΜ. ΚΟΙΝΟΤ,ΠΕΙΡΑΙΩΣ,ΔΗΜΟΣ,ΠΕΙΡΑΙΩΣ,ΠΕΙΡΑΙΩΣ,ΑΤΤΙΚΗΣ
694,ΔΗΜ. ΚΟΙΝΟΤ,ΠΕΡΑΜΑΤΟΣ,ΔΗΜΟΣ,ΠΕΡΑΜΑΤΟΣ,ΠΕΙΡΑΙΩΣ,ΑΤΤΙΚΗΣ
695,ΔΗΜ. ΚΟΙΝΟΤ,ΑΓΚΙΣΤΡΙΟΥ,ΔΗΜΟΣ,ΑΓΚΙΣΤΡΙΟΥ,ΝΗΣΩΝ,ΑΤΤΙΚΗΣ
696,ΔΗΜ. ΚΟΙΝΟΤ,ΑΙΓΙΝΑΣ,ΔΗΜΟΣ,ΑΙΓΙΝΑΣ,ΝΗΣΩΝ,ΑΤΤΙΚΗΣ
697,ΔΗΜ. ΚΟΙΝΟΤ,ΑΝΤΙΚΥΘΗΡΩΝ,ΔΗΜΟΣ,ΚΥΘΗΡΩΝ,ΝΗΣΩΝ,ΑΤΤΙΚΗΣ
698,ΤΟΠ. ΚΟΙΝΟΤ,ΚΥΘΗΡΩΝ,ΔΗΜΟΣ,ΚΥΘΗΡΩΝ,ΝΗΣΩΝ,ΑΤΤΙΚΗΣ
699,ΔΗΜ. ΚΟΙΝΟΤ,ΠΟΡΟΥ,ΔΗΜΟΣ,ΠΟΡΟΥ,ΝΗΣΩΝ,ΑΤΤΙΚΗΣ
700,ΔΗΜ. ΚΟΙΝΟΤ,ΑΜΠΕΛΑΚΙΩΝ,ΔΗΜΟΣ,ΣΑΛΑΜΙΝΟΣ,ΝΗΣΩΝ,ΑΤΤΙΚΗΣ
701,ΔΗΜ. ΚΟΙΝΟΤ,ΣΑΛΑΜΙΝΑΣ,ΔΗΜΟΣ,ΣΑΛΑΜΙΝΟΣ,ΝΗΣΩΝ,ΑΤΤΙΚΗΣ
702,ΔΗΜ. ΚΟΙΝΟΤ,ΣΠΕΤΣΩΝ,ΔΗΜΟΣ,ΣΠΕΤΣΩΝ,ΝΗΣΩΝ,ΑΤΤΙΚΗΣ
703,ΤΟΠ. ΚΟΙΝΟΤ,ΜΕΘΑΝΩΝ,ΔΗΜΟΣ,ΤΡΟΙΖΗΝΙΑΣ,ΝΗΣΩΝ,ΑΤΤΙΚΗΣ
704,ΔΗΜ. ΚΟΙΝΟΤ,ΤΡΟΙΖΗΝΟΣ,ΔΗΜΟΣ,ΤΡΟΙΖΗΝΙΑΣ,ΝΗΣΩΝ,ΑΤΤΙΚΗΣ
705,ΤΟΠ. ΚΟΙΝΟΤ,ΥΔΡΑΣ,ΔΗΜΟΣ,ΥΔΡΑΣ,ΝΗΣΩΝ,ΑΤΤΙΚΗΣ
706,ΔΗΜ. ΚΟΙΝΟΤ,ΑΧΑΡΝΩΝ,ΔΗΜΟΣ,ΑΧΑΡΝΩΝ,ΑΝΑΤΟΛΙΚΗΣ ΑΤΤΙΚΗΣ,ΑΤΤΙΚΗΣ
707,ΔΗΜ. ΚΟΙΝΟΤ,ΘΡΑΚΟΜΑΚΕΔΟΝΩΝ,ΔΗΜΟΣ,ΑΧΑΡΝΩΝ,ΑΝΑΤΟΛΙΚΗΣ ΑΤΤΙΚΗΣ,ΑΤΤΙΚΗΣ
708,ΔΗΜ. ΚΟΙΝΟΤ,ΒΑΡΗΣ,ΔΗΜΟΣ,ΒΑΡΗΣ - ΒΟΥΛΑΣ - ΒΟΥΛΙΑΓΜΕΝΗΣ,ΑΝΑΤΟΛΙΚΗΣ ΑΤΤΙΚΗΣ,ΑΤΤΙΚΗΣ
709,ΔΗΜ. ΚΟΙΝΟΤ,ΒΟΥΛΑΣ,ΔΗΜΟΣ,ΒΑΡΗΣ - ΒΟΥΛΑΣ - ΒΟΥΛΙΑΓΜΕΝΗΣ,ΑΝΑΤΟΛΙΚΗΣ ΑΤΤΙΚΗΣ,ΑΤΤΙΚΗΣ
710,ΔΗΜ. ΚΟΙΝΟΤ,ΒΟΥΛΙΑΓΜΕΝΗΣ,ΔΗΜΟΣ,ΒΑΡΗΣ - ΒΟΥΛΑΣ - ΒΟΥΛΙΑΓΜΕΝΗΣ,ΑΝΑΤΟΛΙΚΗΣ ΑΤΤΙΚΗΣ,ΑΤΤΙΚΗΣ
711,ΔΗΜ. ΚΟΙΝΟΤ,ΑΓΙΟΥ ΣΤΕΦΑΝΟΥ,ΔΗΜΟΣ,ΔΙΟΝΥΣΟΥ,ΑΝΑΤΟΛΙΚΗΣ ΑΤΤΙΚΗΣ,ΑΤΤΙΚΗΣ
712,ΔΗΜ. ΚΟΙΝΟΤ,ΑΝΟΙΞΕΩΣ,ΔΗΜΟΣ,ΔΙΟΝΥΣΟΥ,ΑΝΑΤΟΛΙΚΗΣ ΑΤΤΙΚΗΣ,ΑΤΤΙΚΗΣ
713,ΔΗΜ. ΚΟΙΝΟΤ,ΔΙΟΝΥΣΟΥ,ΔΗΜΟΣ,ΔΙΟΝΥΣΟΥ,ΑΝΑΤΟΛΙΚΗΣ ΑΤΤΙΚΗΣ,ΑΤΤΙΚΗΣ
714,ΔΗΜ. ΚΟΙΝΟΤ,ΔΡΟΣΙΑΣ,ΔΗΜΟΣ,ΔΙΟΝΥΣΟΥ,ΑΝΑΤΟΛΙΚΗΣ ΑΤΤΙΚΗΣ,ΑΤΤΙΚΗΣ
715,ΔΗΜ. ΚΟΙΝΟΤ,ΚΡΥΟΝΕΡΙΟΥ,ΔΗΜΟΣ,ΔΙΟΝΥΣΟΥ,ΑΝΑΤΟΛΙΚΗΣ ΑΤΤΙΚΗΣ,ΑΤΤΙΚΗΣ
716,ΔΗΜ. ΚΟΙΝΟΤ,ΡΟΔΟΠΟΛΕΩΣ,ΔΗΜΟΣ,ΔΙΟΝΥΣΟΥ,ΑΝΑΤΟΛΙΚΗΣ ΑΤΤΙΚΗΣ,ΑΤΤΙΚΗΣ
717,ΔΗΜ. ΚΟΙΝΟΤ,ΣΤΑΜΑΤΑΣ,ΔΗΜΟΣ,ΔΙΟΝΥΣΟΥ,ΑΝΑΤΟΛΙΚΗΣ ΑΤΤΙΚΗΣ,ΑΤΤΙΚΗΣ
718,ΔΗΜ. ΚΟΙΝΟΤ,ΚΡΩΠΙΑΣ,ΔΗΜΟΣ,ΚΡΩΠΙΑΣ,ΑΝΑΤΟΛΙΚΗΣ ΑΤΤΙΚΗΣ,ΑΤΤΙΚΗΣ
719,ΤΟΠ. ΚΟΙΝΟΤ,ΑΓΙΟΥ ΚΩΝΣΤΑΝΤΙΝΟΥ,ΔΗΜΟΣ,ΛΑΥΡΕΩΤΙΚΗΣ,ΑΝΑΤΟΛΙΚΗΣ ΑΤΤΙΚΗΣ,ΑΤΤΙΚΗΣ
720,ΔΗΜ. ΚΟΙΝΟΤ,ΚΕΡΑΤΕΑΣ,ΔΗΜΟΣ,ΛΑΥΡΕΩΤΙΚΗΣ,ΑΝΑΤΟΛΙΚΗΣ ΑΤΤΙΚΗΣ,ΑΤΤΙΚΗΣ
721,ΔΗΜ. ΚΟΙΝΟΤ,ΛΑΥΡΕΩΤΙΚΗΣ,ΔΗΜΟΣ,ΛΑΥΡΕΩΤΙΚΗΣ,ΑΝΑΤΟΛΙΚΗΣ ΑΤΤΙΚΗΣ,ΑΤΤΙΚΗΣ
722,ΤΟΠ. ΚΟΙΝΟΤ,ΒΑΡΝΑΒΑ,ΔΗΜΟΣ,ΜΑΡΑΘΩΝΟΣ,ΑΝΑΤΟΛΙΚΗΣ ΑΤΤΙΚΗΣ,ΑΤΤΙΚΗΣ
723,ΤΟΠ. ΚΟΙΝΟΤ,ΓΡΑΜΜΑΤΙΚΟΥ,ΔΗΜΟΣ,ΜΑΡΑΘΩΝΟΣ,ΑΝΑΤΟΛΙΚΗΣ ΑΤΤΙΚΗΣ,ΑΤΤΙΚΗΣ
724,ΔΗΜ. ΚΟΙΝΟΤ,ΜΑΡΑΘΩΝΟΣ,ΔΗΜΟΣ,ΜΑΡΑΘΩΝΟΣ,ΑΝΑΤΟΛΙΚΗΣ ΑΤΤΙΚΗΣ,ΑΤΤΙΚΗΣ
725,ΔΗΜ. ΚΟΙΝΟΤ,ΝΕΑΣ ΜΑΚΡΗΣ,ΔΗΜΟΣ,ΜΑΡΑΘΩΝΟΣ,ΑΝΑΤΟΛΙΚΗΣ ΑΤΤΙΚΗΣ,ΑΤΤΙΚΗΣ
726,ΔΗΜ. ΚΟΙΝΟΤ,ΜΑΡΚΟΠΟΥΛΟΥ ΜΕΣΟΓΑΙΑΣ,ΔΗΜΟΣ,ΜΑΡΚΟΠΟΥΛΟΥ ΜΕΣΟΓΑΙΑΣ,ΑΝΑΤΟΛΙΚΗΣ ΑΤΤΙΚΗΣ,ΑΤΤΙΚΗΣ
727,ΔΗΜ. ΚΟΙΝΟΤ,ΓΛΥΚΩΝ ΝΕΡΩΝ,ΔΗΜΟΣ,ΠΑΙΑΝΙΑΣ,ΑΝΑΤΟΛΙΚΗΣ ΑΤΤΙΚΗΣ,ΑΤΤΙΚΗΣ
728,ΔΗΜ. ΚΟΙΝΟΤ,ΠΑΙΑΝΙΑΣ,ΔΗΜΟΣ,ΠΑΙΑΝΙΑΣ,ΑΝΑΤΟΛΙΚΗΣ ΑΤΤΙΚΗΣ,ΑΤΤΙΚΗΣ
729,ΔΗΜ. ΚΟΙΝΟΤ,ΑΝΘΟΥΣΗΣ,ΔΗΜΟΣ,ΠΑΛΛΗΝΗΣ,ΑΝΑΤΟΛΙΚΗΣ ΑΤΤΙΚΗΣ,ΑΤΤΙΚΗΣ
730,ΔΗΜ. ΚΟΙΝΟΤ,ΓΕΡΑΚΑ,ΔΗΜΟΣ,ΠΑΛΛΗΝΗΣ,ΑΝΑΤΟΛΙΚΗΣ ΑΤΤΙΚΗΣ,ΑΤΤΙΚΗΣ
731,ΔΗΜ. ΚΟΙΝΟΤ,ΠΑΛΛΗΝΗΣ,ΔΗΜΟΣ,ΠΑΛΛΗΝΗΣ,ΑΝΑΤΟΛΙΚΗΣ ΑΤΤΙΚΗΣ,ΑΤΤΙΚΗΣ
732,ΔΗΜ. ΚΟΙΝΟΤ,ΠΙΚΕΡΜΙΟΥ,ΔΗΜΟΣ,ΡΑΦΗΝΑΣ - ΠΙΚΕΡΜΙΟΥ,ΑΝΑΤΟΛΙΚΗΣ ΑΤΤΙΚΗΣ,ΑΤΤΙΚΗΣ
733,ΔΗΜ. ΚΟΙΝΟΤ,ΡΑΦΗΝΑΣ,ΔΗΜΟΣ,ΡΑΦΗΝΑΣ - ΠΙΚΕΡΜΙΟΥ,ΑΝΑΤΟΛΙΚΗΣ ΑΤΤΙΚΗΣ,ΑΤΤΙΚΗΣ
734,ΔΗΜ. ΚΟΙΝΟΤ,ΑΝΑΒΥΣΣΟΥ,ΔΗΜΟΣ,ΣΑΡΩΝΙΚΟΥ,ΑΝΑΤΟΛΙΚΗΣ ΑΤΤΙΚΗΣ,ΑΤΤΙΚΗΣ
735,ΔΗΜ. ΚΟΙΝΟΤ,ΚΑΛΥΒΙΩΝ ΘΟΡΙΚΟΥ,ΔΗΜΟΣ,ΣΑΡΩΝΙΚΟΥ,ΑΝΑΤΟΛΙΚΗΣ ΑΤΤΙΚΗΣ,ΑΤΤΙΚΗΣ
736,ΤΟΠ. ΚΟΙΝΟΤ,ΚΟΥΒΑΡΑ,ΔΗΜΟΣ,ΣΑΡΩΝΙΚΟΥ,ΑΝΑΤΟΛΙΚΗΣ ΑΤΤΙΚΗΣ,ΑΤΤΙΚΗΣ
737,ΔΗΜ. ΚΟΙΝΟΤ,ΠΑΛΑΙΑΣ ΦΩΚΑΙΑΣ,ΔΗΜΟΣ,ΣΑΡΩΝΙΚΟΥ,ΑΝΑΤΟΛΙΚΗΣ ΑΤΤΙΚΗΣ,ΑΤΤΙΚΗΣ
738,ΔΗΜ. ΚΟΙΝΟΤ,ΣΑΡΩΝΙΔΟΣ,ΔΗΜΟΣ,ΣΑΡΩΝΙΚΟΥ,ΑΝΑΤΟΛΙΚΗΣ ΑΤΤΙΚΗΣ,ΑΤΤΙΚΗΣ
739,ΔΗΜ. ΚΟΙΝΟΤ,ΑΡΤΕΜΙΔΟΣ,ΔΗΜΟΣ,ΣΠΑΤΩΝ - ΑΡΤΕΜΙΔΟΣ,ΑΝΑΤΟΛΙΚΗΣ ΑΤΤΙΚΗΣ,ΑΤΤΙΚΗΣ
740,ΔΗΜ. ΚΟΙΝΟΤ,ΣΠΑΤΩΝ-ΛΟΥΤΣΑΣ,ΔΗΜΟΣ,ΣΠΑΤΩΝ - ΑΡΤΕΜΙΔΟΣ,ΑΝΑΤΟΛΙΚΗΣ ΑΤΤΙΚΗΣ,ΑΤΤΙΚΗΣ
741,ΔΗΜ. ΚΟΙΝΟΤ,ΑΥΛΩΝΟΣ,ΔΗΜΟΣ,ΩΡΩΠΟΥ,ΑΝΑΤΟΛΙΚΗΣ ΑΤΤΙΚΗΣ,ΑΤΤΙΚΗΣ
742,ΔΗΜ. ΚΟΙΝΟΤ,ΑΦΙΔΝΩΝ,ΔΗΜΟΣ,ΩΡΩΠΟΥ,ΑΝΑΤΟΛΙΚΗΣ ΑΤΤΙΚΗΣ,ΑΤΤΙΚΗΣ
743,ΔΗΜ. ΚΟΙΝΟΤ,ΚΑΛΑΜΟΥ,ΔΗΜΟΣ,ΩΡΩΠΟΥ,ΑΝΑΤΟΛΙΚΗΣ ΑΤΤΙΚΗΣ,ΑΤΤΙΚΗΣ
744,ΔΗΜ. ΚΟΙΝΟΤ,ΚΑΠΑΝΔΡΙΤΙΟΥ,ΔΗΜΟΣ,ΩΡΩΠΟΥ,ΑΝΑΤΟΛΙΚΗΣ ΑΤΤΙΚΗΣ,ΑΤΤΙΚΗΣ
745,ΤΟΠ. ΚΟΙΝΟΤ,ΜΑΛΑΚΑΣΗΣ,ΔΗΜΟΣ,ΩΡΩΠΟΥ,ΑΝΑΤΟΛΙΚΗΣ ΑΤΤΙΚΗΣ,ΑΤΤΙΚΗΣ
746,ΔΗΜ. ΚΟΙΝΟΤ,ΜΑΡΚΟΠΟΥΛΟΥ ΩΡΩΠΟΥ,ΔΗΜΟΣ,ΩΡΩΠΟΥ,ΑΝΑΤΟΛΙΚΗΣ ΑΤΤΙΚΗΣ,ΑΤΤΙΚΗΣ
747,ΤΟΠ. ΚΟΙΝΟΤ,ΠΟΛΥΔΕΝΔΡΙΟΥ,ΔΗΜΟΣ,ΩΡΩΠΟΥ,ΑΝΑΤΟΛΙΚΗΣ ΑΤΤΙΚΗΣ,ΑΤΤΙΚΗΣ
748,ΤΟΠ. ΚΟΙΝΟΤ,ΣΥΚΑΜΙΝΟΥ,ΔΗΜΟΣ,ΩΡΩΠΟΥ,ΑΝΑΤΟΛΙΚΗΣ ΑΤΤΙΚΗΣ,ΑΤΤΙΚΗΣ
749,ΔΗΜ. ΚΟΙΝΟΤ,ΩΡΩΠΙΩΝ,ΔΗΜΟΣ,ΩΡΩΠΟΥ,ΑΝΑΤΟΛΙΚΗΣ ΑΤΤΙΚΗΣ,ΑΤΤΙΚΗΣ
750,ΔΗΜ. ΚΟΙΝΟΤ,ΑΣΠΡΟΠΥΡΓΟΥ,ΔΗΜΟΣ,ΑΣΠΡΟΠΥΡΓΟΥ,ΔΥΤΙΚΗΣ ΑΤΤΙΚΗΣ,ΑΤΤΙΚΗΣ
751,ΔΗΜ. ΚΟΙΝΟΤ,ΕΛΕΥΣΙΝΟΣ,ΔΗΜΟΣ,ΕΛΕΥΣΙΝΑΣ,ΔΥΤΙΚΗΣ ΑΤΤΙΚΗΣ,ΑΤΤΙΚΗΣ
752,ΔΗΜ. ΚΟΙΝΟΤ,ΜΑΓΟΥΛΑΣ,ΔΗΜΟΣ,ΕΛΕΥΣΙΝΑΣ,ΔΥΤΙΚΗΣ ΑΤΤΙΚΗΣ,ΑΤΤΙΚΗΣ
753,ΔΗΜ. ΚΟΙΝΟΤ,ΒΙΛΙΩΝ,ΔΗΜΟΣ,ΜΑΝΔΡΑΣ - ΕΙΔΥΛΛΙΑΣ,ΔΥΤΙΚΗΣ ΑΤΤΙΚΗΣ,ΑΤΤΙΚΗΣ
754,ΔΗΜ. ΚΟΙΝΟΤ,ΕΡΥΘΡΩΝ,ΔΗΜΟΣ,ΜΑΝΔΡΑΣ - ΕΙΔΥΛΛΙΑΣ,ΔΥΤΙΚΗΣ ΑΤΤΙΚΗΣ,ΑΤΤΙΚΗΣ
755,ΔΗΜ. ΚΟΙΝΟΤ,ΜΑΝΔΡΑΣ,ΔΗΜΟΣ,ΜΑΝΔΡΑΣ - ΕΙΔΥΛΛΙΑΣ,ΔΥΤΙΚΗΣ ΑΤΤΙΚΗΣ,ΑΤΤΙΚΗΣ
756,ΤΟΠ. ΚΟΙΝΟΤ,ΟΙΝΟΗΣ,ΔΗΜΟΣ,ΜΑΝΔΡΑΣ - ΕΙΔΥΛΛΙΑΣ,ΔΥΤΙΚΗΣ ΑΤΤΙΚΗΣ,ΑΤΤΙΚΗΣ
757,ΔΗΜ. ΚΟΙΝΟΤ,ΜΕΓΑΡΕΩΝ,ΔΗΜΟΣ,ΜΕΓΑΡΕΩΝ,ΔΥΤΙΚΗΣ ΑΤΤΙΚΗΣ,ΑΤΤΙΚΗΣ
758,ΔΗΜ. ΚΟΙΝΟΤ,ΝΕΑΣ ΠΕΡΑΜΟΥ,ΔΗΜΟΣ,ΜΕΓΑΡΕΩΝ,ΔΥΤΙΚΗΣ ΑΤΤΙΚΗΣ,ΑΤΤΙΚΗΣ
759,ΔΗΜ. ΚΟΙΝΟΤ,ΑΝΩ ΛΙΟΣΙΩΝ,ΔΗΜΟΣ,ΦΥΛΗΣ,ΔΥΤΙΚΗΣ ΑΤΤΙΚΗΣ,ΑΤΤΙΚΗΣ
760,ΔΗΜ. ΚΟΙΝΟΤ,ΖΕΦΥΡΙΟΥ,ΔΗΜΟΣ,ΦΥΛΗΣ,ΔΥΤΙΚΗΣ ΑΤΤΙΚΗΣ,ΑΤΤΙΚΗΣ
761,ΔΗΜ. ΚΟΙΝΟΤ,ΦΥΛΗΣ,ΔΗΜΟΣ,ΦΥΛΗΣ,ΔΥΤΙΚΗΣ ΑΤΤΙΚΗΣ,ΑΤΤΙΚΗΣ
762,ΤΟΠ. ΚΟΙΝΟΤ,ΑΛΕΑΣ,ΔΗΜΟΣ,ΑΡΓΟΥΣ-ΜΥΚΗΝΩΝ,ΑΡΓΟΛΙΔΑΣ,ΠΕΛΟΠΟΝΝΗΣΟΥ
763,ΔΗΜ. ΚΟΙΝΟΤ,ΑΡΓΟΥΣ,ΔΗΜΟΣ,ΑΡΓΟΥΣ-ΜΥΚΗΝΩΝ,ΑΡΓΟΛΙΔΑΣ,ΠΕΛΟΠΟΝΝΗΣΟΥ
764,ΤΟΠ. ΚΟΙΝΟΤ,ΑΧΛΑΔΟΚΑΜΠΟΥ,ΔΗΜΟΣ,ΑΡΓΟΥΣ-ΜΥΚΗΝΩΝ,ΑΡΓΟΛΙΔΑΣ,ΠΕΛΟΠΟΝΝΗΣΟΥ
765,ΔΗΜ. ΚΟΙΝΟΤ,ΚΟΥΤΣΟΠΟΔΙΟΥ,ΔΗΜΟΣ,ΑΡΓΟΥΣ-ΜΥΚΗΝΩΝ,ΑΡΓΟΛΙΔΑΣ,ΠΕΛΟΠΟΝΝΗΣΟΥ
766,ΤΟΠ. ΚΟΙΝΟΤ,ΛΕΡΝΑΣ,ΔΗΜΟΣ,ΑΡΓΟΥΣ-ΜΥΚΗΝΩΝ,ΑΡΓΟΛΙΔΑΣ,ΠΕΛΟΠΟΝΝΗΣΟΥ
767,ΤΟΠ. ΚΟΙΝΟΤ,ΛΥΡΚΕΙΑΣ,ΔΗΜΟΣ,ΑΡΓΟΥΣ-ΜΥΚΗΝΩΝ,ΑΡΓΟΛΙΔΑΣ,ΠΕΛΟΠΟΝΝΗΣΟΥ
768,ΤΟΠ. ΚΟΙΝΟΤ,ΜΥΚΗΝΑΙΩΝ,ΔΗΜΟΣ,ΑΡΓΟΥΣ-ΜΥΚΗΝΩΝ,ΑΡΓΟΛΙΔΑΣ,ΠΕΛΟΠΟΝΝΗΣΟΥ
769,ΔΗΜ. ΚΟΙΝΟΤ,ΝΕΑΣ ΚΙΟΥ,ΔΗΜΟΣ,ΑΡΓΟΥΣ-ΜΥΚΗΝΩΝ,ΑΡΓΟΛΙΔΑΣ,ΠΕΛΟΠΟΝΝΗΣΟΥ
770,ΔΗΜ. ΚΟΙΝΟΤ,ΑΣΚΛΗΠΙΕΙΟΥ,ΔΗΜΟΣ,ΕΠΙΔΑΥΡΟΥ,ΑΡΓΟΛΙΔΑΣ,ΠΕΛΟΠΟΝΝΗΣΟΥ
771,ΤΟΠ. ΚΟΙΝΟΤ,ΕΠΙΔΑΥΡΟΥ,ΔΗΜΟΣ,ΕΠΙΔΑΥΡΟΥ,ΑΡΓΟΛΙΔΑΣ,ΠΕΛΟΠΟΝΝΗΣΟΥ
772,ΔΗΜ. ΚΟΙΝΟΤ,ΕΡΜΙΟΝΗΣ,ΔΗΜΟΣ,ΕΡΜΙΟΝΙΔΑΣ,ΑΡΓΟΛΙΔΑΣ,ΠΕΛΟΠΟΝΝΗΣΟΥ
773,ΔΗΜ. ΚΟΙΝΟΤ,ΚΡΑΝΙΔΙΟΥ,ΔΗΜΟΣ,ΕΡΜΙΟΝΙΔΑΣ,ΑΡΓΟΛΙΔΑΣ,ΠΕΛΟΠΟΝΝΗΣΟΥ
774,ΔΗΜ. ΚΟΙΝΟΤ,ΑΣΙΝΗΣ,ΔΗΜΟΣ,ΝΑΥΠΛΙΕΩΝ,ΑΡΓΟΛΙΔΑΣ,ΠΕΛΟΠΟΝΝΗΣΟΥ
775,ΤΟΠ. ΚΟΙΝΟΤ,ΜΙΔΕΑΣ,ΔΗΜΟΣ,ΝΑΥΠΛΙΕΩΝ,ΑΡΓΟΛΙΔΑΣ,ΠΕΛΟΠΟΝΝΗΣΟΥ
776,ΔΗΜ. ΚΟΙΝΟΤ,ΝΑΥΠΛΙΟΥ,ΔΗΜΟΣ,ΝΑΥΠΛΙΕΩΝ,ΑΡΓΟΛΙΔΑΣ,ΠΕΛΟΠΟΝΝΗΣΟΥ
777,ΔΗΜ. ΚΟΙΝΟΤ,ΝΕΑΣ ΤΙΡΥΝΘΑΣ,ΔΗΜΟΣ,ΝΑΥΠΛΙΕΩΝ,ΑΡΓΟΛΙΔΑΣ,ΠΕΛΟΠΟΝΝΗΣΟΥ
778,ΔΗΜ. ΚΟΙΝΟΤ,ΒΟΡΕΙΑΣ ΚΥΝΟΥΡΙΑΣ,ΔΗΜΟΣ,ΒΟΡΕΙΑΣ ΚΥΝΟΥΡΙΑΣ,ΑΡΚΑΔΙΑΣ,ΠΕΛΟΠΟΝΝΗΣΟΥ
779,ΤΟΠ. ΚΟΙΝΟΤ,ΒΥΤΙΝΑΣ,ΔΗΜΟΣ,ΓΟΡΤΥΝΙΑΣ,ΑΡΚΑΔΙΑΣ,ΠΕΛΟΠΟΝΝΗΣΟΥ
780,ΤΟΠ. ΚΟΙΝΟΤ,ΔΗΜΗΤΣΑΝΗΣ,ΔΗΜΟΣ,ΓΟΡΤΥΝΙΑΣ,ΑΡΚΑΔΙΑΣ,ΠΕΛΟΠΟΝΝΗΣΟΥ
781,ΤΟΠ. ΚΟΙΝΟΤ,ΗΡΑΙΑΣ,ΔΗΜΟΣ,ΓΟΡΤΥΝΙΑΣ,ΑΡΚΑΔΙΑΣ,ΠΕΛΟΠΟΝΝΗΣΟΥ
782,ΤΟΠ. ΚΟΙΝΟΤ,ΚΛΕΙΤΟΡΟΣ,ΔΗΜΟΣ,ΓΟΡΤΥΝΙΑΣ,ΑΡΚΑΔΙΑΣ,ΠΕΛΟΠΟΝΝΗΣΟΥ
783,ΤΟΠ. ΚΟΙΝΟΤ,ΚΟΝΤΟΒΑΖΑΙΝΗΣ,ΔΗΜΟΣ,ΓΟΡΤΥΝΙΑΣ,ΑΡΚΑΔΙΑΣ,ΠΕΛΟΠΟΝΝΗΣΟΥ
784,ΤΟΠ. ΚΟΙΝΟΤ,ΛΑΓΚΑΔΙΩΝ,ΔΗΜΟΣ,ΓΟΡΤΥΝΙΑΣ,ΑΡΚΑΔΙΑΣ,ΠΕΛΟΠΟΝΝΗΣΟΥ
785,ΤΟΠ. ΚΟΙΝΟΤ,ΤΡΙΚΟΛΩΝΩΝ,ΔΗΜΟΣ,ΓΟΡΤΥΝΙΑΣ,ΑΡΚΑΔΙΑΣ,ΠΕΛΟΠΟΝΝΗΣΟΥ
786,ΤΟΠ. ΚΟΙΝΟΤ,ΤΡΟΠΑΙΩΝ,ΔΗΜΟΣ,ΓΟΡΤΥΝΙΑΣ,ΑΡΚΑΔΙΑΣ,ΠΕΛΟΠΟΝΝΗΣΟΥ
787,ΤΟΠ. ΚΟΙΝΟΤ,ΓΟΡΤΥΝΟΣ,ΔΗΜΟΣ,ΜΕΓΑΛΟΠΟΛΗΣ,ΑΡΚΑΔΙΑΣ,ΠΕΛΟΠΟΝΝΗΣΟΥ
788,ΔΗΜ. ΚΟΙΝΟΤ,ΜΕΓΑΛΟΠΟΛΗΣ,ΔΗΜΟΣ,ΜΕΓΑΛΟΠΟΛΗΣ,ΑΡΚΑΔΙΑΣ,ΠΕΛΟΠΟΝΝΗΣΟΥ
789,ΤΟΠ. ΚΟΙΝΟΤ,ΦΑΛΑΙΣΙΑΣ,ΔΗΜΟΣ,ΜΕΓΑΛΟΠΟΛΗΣ,ΑΡΚΑΔΙΑΣ,ΠΕΛΟΠΟΝΝΗΣΟΥ
790,ΤΟΠ. ΚΟΙΝΟΤ,ΚΟΣΜΑ,ΔΗΜΟΣ,ΝΟΤΙΑΣ ΚΥΝΟΥΡΙΑΣ,ΑΡΚΑΔΙΑΣ,ΠΕΛΟΠΟΝΝΗΣΟΥ
791,ΔΗΜ. ΚΟΙΝΟΤ,ΛΕΩΝΙΔΙΟΥ,ΔΗΜΟΣ,ΝΟΤΙΑΣ ΚΥΝΟΥΡΙΑΣ,ΑΡΚΑΔΙΑΣ,ΠΕΛΟΠΟΝΝΗΣΟΥ
792,ΤΟΠ. ΚΟΙΝΟΤ,ΤΥΡΟΥ,ΔΗΜΟΣ,ΝΟΤΙΑΣ ΚΥΝΟΥΡΙΑΣ,ΑΡΚΑΔΙΑΣ,ΠΕΛΟΠΟΝΝΗΣΟΥ
793,ΤΟΠ. ΚΟΙΝΟΤ,ΒΑΛΤΕΤΣΙΟΥ,ΔΗΜΟΣ,ΤΡΙΠΟΛΗΣ,ΑΡΚΑΔΙΑΣ,ΠΕΛΟΠΟΝΝΗΣΟΥ
794,ΤΟΠ. ΚΟΙΝΟΤ,ΚΟΡΥΘΙΟΥ,ΔΗΜΟΣ,ΤΡΙΠΟΛΗΣ,ΑΡΚΑΔΙΑΣ,ΠΕΛΟΠΟΝΝΗΣΟΥ
795,ΤΟΠ. ΚΟΙΝΟΤ,ΛΕΒΙΔΙΟΥ,ΔΗΜΟΣ,ΤΡΙΠΟΛΗΣ,ΑΡΚΑΔΙΑΣ,ΠΕΛΟΠΟΝΝΗΣΟΥ
796,ΤΟΠ. ΚΟΙΝΟΤ,ΜΑΝΤΙΝΕΙΑΣ,ΔΗΜΟΣ,ΤΡΙΠΟΛΗΣ,ΑΡΚΑΔΙΑΣ,ΠΕΛΟΠΟΝΝΗΣΟΥ
797,ΤΟΠ. ΚΟΙΝΟΤ,ΣΚΙΡΙΤΙΔΑΣ,ΔΗΜΟΣ,ΤΡΙΠΟΛΗΣ,ΑΡΚΑΔΙΑΣ,ΠΕΛΟΠΟΝΝΗΣΟΥ
798,ΤΟΠ. ΚΟΙΝΟΤ,ΤΕΓΕΑΣ,ΔΗΜΟΣ,ΤΡΙΠΟΛΗΣ,ΑΡΚΑΔΙΑΣ,ΠΕΛΟΠΟΝΝΗΣΟΥ
799,ΔΗΜ. ΚΟΙΝΟΤ,ΤΡΙΠΟΛΗΣ,ΔΗΜΟΣ,ΤΡΙΠΟΛΗΣ,ΑΡΚΑΔΙΑΣ,ΠΕΛΟΠΟΝΝΗΣΟΥ
800,ΤΟΠ. ΚΟΙΝΟΤ,ΦΑΛΑΝΘΟΥ,ΔΗΜΟΣ,ΤΡΙΠΟΛΗΣ,ΑΡΚΑΔΙΑΣ,ΠΕΛΟΠΟΝΝΗΣΟΥ
801,ΔΗΜ. ΚΟΙΝΟΤ,ΒΕΛΟΥ,ΔΗΜΟΣ,ΒΕΛΟΥ-ΒΟΧΑΣ,ΚΟΡΙΝΘΙΑΣ,ΠΕΛΟΠΟΝΝΗΣΟΥ
802,ΔΗΜ. ΚΟΙΝΟΤ,ΒΟΧΑΣ,ΔΗΜΟΣ,ΒΕΛΟΥ-ΒΟΧΑΣ,ΚΟΡΙΝΘΙΑΣ,ΠΕΛΟΠΟΝΝΗΣΟΥ
803,ΔΗΜ. ΚΟΙΝΟΤ,ΑΣΣΟΥ-ΛΕΧΑΙΟΥ,ΔΗΜΟΣ,ΚΟΡΙΝΘΙΩΝ,ΚΟΡΙΝΘΙΑΣ,ΠΕΛΟΠΟΝΝΗΣΟΥ
804,ΔΗΜ. ΚΟΙΝΟΤ,ΚΟΡΙΝΘΙΩΝ,ΔΗΜΟΣ,ΚΟΡΙΝΘΙΩΝ,ΚΟΡΙΝΘΙΑΣ,ΠΕΛΟΠΟΝΝΗΣΟΥ
805,ΔΗΜ. ΚΟΙΝΟΤ,ΣΑΡΩΝΙΚΟΥ,ΔΗΜΟΣ,ΚΟΡΙΝΘΙΩΝ,ΚΟΡΙΝΘΙΑΣ,ΠΕΛΟΠΟΝΝΗΣΟΥ
806,ΔΗΜ. ΚΟΙΝΟΤ,ΣΟΛΥΓΕΙΑΣ,ΔΗΜΟΣ,ΚΟΡΙΝΘΙΩΝ,ΚΟΡΙΝΘΙΑΣ,ΠΕΛΟΠΟΝΝΗΣΟΥ
807,ΤΟΠ. ΚΟΙΝΟΤ,ΤΕΝΕΑΣ,ΔΗΜΟΣ,ΚΟΡΙΝΘΙΩΝ,ΚΟΡΙΝΘΙΑΣ,ΠΕΛΟΠΟΝΝΗΣΟΥ
808,ΔΗΜ. ΚΟΙΝΟΤ,ΑΓΙΩΝ ΘΕΟΔΩΡΩΝ,ΔΗΜΟΣ,ΛΟΥΤΡΑΚΙΟΥ-ΑΓ.ΘΕΟΔΩΡΩΝ,ΚΟΡΙΝΘΙΑΣ,ΠΕΛΟΠΟΝΝΗΣΟΥ
809,ΔΗΜ. ΚΟΙΝΟΤ,ΛΟΥΤΡΑΚΙΟΥ-ΠΕΡΑΧΩΡΑΣ,ΔΗΜΟΣ,ΛΟΥΤΡΑΚΙΟΥ-ΑΓ.ΘΕΟΔΩΡΩΝ,ΚΟΡΙΝΘΙΑΣ,ΠΕΛΟΠΟΝΝΗΣΟΥ
810,ΔΗΜ. ΚΟΙΝΟΤ,ΝΕΜΕΑΣ,ΔΗΜΟΣ,ΝΕΜΕΑΣ,ΚΟΡΙΝΘΙΑΣ,ΠΕΛΟΠΟΝΝΗΣΟΥ
811,ΤΟΠ. ΚΟΙΝΟΤ,ΕΥΡΩΣΤΙΝΗΣ,ΔΗΜΟΣ,ΞΥΛΟΚΑΣΤΡΟΥ-ΕΥΡΩΣΤΙΝΗΣ,ΚΟΡΙΝΘΙΑΣ,ΠΕΛΟΠΟΝΝΗΣΟΥ
812,ΔΗΜ. ΚΟΙΝΟΤ,ΞΥΛΟΚΑΣΤΡΟΥ,ΔΗΜΟΣ,ΞΥΛΟΚΑΣΤΡΟΥ-ΕΥΡΩΣΤΙΝΗΣ,ΚΟΡΙΝΘΙΑΣ,ΠΕΛΟΠΟΝΝΗΣΟΥ
813,ΔΗΜ. ΚΟΙΝΟΤ,ΣΙΚΥΩΝΙΩΝ,ΔΗΜΟΣ,ΣΙΚΥΩΝΙΩΝ,ΚΟΡΙΝΘΙΑΣ,ΠΕΛΟΠΟΝΝΗΣΟΥ
814,ΤΟΠ. ΚΟΙΝΟΤ,ΣΤΥΜΦΑΛΙΑΣ,ΔΗΜΟΣ,ΣΙΚΥΩΝΙΩΝ,ΚΟΡΙΝΘΙΑΣ,ΠΕΛΟΠΟΝΝΗΣΟΥ
815,ΤΟΠ. ΚΟΙΝΟΤ,ΦΕΝΕΟΥ,ΔΗΜΟΣ,ΣΙΚΥΩΝΙΩΝ,ΚΟΡΙΝΘΙΑΣ,ΠΕΛΟΠΟΝΝΗΣΟΥ
816,ΤΟΠ. ΚΟΙΝΟΤ,ΑΝΑΤΟΛΙΚΗΣ ΜΑΝΗΣ,ΔΗΜΟΣ,ΑΝΑΤΟΛΙΚΗΣ ΜΑΝΗΣ,ΛΑΚΩΝΙΑΣ,ΠΕΛΟΠΟΝΝΗΣΟΥ
817,ΔΗΜ. ΚΟΙΝΟΤ,ΓΥΘΕΙΟΥ,ΔΗΜΟΣ,ΑΝΑΤΟΛΙΚΗΣ ΜΑΝΗΣ,ΛΑΚΩΝΙΑΣ,ΠΕΛΟΠΟΝΝΗΣΟΥ
818,ΤΟΠ. ΚΟΙΝΟΤ,ΟΙΤΥΛΟΥ,ΔΗΜΟΣ,ΑΝΑΤΟΛΙΚΗΣ ΜΑΝΗΣ,ΛΑΚΩΝΙΑΣ,ΠΕΛΟΠΟΝΝΗΣΟΥ
819,ΤΟΠ. ΚΟΙΝΟΤ,ΣΜΥΝΟΥΣ,ΔΗΜΟΣ,ΑΝΑΤΟΛΙΚΗΣ ΜΑΝΗΣ,ΛΑΚΩΝΙΑΣ,ΠΕΛΟΠΟΝΝΗΣΟΥ
820,ΤΟΠ. ΚΟΙΝΟΤ,ΕΛΑΦΟΝΗΣΟΥ,ΔΗΜΟΣ,ΕΛΑΦΟΝΗΣΟΥ,ΛΑΚΩΝΙΑΣ,ΠΕΛΟΠΟΝΝΗΣΟΥ
821,ΤΟΠ. ΚΟΙΝΟΤ,ΓΕΡΟΝΘΡΩΝ,ΔΗΜΟΣ,ΕΥΡΩΤΑ,ΛΑΚΩΝΙΑΣ,ΠΕΛΟΠΟΝΝΗΣΟΥ
822,ΔΗΜ. ΚΟΙΝΟΤ,ΕΛΟΥΣ,ΔΗΜΟΣ,ΕΥΡΩΤΑ,ΛΑΚΩΝΙΑΣ,ΠΕΛΟΠΟΝΝΗΣΟΥ
823,ΤΟΠ. ΚΟΙΝΟΤ,ΚΡΟΚΕΩΝ,ΔΗΜΟΣ,ΕΥΡΩΤΑ,ΛΑΚΩΝΙΑΣ,ΠΕΛΟΠΟΝΝΗΣΟΥ
824,ΤΟΠ. ΚΟΙΝΟΤ,ΝΙΑΤΩΝ,ΔΗΜΟΣ,ΕΥΡΩΤΑ,ΛΑΚΩΝΙΑΣ,ΠΕΛΟΠΟΝΝΗΣΟΥ
825,ΔΗΜ. ΚΟΙΝΟΤ,ΣΚΑΛΑΣ,ΔΗΜΟΣ,ΕΥΡΩΤΑ,ΛΑΚΩΝΙΑΣ,ΠΕΛΟΠΟΝΝΗΣΟΥ
826,ΤΟΠ. ΚΟΙΝΟΤ,ΑΣΩΠΟΥ,ΔΗΜΟΣ,ΜΟΝΕΜΒΑΣΙΑΣ,ΛΑΚΩΝΙΑΣ,ΠΕΛΟΠΟΝΝΗΣΟΥ
827,ΔΗΜ. ΚΟΙΝΟΤ,ΒΟΙΩΝ,ΔΗΜΟΣ,ΜΟΝΕΜΒΑΣΙΑΣ,ΛΑΚΩΝΙΑΣ,ΠΕΛΟΠΟΝΝΗΣΟΥ
828,ΤΟΠ. ΚΟΙΝΟΤ,ΖΑΡΑΚΑ,ΔΗΜΟΣ,ΜΟΝΕΜΒΑΣΙΑΣ,ΛΑΚΩΝΙΑΣ,ΠΕΛΟΠΟΝΝΗΣΟΥ
829,ΔΗΜ. ΚΟΙΝΟΤ,ΜΟΛΑΩΝ,ΔΗΜΟΣ,ΜΟΝΕΜΒΑΣΙΑΣ,ΛΑΚΩΝΙΑΣ,ΠΕΛΟΠΟΝΝΗΣΟΥ
830,ΤΟΠ. ΚΟΙΝΟΤ,ΜΟΝΕΜΒΑΣΙΑΣ,ΔΗΜΟΣ,ΜΟΝΕΜΒΑΣΙΑΣ,ΛΑΚΩΝΙΑΣ,ΠΕΛΟΠΟΝΝΗΣΟΥ
831,ΤΟΠ. ΚΟΙΝΟΤ,ΘΕΡΑΠΝΩΝ,ΔΗΜΟΣ,ΣΠΑΡΤΗΣ,ΛΑΚΩΝΙΑΣ,ΠΕΛΟΠΟΝΝΗΣΟΥ
832,ΤΟΠ. ΚΟΙΝΟΤ,ΚΑΡΥΩΝ,ΔΗΜΟΣ,ΣΠΑΡΤΗΣ,ΛΑΚΩΝΙΑΣ,ΠΕΛΟΠΟΝΝΗΣΟΥ
833,ΤΟΠ. ΚΟΙΝΟΤ,ΜΥΣΤΡΑ,ΔΗΜΟΣ,ΣΠΑΡΤΗΣ,ΛΑΚΩΝΙΑΣ,ΠΕΛΟΠΟΝΝΗΣΟΥ
834,ΤΟΠ. ΚΟΙΝΟΤ,ΟΙΝΟΥΝΤΟΣ,ΔΗΜΟΣ,ΣΠΑΡΤΗΣ,ΛΑΚΩΝΙΑΣ,ΠΕΛΟΠΟΝΝΗΣΟΥ
835,ΤΟΠ. ΚΟΙΝΟΤ,ΠΕΛΛΑΝΑΣ,ΔΗΜΟΣ,ΣΠΑΡΤΗΣ,ΛΑΚΩΝΙΑΣ,ΠΕΛΟΠΟΝΝΗΣΟΥ
836,ΔΗΜ. ΚΟΙΝΟΤ,ΣΠΑΡΤΙΑΤΩΝ,ΔΗΜΟΣ,ΣΠΑΡΤΗΣ,ΛΑΚΩΝΙΑΣ,ΠΕΛΟΠΟΝΝΗΣΟΥ
837,ΤΟΠ. ΚΟΙΝΟΤ,ΦΑΡΙΔΟΣ,ΔΗΜΟΣ,ΣΠΑΡΤΗΣ,ΛΑΚΩΝΙΑΣ,ΠΕΛΟΠΟΝΝΗΣΟΥ
838,ΤΟΠ. ΚΟΙΝΟΤ,ΑΒΙΑΣ,ΔΗΜΟΣ,ΔΥΤΙΚΗΣ ΜΑΝΗΣ,ΜΕΣΣΗΝΙΑΣ,ΠΕΛΟΠΟΝΝΗΣΟΥ
839,ΤΟΠ. ΚΟΙΝΟΤ,ΛΕΥΚΤΡΟΥ,ΔΗΜΟΣ,ΔΥΤΙΚΗΣ ΜΑΝΗΣ,ΜΕΣΣΗΝΙΑΣ,ΠΕΛΟΠΟΝΝΗΣΟΥ
840,ΤΟΠ. ΚΟΙΝΟΤ,ΑΡΙΟΣ,ΔΗΜΟΣ,ΚΑΛΑΜΑΤΑΣ,ΜΕΣΣΗΝΙΑΣ,ΠΕΛΟΠΟΝΝΗΣΟΥ
841,ΤΟΠ. ΚΟΙΝΟΤ,ΑΡΦΑΡΩΝ,ΔΗΜΟΣ,ΚΑΛΑΜΑΤΑΣ,ΜΕΣΣΗΝΙΑΣ,ΠΕΛΟΠΟΝΝΗΣΟΥ
842,ΤΟΠ. ΚΟΙΝΟΤ,ΘΟΥΡΙΑΣ,ΔΗΜΟΣ,ΚΑΛΑΜΑΤΑΣ,ΜΕΣΣΗΝΙΑΣ,ΠΕΛΟΠΟΝΝΗΣΟΥ
843,ΔΗΜ. ΚΟΙΝΟΤ,ΚΑΛΑΜΑΤΑΣ,ΔΗΜΟΣ,ΚΑΛΑΜΑΤΑΣ,ΜΕΣΣΗΝΙΑΣ,ΠΕΛΟΠΟΝΝΗΣΟΥ
844,ΤΟΠ. ΚΟΙΝΟΤ,ΑΙΠΕΙΑΣ,ΔΗΜΟΣ,ΜΕΣΣΗΝΗΣ,ΜΕΣΣΗΝΙΑΣ,ΠΕΛΟΠΟΝΝΗΣΟΥ
845,ΤΟΠ. ΚΟΙΝΟΤ,ΑΝΔΡΟΥΣΑΣ,ΔΗΜΟΣ,ΜΕΣΣΗΝΗΣ,ΜΕΣΣΗΝΙΑΣ,ΠΕΛΟΠΟΝΝΗΣΟΥ
846,ΤΟΠ. ΚΟΙΝΟΤ,ΑΡΙΣΤΟΜΕΝΟΥΣ,ΔΗΜΟΣ,ΜΕΣΣΗΝΗΣ,ΜΕΣΣΗΝΙΑΣ,ΠΕΛΟΠΟΝΝΗΣΟΥ
847,ΤΟΠ. ΚΟΙΝΟΤ,ΒΟΥΦΡΑΔΟΣ,ΔΗΜΟΣ,ΜΕΣΣΗΝΗΣ,ΜΕΣΣΗΝΙΑΣ,ΠΕΛΟΠΟΝΝΗΣΟΥ
848,ΤΟΠ. ΚΟΙΝΟΤ,ΙΘΩΜΗΣ,ΔΗΜΟΣ,ΜΕΣΣΗΝΗΣ,ΜΕΣΣΗΝΙΑΣ,ΠΕΛΟΠΟΝΝΗΣΟΥ
849,ΔΗΜ. ΚΟΙΝΟΤ,ΜΕΣΣΗΝΗΣ,ΔΗΜΟΣ,ΜΕΣΣΗΝΗΣ,ΜΕΣΣΗΝΙΑΣ,ΠΕΛΟΠΟΝΝΗΣΟΥ
850,ΤΟΠ. ΚΟΙΝΟΤ,ΠΕΤΑΛΙΔΙΟΥ,ΔΗΜΟΣ,ΜΕΣΣΗΝΗΣ,ΜΕΣΣΗΝΙΑΣ,ΠΕΛΟΠΟΝΝΗΣΟΥ
851,ΤΟΠ. ΚΟΙΝΟΤ,ΤΡΙΚΟΡΦΟΥ,ΔΗΜΟΣ,ΜΕΣΣΗΝΗΣ,ΜΕΣΣΗΝΙΑΣ,ΠΕΛΟΠΟΝΝΗΣΟΥ
852,ΤΟΠ. ΚΟΙΝΟΤ,ΑΝΔΑΝΙΑΣ,ΔΗΜΟΣ,ΟΙΧΑΛΙΑΣ,ΜΕΣΣΗΝΙΑΣ,ΠΕΛΟΠΟΝΝΗΣΟΥ
853,ΤΟΠ. ΚΟΙΝΟΤ,ΔΩΡΙΟΥ,ΔΗΜΟΣ,ΟΙΧΑΛΙΑΣ,ΜΕΣΣΗΝΙΑΣ,ΠΕΛΟΠΟΝΝΗΣΟΥ
854,ΤΟΠ. ΚΟΙΝΟΤ,ΕΙΡΑΣ,ΔΗΜΟΣ,ΟΙΧΑΛΙΑΣ,ΜΕΣΣΗΝΙΑΣ,ΠΕΛΟΠΟΝΝΗΣΟΥ
855,ΤΟΠ. ΚΟΙΝΟΤ,ΜΕΛΙΓΑΛΑ,ΔΗΜΟΣ,ΟΙΧΑΛΙΑΣ,ΜΕΣΣΗΝΙΑΣ,ΠΕΛΟΠΟΝΝΗΣΟΥ
856,ΤΟΠ. ΚΟΙΝΟΤ,ΟΙΧΑΛΙΑΣ,ΔΗΜΟΣ,ΟΙΧΑΛΙΑΣ,ΜΕΣΣΗΝΙΑΣ,ΠΕΛΟΠΟΝΝΗΣΟΥ
857,ΤΟΠ. ΚΟΙΝΟΤ,ΚΟΡΩΝΗΣ,ΔΗΜΟΣ,ΠΥΛΟΥ-ΝΕΣΤΟΡΟΣ,ΜΕΣΣΗΝΙΑΣ,ΠΕΛΟΠΟΝΝΗΣΟΥ
858,ΤΟΠ. ΚΟΙΝΟΤ,ΜΕΘΩΝΗΣ,ΔΗΜΟΣ,ΠΥΛΟΥ-ΝΕΣΤΟΡΟΣ,ΜΕΣΣΗΝΙΑΣ,ΠΕΛΟΠΟΝΝΗΣΟΥ
859,ΔΗΜ. ΚΟΙΝΟΤ,ΝΕΣΤΟΡΟΣ,ΔΗΜΟΣ,ΠΥΛΟΥ-ΝΕΣΤΟΡΟΣ,ΜΕΣΣΗΝΙΑΣ,ΠΕΛΟΠΟΝΝΗΣΟΥ
860,ΤΟΠ. ΚΟΙΝΟΤ,ΠΑΠΑΦΛΕΣΣΑ,ΔΗΜΟΣ,ΠΥΛΟΥ-ΝΕΣΤΟΡΟΣ,ΜΕΣΣΗΝΙΑΣ,ΠΕΛΟΠΟΝΝΗΣΟΥ
861,ΔΗΜ. ΚΟΙΝΟΤ,ΠΥΛΟΥ,ΔΗΜΟΣ,ΠΥΛΟΥ-ΝΕΣΤΟΡΟΣ,ΜΕΣΣΗΝΙΑΣ,ΠΕΛΟΠΟΝΝΗΣΟΥ
862,ΤΟΠ. ΚΟΙΝΟΤ,ΧΙΛΙΟΧΩΡΙΩΝ,ΔΗΜΟΣ,ΠΥΛΟΥ-ΝΕΣΤΟΡΟΣ,ΜΕΣΣΗΝΙΑΣ,ΠΕΛΟΠΟΝΝΗΣΟΥ
863,ΤΟΠ. ΚΟΙΝΟΤ,ΑΕΤΟΥ,ΔΗΜΟΣ,ΤΡΙΦΥΛΙΑΣ,ΜΕΣΣΗΝΙΑΣ,ΠΕΛΟΠΟΝΝΗΣΟΥ
864,ΤΟΠ. ΚΟΙΝΟΤ,ΑΥΛΩΝΟΣ,ΔΗΜΟΣ,ΤΡΙΦΥΛΙΑΣ,ΜΕΣΣΗΝΙΑΣ,ΠΕΛΟΠΟΝΝΗΣΟΥ
865,ΔΗΜ. ΚΟΙΝΟΤ,ΓΑΡΓΑΛΙΑΝΩΝ,ΔΗΜΟΣ,ΤΡΙΦΥΛΙΑΣ,ΜΕΣΣΗΝΙΑΣ,ΠΕΛΟΠΟΝΝΗΣΟΥ
866,ΔΗΜ. ΚΟΙΝΟΤ,ΚΥΠΑΡΙΣΣΙΑΣ,ΔΗΜΟΣ,ΤΡΙΦΥΛΙΑΣ,ΜΕΣΣΗΝΙΑΣ,ΠΕΛΟΠΟΝΝΗΣΟΥ
867,ΤΟΠ. ΚΟΙΝΟΤ,ΤΡΙΠΥΛΗΣ,ΔΗΜΟΣ,ΤΡΙΦΥΛΙΑΣ,ΜΕΣΣΗΝΙΑΣ,ΠΕΛΟΠΟΝΝΗΣΟΥ
868,ΔΗΜ. ΚΟΙΝΟΤ,ΦΙΛΙΑΤΡΩΝ,ΔΗΜΟΣ,ΤΡΙΦΥΛΙΑΣ,ΜΕΣΣΗΝΙΑΣ,ΠΕΛΟΠΟΝΝΗΣΟΥ
869,ΔΗΜ. ΚΟΙΝΟΤ,ΑΓΙΟΥ ΚΗΡΥΚΟΥ,ΔΗΜΟΣ,ΙΚΑΡΙΑΣ,ΙΚΑΡΙΑΣ,ΒΟΡΕΙΟΥ ΑΙΓΑΙΟΥ
870,ΤΟΠ. ΚΟΙΝΟΤ,ΕΥΔΗΛΟΥ,ΔΗΜΟΣ,ΙΚΑΡΙΑΣ,ΙΚΑΡΙΑΣ,ΒΟΡΕΙΟΥ ΑΙΓΑΙΟΥ
871,ΔΗΜ. ΚΟΙΝΟΤ,ΡΑΧΩΝ,ΔΗΜΟΣ,ΙΚΑΡΙΑΣ,ΙΚΑΡΙΑΣ,ΒΟΡΕΙΟΥ ΑΙΓΑΙΟΥ
872,ΔΗΜ. ΚΟΙΝΟΤ,ΦΟΥΡΝΩΝ ΚΟΡΣΕΩΝ,ΔΗΜΟΣ,ΦΟΥΡΝΩΝ ΚΟΡΣΕΩΝ,ΙΚΑΡΙΑΣ,ΒΟΡΕΙΟΥ ΑΙΓΑΙΟΥ
873,ΔΗΜ. ΚΟΙΝΟΤ,ΑΓΙΑΣ ΠΑΡΑΣΚΕΥΗΣ,ΔΗΜΟΣ,ΛΕΣΒΟΥ,ΛΕΣΒΟΥ,ΒΟΡΕΙΟΥ ΑΙΓΑΙΟΥ
874,ΔΗΜ. ΚΟΙΝΟΤ,ΑΓΙΑΣΟΥ,ΔΗΜΟΣ,ΛΕΣΒΟΥ,ΛΕΣΒΟΥ,ΒΟΡΕΙΟΥ ΑΙΓΑΙΟΥ
875,ΔΗΜ. ΚΟΙΝΟΤ,ΓΕΡΑΣ,ΔΗΜΟΣ,ΛΕΣΒΟΥ,ΛΕΣΒΟΥ,ΒΟΡΕΙΟΥ ΑΙΓΑΙΟΥ
876,ΔΗΜ. ΚΟΙΝΟΤ,ΕΡΕΣΟΥ - ΑΝΤΙΣΣΗΣ,ΔΗΜΟΣ,ΛΕΣΒΟΥ,ΛΕΣΒΟΥ,ΒΟΡΕΙΟΥ ΑΙΓΑΙΟΥ
877,ΤΟΠ. ΚΟΙΝΟΤ,ΕΥΕΡΓΕΤΟΥΛΑ,ΔΗΜΟΣ,ΛΕΣΒΟΥ,ΛΕΣΒΟΥ,ΒΟΡΕΙΟΥ ΑΙΓΑΙΟΥ
878,ΔΗΜ. ΚΟΙΝΟΤ,ΚΑΛΛΟΝΗΣ,ΔΗΜΟΣ,ΛΕΣΒΟΥ,ΛΕΣΒΟΥ,ΒΟΡΕΙΟΥ ΑΙΓΑΙΟΥ
879,ΔΗΜ. ΚΟΙΝΟΤ,ΛΟΥΤΡΟΠΟΛΕΩΣ ΘΕΡΜΗΣ,ΔΗΜΟΣ,ΛΕΣΒΟΥ,ΛΕΣΒΟΥ,ΒΟΡΕΙΟΥ ΑΙΓΑΙΟΥ
880,ΔΗΜ. ΚΟΙΝΟΤ,ΜΑΝΤΑΜΑΔΟΥ,ΔΗΜΟΣ,ΛΕΣΒΟΥ,ΛΕΣΒΟΥ,ΒΟΡΕΙΟΥ ΑΙΓΑΙΟΥ
881,ΔΗΜ. ΚΟΙΝΟΤ,ΜΗΘΥΜΝΑΣ,ΔΗΜΟΣ,ΛΕΣΒΟΥ,ΛΕΣΒΟΥ,ΒΟΡΕΙΟΥ ΑΙΓΑΙΟΥ
882,ΔΗΜ. ΚΟΙΝΟΤ,ΜΥΤΙΛΗΝΗΣ,ΔΗΜΟΣ,ΛΕΣΒΟΥ,ΛΕΣΒΟΥ,ΒΟΡΕΙΟΥ ΑΙΓΑΙΟΥ
883,ΔΗΜ. ΚΟΙΝΟΤ,ΠΕΤΡΑΣ,ΔΗΜΟΣ,ΛΕΣΒΟΥ,ΛΕΣΒΟΥ,ΒΟΡΕΙΟΥ ΑΙΓΑΙΟΥ
884,ΔΗΜ. ΚΟΙΝΟΤ,ΠΛΩΜΑΡΙΟΥ,ΔΗΜΟΣ,ΛΕΣΒΟΥ,ΛΕΣΒΟΥ,ΒΟΡΕΙΟΥ ΑΙΓΑΙΟΥ
885,ΔΗΜ. ΚΟΙΝΟΤ,ΠΟΛΙΧΝΙΤΟΥ,ΔΗΜΟΣ,ΛΕΣΒΟΥ,ΛΕΣΒΟΥ,ΒΟΡΕΙΟΥ ΑΙΓΑΙΟΥ
886,ΔΗΜ. ΚΟΙΝΟΤ,ΑΓΙΟΥ ΕΥΣΤΡΑΤΙΟΥ,ΔΗΜΟΣ,ΑΓΙΟΥ ΕΥΣΤΡΑΤΙΟΥ,ΛΗΜΝΟΥ,ΒΟΡΕΙΟΥ ΑΙΓΑΙΟΥ
887,ΤΟΠ. ΚΟΙΝΟΤ,ΑΤΣΙΚΗΣ,ΔΗΜΟΣ,ΛΗΜΝΟΥ,ΛΗΜΝΟΥ,ΒΟΡΕΙΟΥ ΑΙΓΑΙΟΥ
888,ΔΗΜ. ΚΟΙΝΟΤ,ΜΟΥΔΡΟΥ,ΔΗΜΟΣ,ΛΗΜΝΟΥ,ΛΗΜΝΟΥ,ΒΟΡΕΙΟΥ ΑΙΓΑΙΟΥ
889,ΔΗΜ. ΚΟΙΝΟΤ,ΜΥΡΙΝΑΣ,ΔΗΜΟΣ,ΛΗΜΝΟΥ,ΛΗΜΝΟΥ,ΒΟΡΕΙΟΥ ΑΙΓΑΙΟΥ
890,ΤΟΠ. ΚΟΙΝΟΤ,ΝΕΑΣ ΚΟΥΤΑΛΗΣ,ΔΗΜΟΣ,ΛΗΜΝΟΥ,ΛΗΜΝΟΥ,ΒΟΡΕΙΟΥ ΑΙΓΑΙΟΥ
891,ΔΗΜ. ΚΟΙΝΟΤ,ΒΑΘΕΟΣ,ΔΗΜΟΣ,ΣΑΜΟΥ,ΣΑΜΟΥ,ΒΟΡΕΙΟΥ ΑΙΓΑΙΟΥ
892,ΔΗΜ. ΚΟΙΝΟΤ,ΚΑΡΛΟΒΑΣΙΩΝ,ΔΗΜΟΣ,ΣΑΜΟΥ,ΣΑΜΟΥ,ΒΟΡΕΙΟΥ ΑΙΓΑΙΟΥ
893,ΔΗΜ. ΚΟΙΝΟΤ,ΜΑΡΑΘΟΚΑΜΠΟΥ,ΔΗΜΟΣ,ΣΑΜΟΥ,ΣΑΜΟΥ,ΒΟΡΕΙΟΥ ΑΙΓΑΙΟΥ
894,ΔΗΜ. ΚΟΙΝΟΤ,ΠΥΘΑΓΟΡΕΙΟΥ,ΔΗΜΟΣ,ΣΑΜΟΥ,ΣΑΜΟΥ,ΒΟΡΕΙΟΥ ΑΙΓΑΙΟΥ
895,ΔΗΜ. ΚΟΙΝΟΤ,ΟΙΝΟΥΣΣΩΝ,ΔΗΜΟΣ,ΟΙΝΟΥΣΣΩΝ,ΧΙΟΥ,ΒΟΡΕΙΟΥ ΑΙΓΑΙΟΥ
896,ΔΗΜ. ΚΟΙΝΟΤ,ΑΓΙΟΥ ΜΗΝΑ,ΔΗΜΟΣ,ΧΙΟΥ,ΧΙΟΥ,ΒΟΡΕΙΟΥ ΑΙΓΑΙΟΥ
897,ΤΟΠ. ΚΟΙΝΟΤ,ΑΜΑΝΗΣ,ΔΗΜΟΣ,ΧΙΟΥ,ΧΙΟΥ,ΒΟΡΕΙΟΥ ΑΙΓΑΙΟΥ
898,ΔΗΜ. ΚΟΙΝΟΤ,ΙΩΝΙΑΣ,ΔΗΜΟΣ,ΧΙΟΥ,ΧΙΟΥ,ΒΟΡΕΙΟΥ ΑΙΓΑΙΟΥ
899,ΤΟΠ. ΚΟΙΝΟΤ,ΚΑΜΠΟΧΩΡΩΝ,ΔΗΜΟΣ,ΧΙΟΥ,ΧΙΟΥ,ΒΟΡΕΙΟΥ ΑΙΓΑΙΟΥ
900,ΔΗΜ. ΚΟΙΝΟΤ,ΚΑΡΔΑΜΥΛΩΝ,ΔΗΜΟΣ,ΧΙΟΥ,ΧΙΟΥ,ΒΟΡΕΙΟΥ ΑΙΓΑΙΟΥ
901,ΔΗΜ. ΚΟΙΝΟΤ,ΜΑΣΤΙΧΟΧΩΡΙΩΝ,ΔΗΜΟΣ,ΧΙΟΥ,ΧΙΟΥ,ΒΟΡΕΙΟΥ ΑΙΓΑΙΟΥ
902,ΔΗΜ. ΚΟΙΝΟΤ,ΟΜΗΡΟΥΠΟΛΗΣ,ΔΗΜΟΣ,ΧΙΟΥ,ΧΙΟΥ,ΒΟΡΕΙΟΥ ΑΙΓΑΙΟΥ
903,ΔΗΜ. ΚΟΙΝΟΤ,ΧΙΟΥ,ΔΗΜΟΣ,ΧΙΟΥ,ΧΙΟΥ,ΒΟΡΕΙΟΥ ΑΙΓΑΙΟΥ
904,ΔΗΜ. ΚΟΙΝΟΤ,ΨΑΡΩΝ,ΔΗΜΟΣ,ΨΑΡΩΝ,ΧΙΟΥ,ΒΟΡΕΙΟΥ ΑΙΓΑΙΟΥ
905,ΔΗΜ. ΚΟΙΝΟΤ,ΑΝΔΡΟΥ,ΔΗΜΟΣ,ΑΝΔΡΟΥ,ΑΝΔΡΟΥ,ΝΟΤΙΟΥ ΑΙΓΑΙΟΥ
906,ΤΟΠ. ΚΟΙΝΟΤ,ΚΟΡΘΙΟΥ,ΔΗΜΟΣ,ΑΝΔΡΟΥ,ΑΝΔΡΟΥ,ΝΟΤΙΟΥ ΑΙΓΑΙΟΥ
907,ΔΗΜ. ΚΟΙΝΟΤ,ΥΔΡΟΥΣΑΣ,ΔΗΜΟΣ,ΑΝΔΡΟΥ,ΑΝΔΡΟΥ,ΝΟΤΙΟΥ ΑΙΓΑΙΟΥ
908,ΔΗΜ. ΚΟΙΝΟΤ,ΑΝΑΦΗΣ,ΔΗΜΟΣ,ΑΝΑΦΗΣ,ΘΗΡΑΣ,ΝΟΤΙΟΥ ΑΙΓΑΙΟΥ
909,ΔΗΜ. ΚΟΙΝΟΤ,ΘΗΡΑΣ,ΔΗΜΟΣ,ΘΗΡΑΣ,ΘΗΡΑΣ,ΝΟΤΙΟΥ ΑΙΓΑΙΟΥ
910,ΔΗΜ. ΚΟΙΝΟΤ,ΟΙΑΣ,ΔΗΜΟΣ,ΘΗΡΑΣ,ΘΗΡΑΣ,ΝΟΤΙΟΥ ΑΙΓΑΙΟΥ
911,ΤΟΠ. ΚΟΙΝΟΤ,ΙΗΤΩΝ,ΔΗΜΟΣ,ΙΗΤΩΝ,ΘΗΡΑΣ,ΝΟΤΙΟΥ ΑΙΓΑΙΟΥ
912,ΤΟΠ. ΚΟΙΝΟΤ,ΣΙΚΙΝΟΥ,ΔΗΜΟΣ,ΣΙΚΙΝΟΥ,ΘΗΡΑΣ,ΝΟΤΙΟΥ ΑΙΓΑΙΟΥ
913,ΤΟΠ. ΚΟΙΝΟΤ,ΦΟΛΕΓΑΝΔΡΟΥ,ΔΗΜΟΣ,ΦΟΛΕΓΑΝΔΡΟΥ,ΘΗΡΑΣ,ΝΟΤΙΟΥ ΑΙΓΑΙΟΥ
914,ΔΗΜ. ΚΟΙΝΟΤ,ΑΓΑΘΟΝΗΣΙΟΥ,ΔΗΜΟΣ,ΑΓΑΘΟΝΗΣΙΟΥ,ΚΑΛΥΜΝΟΥ,ΝΟΤΙΟΥ ΑΙΓΑΙΟΥ
915,ΔΗΜ. ΚΟΙΝΟΤ,ΑΣΤΥΠΑΛΑΙΑΣ,ΔΗΜΟΣ,ΑΣΤΥΠΑΛΑΙΑΣ,ΚΑΛΥΜΝΟΥ,ΝΟΤΙΟΥ ΑΙΓΑΙΟΥ
916,ΔΗΜ. ΚΟΙΝΟΤ,ΚΑΛΥΜΝΙΩΝ,ΔΗΜΟΣ,ΚΑΛΥΜΝΙΩΝ,ΚΑΛΥΜΝΟΥ,ΝΟΤΙΟΥ ΑΙΓΑΙΟΥ
917,ΔΗΜ. ΚΟΙΝΟΤ,ΛΕΙΨΩΝ,ΔΗΜΟΣ,ΛΕΙΨΩΝ,ΚΑΛΥΜΝΟΥ,ΝΟΤΙΟΥ ΑΙΓΑΙΟΥ
918,ΔΗΜ. ΚΟΙΝΟΤ,ΛΕΡΟΥ,ΔΗΜΟΣ,ΛΕΡΟΥ,ΚΑΛΥΜΝΟΥ,ΝΟΤΙΟΥ ΑΙΓΑΙΟΥ
919,ΔΗΜ. ΚΟΙΝΟΤ,ΠΑΤΜΟΥ,ΔΗΜΟΣ,ΠΑΤΜΟΥ,ΚΑΛΥΜΝΟΥ,ΝΟΤΙΟΥ ΑΙΓΑΙΟΥ
920,ΔΗΜ. ΚΟΙΝΟΤ,ΚΑΡΠΑΘΟΥ,ΔΗΜΟΣ,ΚΑΡΠΑΘΟΥ,ΚΑΡΠΑΘΟΥ,ΝΟΤΙΟΥ ΑΙΓΑΙΟΥ
921,ΤΟΠ. ΚΟΙΝΟΤ,ΟΛΥΜΠΟΥ,ΔΗΜΟΣ,ΚΑΡΠΑΘΟΥ,ΚΑΡΠΑΘΟΥ,ΝΟΤΙΟΥ ΑΙΓΑΙΟΥ
922,ΤΟΠ. ΚΟΙΝΟΤ,ΚΑΣΟΥ,ΔΗΜΟΣ,ΚΑΣΟΥ,ΚΑΡΠΑΘΟΥ,ΝΟΤΙΟΥ ΑΙΓΑΙΟΥ
923,ΔΗΜ. ΚΟΙΝΟΤ,ΚΕΑΣ,ΔΗΜΟΣ,ΚΕΑΣ,ΚΕΑΣ-ΚΥΘΝΟΥ,ΝΟΤΙΟΥ ΑΙΓΑΙΟΥ
924,ΤΟΠ. ΚΟΙΝΟΤ,ΚΥΘΝΟΥ,ΔΗΜΟΣ,ΚΥΘΝΟΥ,ΚΕΑΣ-ΚΥΘΝΟΥ,ΝΟΤΙΟΥ ΑΙΓΑΙΟΥ
925,ΔΗΜ. ΚΟΙΝΟΤ,ΔΙΚΑΙΟΥ,ΔΗΜΟΣ,ΚΩ,ΚΩ,ΝΟΤΙΟΥ ΑΙΓΑΙΟΥ
926,ΔΗΜ. ΚΟΙΝΟΤ,ΗΡΑΚΛΕΙΔΩΝ,ΔΗΜΟΣ,ΚΩ,ΚΩ,ΝΟΤΙΟΥ ΑΙΓΑΙΟΥ
927,ΔΗΜ. ΚΟΙΝΟΤ,ΚΩ,ΔΗΜΟΣ,ΚΩ,ΚΩ,ΝΟΤΙΟΥ ΑΙΓΑΙΟΥ
928,ΤΟΠ. ΚΟΙΝΟΤ,ΝΙΣΥΡΟΥ,ΔΗΜΟΣ,ΝΙΣΥΡΟΥ,ΚΩ,ΝΟΤΙΟΥ ΑΙΓΑΙΟΥ
929,ΔΗΜ. ΚΟΙΝΟΤ,ΚΙΜΩΛΟΥ,ΔΗΜΟΣ,ΚΙΜΩΛΟΥ,ΜΗΛΟΥ,ΝΟΤΙΟΥ ΑΙΓΑΙΟΥ
930,ΔΗΜ. ΚΟΙΝΟΤ,ΜΗΛΟΥ,ΔΗΜΟΣ,ΜΗΛΟΥ,ΜΗΛΟΥ,ΝΟΤΙΟΥ ΑΙΓΑΙΟΥ
931,ΔΗΜ. ΚΟΙΝΟΤ,ΣΕΡΙΦΟΥ,ΔΗΜΟΣ,ΣΕΡΙΦΟΥ,ΜΗΛΟΥ,ΝΟΤΙΟΥ ΑΙΓΑΙΟΥ
932,ΔΗΜ. ΚΟΙΝΟΤ,ΣΙΦΝΟΥ,ΔΗΜΟΣ,ΣΙΦΝΟΥ,ΜΗΛΟΥ,ΝΟΤΙΟΥ ΑΙΓΑΙΟΥ
933,ΔΗΜ. ΚΟΙΝΟΤ,ΜΥΚΟΝΟΥ,ΔΗΜΟΣ,ΜΥΚΟΝΟΥ,ΜΥΚΟΝΟΥ,ΝΟΤΙΟΥ ΑΙΓΑΙΟΥ
934,ΤΟΠ. ΚΟΙΝΟΤ,ΑΜΟΡΓΟΥ,ΔΗΜΟΣ,ΑΜΟΡΓΟΥ,ΝΑΞΟΥ,ΝΟΤΙΟΥ ΑΙΓΑΙΟΥ
935,ΔΗΜ. ΚΟΙΝΟΤ,ΔΟΝΟΥΣΗΣ,ΔΗΜΟΣ,ΝΑΞΟΥ & ΜΙΚΡΩΝ ΚΥΚΛΑΔΩΝ,ΝΑΞΟΥ,ΝΟΤΙΟΥ ΑΙΓΑΙΟΥ
936,ΔΗΜ. ΚΟΙΝΟΤ,ΔΡΥΜΑΛΙΑΣ,ΔΗΜΟΣ,ΝΑΞΟΥ & ΜΙΚΡΩΝ ΚΥΚΛΑΔΩΝ,ΝΑΞΟΥ,ΝΟΤΙΟΥ ΑΙΓΑΙΟΥ
937,ΔΗΜ. ΚΟΙΝΟΤ,ΗΡΑΚΛΕΙΑΣ,ΔΗΜΟΣ,ΝΑΞΟΥ & ΜΙΚΡΩΝ ΚΥΚΛΑΔΩΝ,ΝΑΞΟΥ,ΝΟΤΙΟΥ ΑΙΓΑΙΟΥ
938,ΔΗΜ. ΚΟΙΝΟΤ,ΚΟΥΦΟΝΗΣΙΩΝ,ΔΗΜΟΣ,ΝΑΞΟΥ & ΜΙΚΡΩΝ ΚΥΚΛΑΔΩΝ,ΝΑΞΟΥ,ΝΟΤΙΟΥ ΑΙΓΑΙΟΥ
939,ΔΗΜ. ΚΟΙΝΟΤ,ΝΑΞΟΥ,ΔΗΜΟΣ,ΝΑΞΟΥ & ΜΙΚΡΩΝ ΚΥΚΛΑΔΩΝ,ΝΑΞΟΥ,ΝΟΤΙΟΥ ΑΙΓΑΙΟΥ
940,ΔΗΜ. ΚΟΙΝΟΤ,ΣΧΟΙΝΟΥΣΣΗΣ,ΔΗΜΟΣ,ΝΑΞΟΥ & ΜΙΚΡΩΝ ΚΥΚΛΑΔΩΝ,ΝΑΞΟΥ,ΝΟΤΙΟΥ ΑΙΓΑΙΟΥ
941,ΔΗΜ. ΚΟΙΝΟΤ,ΑΝΤΙΠΑΡΟΥ,ΔΗΜΟΣ,ΑΝΤΙΠΑΡΟΥ,ΠΑΡΟΥ,ΝΟΤΙΟΥ ΑΙΓΑΙΟΥ
942,ΔΗΜ. ΚΟΙΝΟΤ,ΠΑΡΟΥ,ΔΗΜΟΣ,ΠΑΡΟΥ,ΠΑΡΟΥ,ΝΟΤΙΟΥ ΑΙΓΑΙΟΥ
943,ΔΗΜ. ΚΟΙΝΟΤ,ΜΕΓΙΣΤΗΣ,ΔΗΜΟΣ,ΜΕΓΙΣΤΗΣ,ΡΟΔΟΥ,ΝΟΤΙΟΥ ΑΙΓΑΙΟΥ
944,ΔΗΜ. ΚΟΙΝΟΤ,ΑΡΧΑΓΓΕΛΟΥ,ΔΗΜΟΣ,ΡΟΔΟΥ,ΡΟΔΟΥ,ΝΟΤΙΟΥ ΑΙΓΑΙΟΥ
945,ΔΗΜ. ΚΟΙΝΟΤ,ΑΤΑΒΥΡΟΥ,ΔΗΜΟΣ,ΡΟΔΟΥ,ΡΟΔΟΥ,ΝΟΤΙΟΥ ΑΙΓΑΙΟΥ
946,ΔΗΜ. ΚΟΙΝΟΤ,ΑΦΑΝΤΟΥ,ΔΗΜΟΣ,ΡΟΔΟΥ,ΡΟΔΟΥ,ΝΟΤΙΟΥ ΑΙΓΑΙΟΥ
947,ΤΟΠ. ΚΟΙΝΟΤ,ΙΑΛΥΣΟΥ,ΔΗΜΟΣ,ΡΟΔΟΥ,ΡΟΔΟΥ,ΝΟΤΙΟΥ ΑΙΓΑΙΟΥ
948,ΔΗΜ. ΚΟΙΝΟΤ,ΚΑΛΛΙΘΕΑΣ,ΔΗΜΟΣ,ΡΟΔΟΥ,ΡΟΔΟΥ,ΝΟΤΙΟΥ ΑΙΓΑΙΟΥ
949,ΔΗΜ. ΚΟΙΝΟΤ,ΚΑΜΕΙΡΟΥ,ΔΗΜΟΣ,ΡΟΔΟΥ,ΡΟΔΟΥ,ΝΟΤΙΟΥ ΑΙΓΑΙΟΥ
950,ΔΗΜ. ΚΟΙΝΟΤ,ΛΙΝΔΙΩΝ,ΔΗΜΟΣ,ΡΟΔΟΥ,ΡΟΔΟΥ,ΝΟΤΙΟΥ ΑΙΓΑΙΟΥ
951,ΤΟΠ. ΚΟΙΝΟΤ,ΝΟΤΙΑΣ ΡΟΔΟΥ,ΔΗΜΟΣ,ΡΟΔΟΥ,ΡΟΔΟΥ,ΝΟΤΙΟΥ ΑΙΓΑΙΟΥ
952,ΔΗΜ. ΚΟΙΝΟΤ,ΠΕΤΑΛΟΥΔΩΝ,ΔΗΜΟΣ,ΡΟΔΟΥ,ΡΟΔΟΥ,ΝΟΤΙΟΥ ΑΙΓΑΙΟΥ
953,ΔΗΜ. ΚΟΙΝΟΤ,ΡΟΔΟΥ,ΔΗΜΟΣ,ΡΟΔΟΥ,ΡΟΔΟΥ,ΝΟΤΙΟΥ ΑΙΓΑΙΟΥ
954,ΔΗΜ. ΚΟΙΝΟΤ,ΣΥΜΗΣ,ΔΗΜΟΣ,ΣΥΜΗΣ,ΡΟΔΟΥ,ΝΟΤΙΟΥ ΑΙΓΑΙΟΥ
955,ΤΟΠ. ΚΟΙΝΟΤ,ΤΗΛΟΥ,ΔΗΜΟΣ,ΤΗΛΟΥ,ΡΟΔΟΥ,ΝΟΤΙΟΥ ΑΙΓΑΙΟΥ
956,ΔΗΜ. ΚΟΙΝΟΤ,ΧΑΛΚΗΣ,ΔΗΜΟΣ,ΧΑΛΚΗΣ,ΡΟΔΟΥ,ΝΟΤΙΟΥ ΑΙΓΑΙΟΥ
957,ΔΗΜ. ΚΟΙΝΟΤ,ΑΝΩ ΣΥΡΟΥ,ΔΗΜΟΣ,ΣΥΡΟΥ-ΕΡΜΟΥΠΟΛΗΣ,ΣΥΡΟΥ,ΝΟΤΙΟΥ ΑΙΓΑΙΟΥ
958,ΔΗΜ. ΚΟΙΝΟΤ,ΕΡΜΟΥΠΟΛΕΩΣ,ΔΗΜΟΣ,ΣΥΡΟΥ-ΕΡΜΟΥΠΟΛΗΣ,ΣΥΡΟΥ,ΝΟΤΙΟΥ ΑΙΓΑΙΟΥ
959,ΔΗΜ. ΚΟΙΝΟΤ,ΠΟΣΕΙΔΩΝΙΑΣ,ΔΗΜΟΣ,ΣΥΡΟΥ-ΕΡΜΟΥΠΟΛΗΣ,ΣΥΡΟΥ,ΝΟΤΙΟΥ ΑΙΓΑΙΟΥ
960,ΤΟΠ. ΚΟΙΝΟΤ,ΕΞΩΜΒΟΥΡΓΟΥ,ΔΗΜΟΣ,ΤΗΝΟΥ,ΤΗΝΟΥ,ΝΟΤΙΟΥ ΑΙΓΑΙΟΥ
961,ΤΟΠ. ΚΟΙΝΟΤ,ΠΑΝΟΡΜΟΥ,ΔΗΜΟΣ,ΤΗΝΟΥ,ΤΗΝΟΥ,ΝΟΤΙΟΥ ΑΙΓΑΙΟΥ
962,ΔΗΜ. ΚΟΙΝΟΤ,ΤΗΝΟΥ,ΔΗΜΟΣ,ΤΗΝΟΥ,ΤΗΝΟΥ,ΝΟΤΙΟΥ ΑΙΓΑΙΟΥ
963,ΔΗΜ. ΚΟΙΝΟΤ,ΑΡΧΑΝΩΝ,ΔΗΜΟΣ,ΑΡΧΑΝΩΝ - ΑΣΤΕΡΟΥΣΙΩΝ,ΗΡΑΚΛΕΙΟΥ,ΚΡΗΤΗΣ
964,ΤΟΠ. ΚΟΙΝΟΤ,ΑΣΤΕΡΟΥΣΙΩΝ,ΔΗΜΟΣ,ΑΡΧΑΝΩΝ - ΑΣΤΕΡΟΥΣΙΩΝ,ΗΡΑΚΛΕΙΟΥ,ΚΡΗΤΗΣ
965,ΤΟΠ. ΚΟΙΝΟΤ,ΝΙΚΟΥ ΚΑΖΑΝΤΖΑΚΗ,ΔΗΜΟΣ,ΑΡΧΑΝΩΝ - ΑΣΤΕΡΟΥΣΙΩΝ,ΗΡΑΚΛΕΙΟΥ,ΚΡΗΤΗΣ
966,ΤΟΠ. ΚΟΙΝΟΤ,ΒΙΑΝΝΟΥ,ΔΗΜΟΣ,ΒΙΑΝΝΟΥ,ΗΡΑΚΛΕΙΟΥ,ΚΡΗΤΗΣ
967,ΔΗΜ. ΚΟΙΝΟΤ,ΑΓΙΑΣ ΒΑΡΒΑΡΑΣ,ΔΗΜΟΣ,ΓΟΡΤΥΝΑΣ,ΗΡΑΚΛΕΙΟΥ,ΚΡΗΤΗΣ
968,ΤΟΠ. ΚΟΙΝΟΤ,ΓΟΡΤΥΝΑΣ,ΔΗΜΟΣ,ΓΟΡΤΥΝΑΣ,ΗΡΑΚΛΕΙΟΥ,ΚΡΗΤΗΣ
969,ΤΟΠ. ΚΟΙΝΟΤ,ΚΟΦΙΝΑ,ΔΗΜΟΣ,ΓΟΡΤΥΝΑΣ,ΗΡΑΚΛΕΙΟΥ,ΚΡΗΤΗΣ
970,ΔΗΜ. ΚΟΙΝΟΤ,ΡΟΥΒΑ,ΔΗΜΟΣ,ΓΟΡΤΥΝΑΣ,ΗΡΑΚΛΕΙΟΥ,ΚΡΗΤΗΣ
971,ΤΟΠ. ΚΟΙΝΟΤ,ΓΟΡΓΟΛΑΪΝΗ,ΔΗΜΟΣ,ΗΡΑΚΛΕΙΟΥ,ΗΡΑΚΛΕΙΟΥ,ΚΡΗΤΗΣ
972,ΔΗΜ. ΚΟΙΝΟΤ,ΗΡΑΚΛΕΙΟΥ,ΔΗΜΟΣ,ΗΡΑΚΛΕΙΟΥ,ΗΡΑΚΛΕΙΟΥ,ΚΡΗΤΗΣ
973,ΔΗΜ. ΚΟΙΝΟΤ,ΝΕΑΣ ΑΛΙΚΑΡΝΑΣΣΟΥ,ΔΗΜΟΣ,ΗΡΑΚΛΕΙΟΥ,ΗΡΑΚΛΕΙΟΥ,ΚΡΗΤΗΣ
974,ΤΟΠ. ΚΟΙΝΟΤ,ΠΑΛΙΑΝΗΣ,ΔΗΜΟΣ,ΗΡΑΚΛΕΙΟΥ,ΗΡΑΚΛΕΙΟΥ,ΚΡΗΤΗΣ
975,ΤΟΠ. ΚΟΙΝΟΤ,ΤΕΜΕΝΟΥΣ,ΔΗΜΟΣ,ΗΡΑΚΛΕΙΟΥ,ΗΡΑΚΛΕΙΟΥ,ΚΡΗΤΗΣ
976,ΔΗΜ. ΚΟΙΝΟΤ,ΓΑΖΙΟΥ,ΔΗΜΟΣ,ΜΑΛΕΒΙΖΙΟΥ,ΗΡΑΚΛΕΙΟΥ,ΚΡΗΤΗΣ
977,ΔΗΜ. ΚΟΙΝΟΤ,ΚΡΟΥΣΩΝΑ,ΔΗΜΟΣ,ΜΑΛΕΒΙΖΙΟΥ,ΗΡΑΚΛΕΙΟΥ,ΚΡΗΤΗΣ
978,ΤΟΠ. ΚΟΙΝΟΤ,ΤΥΛΙΣΟΥ,ΔΗΜΟΣ,ΜΑΛΕΒΙΖΙΟΥ,ΗΡΑΚΛΕΙΟΥ,ΚΡΗΤΗΣ
979,ΔΗΜ. ΚΟΙΝΟΤ,ΑΡΚΑΛΟΧΩΡΙΟΥ,ΔΗΜΟΣ,ΜΙΝΩΑ ΠΕΔΙΑΔΑΣ,ΗΡΑΚΛΕΙΟΥ,ΚΡΗΤΗΣ
980,ΤΟΠ. ΚΟΙΝΟΤ,ΘΡΑΨΑΝΟΥ,ΔΗΜΟΣ,ΜΙΝΩΑ ΠΕΔΙΑΔΑΣ,ΗΡΑΚΛΕΙΟΥ,ΚΡΗΤΗΣ
981,ΤΟΠ. ΚΟΙΝΟΤ,ΚΑΣΤΕΛΛΙΟΥ,ΔΗΜΟΣ,ΜΙΝΩΑ ΠΕΔΙΑΔΑΣ,ΗΡΑΚΛΕΙΟΥ,ΚΡΗΤΗΣ
982,ΔΗΜ. ΚΟΙΝΟΤ,ΖΑΡΟΥ,ΔΗΜΟΣ,ΦΑΙΣΤΟΥ,ΗΡΑΚΛΕΙΟΥ,ΚΡΗΤΗΣ
983,ΔΗΜ. ΚΟΙΝΟΤ,ΜΟΙΡΩΝ,ΔΗΜΟΣ,ΦΑΙΣΤΟΥ,ΗΡΑΚΛΕΙΟΥ,ΚΡΗΤΗΣ
984,ΔΗΜ. ΚΟΙΝΟΤ,ΤΥΜΠΑΚΙΟΥ,ΔΗΜΟΣ,ΦΑΙΣΤΟΥ,ΗΡΑΚΛΕΙΟΥ,ΚΡΗΤΗΣ
985,ΔΗΜ. ΚΟΙΝΟΤ,ΓΟΥΒΩΝ,ΔΗΜΟΣ,ΧΕΡΣΟΝΗΣΟΥ,ΗΡΑΚΛΕΙΟΥ,ΚΡΗΤΗΣ
986,ΤΟΠ. ΚΟΙΝΟΤ,ΕΠΙΣΚΟΠΗΣ,ΔΗΜΟΣ,ΧΕΡΣΟΝΗΣΟΥ,ΗΡΑΚΛΕΙΟΥ,ΚΡΗΤΗΣ
987,ΔΗΜ. ΚΟΙΝΟΤ,ΜΑΛΛΙΩΝ,ΔΗΜΟΣ,ΧΕΡΣΟΝΗΣΟΥ,ΗΡΑΚΛΕΙΟΥ,ΚΡΗΤΗΣ
988,ΔΗΜ. ΚΟΙΝΟΤ,ΧΕΡΣΟΝΗΣΟΥ,ΔΗΜΟΣ,ΧΕΡΣΟΝΗΣΟΥ,ΗΡΑΚΛΕΙΟΥ,ΚΡΗΤΗΣ
989,ΔΗΜ. ΚΟΙΝΟΤ,ΑΓΙΟΥ ΝΙΚΟΛΑΟΥ,ΔΗΜΟΣ,ΑΓΙΟΥ ΝΙΚΟΛΑΟΥ,ΛΑΣΙΘΙΟΥ,ΚΡΗΤΗΣ
990,ΔΗΜ. ΚΟΙΝΟΤ,ΒΡΑΧΑΣΙΟΥ,ΔΗΜΟΣ,ΑΓΙΟΥ ΝΙΚΟΛΑΟΥ,ΛΑΣΙΘΙΟΥ,ΚΡΗΤΗΣ
991,ΔΗΜ. ΚΟΙΝΟΤ,ΝΕΑΠΟΛΗΣ,ΔΗΜΟΣ,ΑΓΙΟΥ ΝΙΚΟΛΑΟΥ,ΛΑΣΙΘΙΟΥ,ΚΡΗΤΗΣ
992,ΔΗΜ. ΚΟΙΝΟΤ,ΙΕΡΑΠΕΤΡΑΣ,ΔΗΜΟΣ,ΙΕΡΑΠΕΤΡΑΣ,ΛΑΣΙΘΙΟΥ,ΚΡΗΤΗΣ
993,ΤΟΠ. ΚΟΙΝΟΤ,ΜΑΚΡΥ ΓΙΑΛΟΥ,ΔΗΜΟΣ,ΙΕΡΑΠΕΤΡΑΣ,ΛΑΣΙΘΙΟΥ,ΚΡΗΤΗΣ
994,ΤΟΠ. ΚΟΙΝΟΤ,ΟΡΟΠΕΔΙΟΥ ΛΑΣΙΘΙΟΥ,ΔΗΜΟΣ,ΟΡΟΠΕΔΙΟΥ ΛΑΣΙΘΙΟΥ,ΛΑΣΙΘΙΟΥ,ΚΡΗΤΗΣ
995,ΤΟΠ. ΚΟΙΝΟΤ,ΙΤΑΝΟΥ,ΔΗΜΟΣ,ΣΗΤΕΙΑΣ,ΛΑΣΙΘΙΟΥ,ΚΡΗΤΗΣ
996,ΤΟΠ. ΚΟΙΝΟΤ,ΛΕΥΚΗΣ,ΔΗΜΟΣ,ΣΗΤΕΙΑΣ,ΛΑΣΙΘΙΟΥ,ΚΡΗΤΗΣ
997,ΔΗΜ. ΚΟΙΝΟΤ,ΣΗΤΕΙΑΣ,ΔΗΜΟΣ,ΣΗΤΕΙΑΣ,ΛΑΣΙΘΙΟΥ,ΚΡΗΤΗΣ
998,ΤΟΠ. ΚΟΙΝΟΤ,ΛΑΜΠΗΣ,ΔΗΜΟΣ,ΑΓΙΟΥ ΒΑΣΙΛΕΙΟΥ,ΡΕΘΥΜΝΟΥ,ΚΡΗΤΗΣ
999,ΤΟΠ. ΚΟΙΝΟΤ,ΦΟΙΝΙΚΑ,ΔΗΜΟΣ,ΑΓΙΟΥ ΒΑΣΙΛΕΙΟΥ,ΡΕΘΥΜΝΟΥ,ΚΡΗΤΗΣ
1000,ΤΟΠ. ΚΟΙΝΟΤ,ΚΟΥΡΗΤΩΝ,ΔΗΜΟΣ,ΑΜΑΡΙΟΥ,ΡΕΘΥΜΝΟΥ,ΚΡΗΤΗΣ
1001,ΤΟΠ. ΚΟΙΝΟΤ,ΣΥΒΡΙΤΟΥ,ΔΗΜΟΣ,ΑΜΑΡΙΟΥ,ΡΕΘΥΜΝΟΥ,ΚΡΗΤΗΣ
1002,ΤΟΠ. ΚΟΙΝΟΤ,ΑΝΩΓΕΙΩΝ,ΔΗΜΟΣ,ΑΝΩΓΕΙΩΝ,ΡΕΘΥΜΝΟΥ,ΚΡΗΤΗΣ
1003,ΤΟΠ. ΚΟΙΝΟΤ,ΓΕΡΟΠΟΤΑΜΟΥ,ΔΗΜΟΣ,ΜΥΛΟΠΟΤΑΜΟΥ,ΡΕΘΥΜΝΟΥ,ΚΡΗΤΗΣ
1004,ΤΟΠ. ΚΟΙΝΟΤ,ΖΩΝΙΑΝΩΝ,ΔΗΜΟΣ,ΜΥΛΟΠΟΤΑΜΟΥ,ΡΕΘΥΜΝΟΥ,ΚΡΗΤΗΣ
1005,ΤΟΠ. ΚΟΙΝΟΤ,ΚΟΥΛΟΥΚΩΝΑ,ΔΗΜΟΣ,ΜΥΛΟΠΟΤΑΜΟΥ,ΡΕΘΥΜΝΟΥ,ΚΡΗΤΗΣ
1006,ΤΟΠ. ΚΟΙΝΟΤ,ΑΡΚΑΔΙΟΥ,ΔΗΜΟΣ,ΡΕΘΥΜΝΗΣ,ΡΕΘΥΜΝΟΥ,ΚΡΗΤΗΣ
1007,ΤΟΠ. ΚΟΙΝΟΤ,ΛΑΠΠΑΙΩΝ,ΔΗΜΟΣ,ΡΕΘΥΜΝΗΣ,ΡΕΘΥΜΝΟΥ,ΚΡΗΤΗΣ
1008,ΔΗΜ. ΚΟΙΝΟΤ,ΝΙΚΗΦΟΡΟΥ ΦΩΚΑ,ΔΗΜΟΣ,ΡΕΘΥΜΝΗΣ,ΡΕΘΥΜΝΟΥ,ΚΡΗΤΗΣ
1009,ΔΗΜ. ΚΟΙΝΟΤ,ΡΕΘΥΜΝΗΣ,ΔΗΜΟΣ,ΡΕΘΥΜΝΗΣ,ΡΕΘΥΜΝΟΥ,ΚΡΗΤΗΣ
1010,ΤΟΠ. ΚΟΙΝΟΤ,ΑΡΜΕΝΩΝ,ΔΗΜΟΣ,ΑΠΟΚΟΡΩΝΟΥ,ΧΑΝΙΩΝ,ΚΡΗΤΗΣ
1011,ΤΟΠ. ΚΟΙΝΟΤ,ΑΣΗ ΓΩΝΙΑΣ,ΔΗΜΟΣ,ΑΠΟΚΟΡΩΝΟΥ,ΧΑΝΙΩΝ,ΚΡΗΤΗΣ
1012,ΤΟΠ. ΚΟΙΝΟΤ,ΒΑΜΟΥ,ΔΗΜΟΣ,ΑΠΟΚΟΡΩΝΟΥ,ΧΑΝΙΩΝ,ΚΡΗΤΗΣ
1013,ΤΟΠ. ΚΟΙΝΟΤ,ΓΕΩΡΓΙΟΥΠΟΛΕΩΣ,ΔΗΜΟΣ,ΑΠΟΚΟΡΩΝΟΥ,ΧΑΝΙΩΝ,ΚΡΗΤΗΣ
1014,ΤΟΠ. ΚΟΙΝΟΤ,ΚΡΥΟΝΕΡΙΔΑΣ,ΔΗΜΟΣ,ΑΠΟΚΟΡΩΝΟΥ,ΧΑΝΙΩΝ,ΚΡΗΤΗΣ
1015,ΤΟΠ. ΚΟΙΝΟΤ,ΦΡΕ,ΔΗΜΟΣ,ΑΠΟΚΟΡΩΝΟΥ,ΧΑΝΙΩΝ,ΚΡΗΤΗΣ
1016,ΤΟΠ. ΚΟΙΝΟΤ,ΓΑΥΔΟΥ,ΔΗΜΟΣ,ΓΑΥΔΟΥ,ΧΑΝΙΩΝ,ΚΡΗΤΗΣ
1017,ΤΟΠ. ΚΟΙΝΟΤ,ΑΝΑΤΟΛΙΚΟΥ ΣΕΛΙΝΟΥ,ΔΗΜΟΣ,ΚΑΝΤΑΝΟΥ - ΣΕΛΙΝΟΥ,ΧΑΝΙΩΝ,ΚΡΗΤΗΣ
1018,ΤΟΠ. ΚΟΙΝΟΤ,ΚΑΝΤΑΝΟΥ,ΔΗΜΟΣ,ΚΑΝΤΑΝΟΥ - ΣΕΛΙΝΟΥ,ΧΑΝΙΩΝ,ΚΡΗΤΗΣ
1019,ΔΗΜ. ΚΟΙΝΟΤ,ΠΕΛΕΚΑΝΟΥ,ΔΗΜΟΣ,ΚΑΝΤΑΝΟΥ - ΣΕΛΙΝΟΥ,ΧΑΝΙΩΝ,ΚΡΗΤΗΣ
1020,ΤΟΠ. ΚΟΙΝΟΤ,ΙΝΑΧΩΡΙΟΥ,ΔΗΜΟΣ,ΚΙΣΣΑΜΟΥ,ΧΑΝΙΩΝ,ΚΡΗΤΗΣ
1021,ΔΗΜ. ΚΟΙΝΟΤ,ΚΙΣΣΑΜΟΥ,ΔΗΜΟΣ,ΚΙΣΣΑΜΟΥ,ΧΑΝΙΩΝ,ΚΡΗΤΗΣ
1022,ΤΟΠ. ΚΟΙΝΟΤ,ΜΥΘΗΜΝΗΣ,ΔΗΜΟΣ,ΚΙΣΣΑΜΟΥ,ΧΑΝΙΩΝ,ΚΡΗΤΗΣ
1023,ΤΟΠ. ΚΟΙΝΟΤ,ΒΟΥΚΟΛΙΩΝ,ΔΗΜΟΣ,ΠΛΑΤΑΝΙΑ,ΧΑΝΙΩΝ,ΚΡΗΤΗΣ
1024,ΤΟΠ. ΚΟΙΝΟΤ,ΚΟΛΥΜΒΑΡΙΟΥ,ΔΗΜΟΣ,ΠΛΑΤΑΝΙΑ,ΧΑΝΙΩΝ,ΚΡΗΤΗΣ
1025,ΤΟΠ. ΚΟΙΝΟΤ,ΜΟΥΣΟΥΡΩΝ,ΔΗΜΟΣ,ΠΛΑΤΑΝΙΑ,ΧΑΝΙΩΝ,ΚΡΗΤΗΣ
1026,ΤΟΠ. ΚΟΙΝΟΤ,ΠΛΑΤΑΝΙΑ,ΔΗΜΟΣ,ΠΛΑΤΑΝΙΑ,ΧΑΝΙΩΝ,ΚΡΗΤΗΣ
1027,ΤΟΠ. ΚΟΙΝΟΤ,ΣΦΑΚΙΩΝ,ΔΗΜΟΣ,ΣΦΑΚΙΩΝ,ΧΑΝΙΩΝ,ΚΡΗΤΗΣ
1028,ΔΗΜ. ΚΟΙΝΟΤ,ΑΚΡΩΤΗΡΙΟΥ,ΔΗΜΟΣ,ΧΑΝΙΩΝ,ΧΑΝΙΩΝ,ΚΡΗΤΗΣ
1029,ΔΗΜ. ΚΟΙΝΟΤ,ΕΛΕΥΘΕΡΙΟΥ ΒΕΝΙΖΕΛΟΥ,ΔΗΜΟΣ,ΧΑΝΙΩΝ,ΧΑΝΙΩΝ,ΚΡΗΤΗΣ
1030,ΔΗΜ. ΚΟΙΝΟΤ,ΘΕΡΙΣΟΥ,ΔΗΜΟΣ,ΧΑΝΙΩΝ,ΧΑΝΙΩΝ,ΚΡΗΤΗΣ
1031,ΤΟΠ. ΚΟΙΝΟΤ,ΚΕΡΑΜΙΩΝ,ΔΗΜΟΣ,ΧΑΝΙΩΝ,ΧΑΝΙΩΝ,ΚΡΗΤΗΣ
1032,ΔΗΜ. ΚΟΙΝΟΤ,ΝΕΑΣ ΚΥΔΩΝΙΑΣ,ΔΗΜΟΣ,ΧΑΝΙΩΝ,ΧΑΝΙΩΝ,ΚΡΗΤΗΣ
1033,ΔΗΜ. ΚΟΙΝΟΤ,ΣΟΥΔΑΣ,ΔΗΜΟΣ,ΧΑΝΙΩΝ,ΧΑΝΙΩΝ,ΚΡΗΤΗΣ
1034,ΔΗΜ. ΚΟΙΝΟΤ,ΧΑΝΙΩΝ,ΔΗΜΟΣ,ΧΑΝΙΩΝ,ΧΑΝΙΩΝ,ΚΡΗΤΗΣ