mis,e069,na271,na853,event_description,project_title,event_year,budget_e069,budget_na271,budget_na853,status,created_at,updated_at,id,event_type_id,inc_year,updates
56565,,,2024ΝΑ85300555,ΔΣΔΔΣ,ΔΣΔΣΔ,"[""2022""]",,,,Ενεργό,2025-09-05,2025-09-05,279,12,,[]
111111,,,222333333333,ddddd,ddd,"[""2022""]",,,111111111.00,Ενεργό,2025-09-15,2025-09-15,291,12,,[]
123456,,,czxczxc,sadasdasda,dasdadsad,[],,,111111111.00,Ενεργό,2025-09-15,2025-09-15,295,10,,[]
222222,,,2224545778,asdasdasdas,dasdsadsad,"[""2022""]",,,11111111.00,Ενεργό,2025-09-15,2025-09-15,297,10,,[]
231231,,,123123213,ασδασδ,δαδασδ,"[""2323""]",,,,Ενεργό,2025-09-10,2025-09-10,281,10,,[]
999999,,,eeeeeeeeeeeeeeeeeee,gggggggggggg,gggggggg,"[""2021""]",,,2222222.00,Ενεργό,2025-09-15,2025-09-15,299,12,,[]
5168550,,2022ΝΑ27100015,2024ΝΑ85300045,2020 πλημμύρα Τρίκαλα,Δωρεάν κρατική αρωγή για την αποκατάσταση των ζημιών σε κτίρια από την πλημμύρα της 07/07/2020 σε περιοχές του Δ. Τρικκαίων της Π.Ε. Τρικάλων της Π. Θεσσαλίας καθώς και δαπ. μετακ. μηχανικών,"[""2020""]",,,,Ενεργό,,2025-08-28,1,10,2022,[]
5168551,,2022ΝΑ27100000,2024ΝΑ85300053,2021 επιδότηση ενοικίου σεισμός Ηρακλείου (Αρκαλοχώρι),Επιδότηση ενοικίου/ συγκατοίκησης για την προσωρινή στέγαση των πληγέντων τα κτίρια των οποίων υπέστησαν βλάβες από τους σεισμούς της 24/07 και της 27/09/2021 σε περιοχές των Π.Ε. Ηρακλείου και Π.Ε. Λασιθίου της Π. Κρήτης,"[""2021""]",,16560000.00,16305572.76,Ενεργό,,2025-08-28,90,7,2022,[]
5173997,,2022ΝΑ27100028,2024ΝΑ85300016,2021 πλημμύρα Δ. Πάτμου,Δωρεάν κρατική αρωγή για την αποκατάσταση των ζημιών σε κτίρια από την πλημμύρα των 01/02 και 02/02/2021 σε περιοχές των Δ. Πάτμου της Π.Ε. Καλύμνου τη Π. Νοτ. Αιγαίου καθώς και δαπ. μετακ. μηχανικών,"[""2021""]",,189094.00,189094.00,Ενεργό,,2025-08-28,24,10,2024,[]
5174065,,2022ΝΑ27100009,2024ΝΑ85300022,2018-2020 πλημμύρες Θεσσαλονίκη,"Δωρεάν κρατική αρωγή για την αποκατάσταση των ζημιών σε κτίρια από της πλημμύρες, α) της 10/05/2018 σε περιοχές των Δ. Θεσ/κης, Κορδελιού-Ευόσμου, Αμπελοκήπων-Μενεμένης, β) από την 26/09 έως την 28/06/2018 σε περιοχές του Δ. Βόλβης, γ) της 19/09/2019 σε περιοχές των Δ. Λαγκαδά και Π. Μελά, δ) της 20/11/2019 σε περιοχές του Δ. Χαλκηδόνος και ε) της 07/08/2020 σε περιοχές του Δ. Λαγκαδά, της Π.Ε. Θεσ/κης της Π. Κεντ. Μακεδονίας καθώς και δαπ. μετακ. μηχανικών","[""2018-2020""]",,2924993.00,2888005.69,Ενεργό,,2025-08-28,87,10,2024,[]
5174076,,2022ΝΑ27100012,2024ΝΑ85300018,2021 πλημμύρα Αγρίνιο,Δωρεάν κρατική αρωγή για την αποκατάσταση των ζήμιών σε κτίρια από την πλημμύρα της 26/01/2021 σε περιοχές του Δ. Αγρινίου της Π.Ε. Αιτ/νιας της Π. Δυτ. Ελλάδας καθώς και δαπ. μετακ. μηχανικών,"[""2021""]",,300000.00,500000.00,Ενεργό,,2025-08-28,2,10,2024,[]
5174085,,2022ΝΑ27100011,2024ΝΑ85300027,2021 πλημμύρες Ξηρόμερο,"Δωρεάν κρατική αρωγή για την αποκατάσταση των ζημιών σε κτίρια από τις πλημμύρες της 03/01, 04/01 και 26/01/2021 σε περιοχές του Δ. Ξηρόμερου της Π.Ε. Αιτ/νιας της Π. Δυτ. Ελλάδας καθώς και δαπ. μετακ. μηχανικών","[""2021""]",,,,Ενεργό,,2025-08-28,5,10,2024,[]
5174090,,2022ΝΑ27100029,2024ΝΑ85300031,2021 ανεμοστρόβιλος Δ. Κεντρ. Τζουμέρκων,Δωρεάν κρατική αρωγή για την αποκατάσταση των ζημιών σε κτίρια από τον ανεμοστρόβιλο της 11/01/2021 σε περιοχές του Δ. Κεντρ. Τζουμέρκων της Π.Ε. Άρτας της Π. Ηπείρου καθώς και δαπ. μετακ. μηχανικών,"[""2021""]",,234936.00,234936.00,Ενεργό,,2025-08-28,180,3,2024,[]
5174123,,2022ΝΑ27100013,2024ΝΑ85300029,2020 πλημμύρα Κατερίνη,Δωρεάν κρατική αρωγή για την αποκατάσταση των ζημιών σε κτίρια από την πλημμύρα της 07/12 και 08/12/2020 σε περιοχές του Δ. Κατερίνης της Π.Ε. Πιερίας της Π. Κεντ. Μακεδονίας καθώς και δαπ. μετακ. μηχανικών,"[""2020""]",,45850.00,45850.00,Ενεργό,,2025-08-28,177,10,2024,[]
5174125,,2022ΝΑ27100007,2024ΝΑ85300008,2022 σεισμός Φλώρινας,Δωρεάν κρατική αρωγή για την αποκατάσταση των ζημίων σε κτίρια από τον σεισμό της 09/01/2022 σε περιοχές των Π.Ε. Φλώρινας και Π.Ε. Καστοριάς της Π. Δυτ. Μακεδονίας καθώς και δαπ. μετακ. μηχανικών,"[""2022""]",,,,Ενεργό,,2025-08-28,6,13,2024,[]
5174126,,2022ΝΑ27100014,2024ΝΑ85300036,2020 πλημμύρα Θάσος,Δωρεάν κρατική αρωγή για την αποκατάσταση των ζημιών σε κτίρια από την πλημμύρα της 20/08/2020 σε περιοχές του Δ. Θάσου της Π.Ε. Θάσου της Π. Ανατ. Μακεδονίας και Θράκης καθώς και δαπ. μετακ. μηχανικών,"[""2020""]",,149.30,149.30,Ενεργό,,2025-08-28,23,10,2024,[]
5174127,,2022ΝΑ27100008,2024ΝΑ85300017,2021 σεισμός Λασιθίου,Δωρεάν κρατική αρωγή για την αποκατάσταση των ζημιών σε κτίρια από τον σεισμό της 12/10/2021 σε περιοχές της Π.Ε. Λασιθίου της Π. Κρήτης καθώς και δαπ. μετακ. μηχανικών,"[""2021""]",,2434950.00,2434950.00,Ενεργό,,2025-08-28,74,13,2024,[]
5174688,2021ΣΕ06900009,2022ΝΑ27100024,2024ΝΑ85300030,2019 πλημμύρες Νοτ. Αιγαίο,"Δωρεάν κρατική αρωγή για την επισκευή ή ανακατασκευή κτιρίων που υπέστησαν βλάβες από τις πλημμύρες, α) των 05/02 και 29/03/2019 σε περιοχές του Δ. Καρπάθου της Π.Ε. Καρπάθου-Η.Ν. Κάσου, β) των 07/10 έως 08/10/2019 και της 06/01/2020 σε περιοχές του Δ. Άνδρου της Π.Ε. Άνδρου και γ) των 05/11 και 25/11/2019 σε περιοχές του Δ. Ρόδου της Π.Ε. Ρόδου, της Π. Νοτ. Αιγαίου καθώς και δαπ. μετακ. μηχανικών","[""2019""]",540975.00,540975.00,540975.00,Ενεργό,,2025-08-28,183,10,2024,[]
5174689,2021ΣΕ06900010,2022ΝΑ27100025,2024ΝΑ85300035,2021 πλημμύρες Σέρρες,Δωρεάν κρατική αρωγή για την επισκευή ή ανακατασκευή κτιρίων που υπέστησαν βλάβες από τις πλημμύρες της 04/01/2021 σε περιοχές της Π.Ε. Σερρών της Π. Κεντρ. Μακεδονίας καιθώς και δαπ. μετακ. μηχανικών,"[""2021""]",1024610.00,1024610.00,987089.78,Ενεργό,,2025-08-28,185,10,2024,[]
5174691,2021ΣΕ06900011,2022ΝΑ27100006,ΝΑ853,2020 πλημμύρες Ηράκλειο Χανιά,"Δωρεάν κρατική αρωγή για την αποκατάσταση των ζημιών σε σε κτίρια που επλήγησαν από την πλημμύρα, και την χαλαζόπτωση, από την 20/10 έως και την 22/10/2020 σε περιοχές των Π.Ε. Ηρακλείου και Χανίων της Π.Ε. Κρήτης καθώς και δαπ. μετακ. μηχανικών","[""2020""]",1907.47,1907.47,1907.47,Ενεργό,,2025-08-28,3,10,2024,[]
5174692,2021ΣΕ06900012,2022ΝΑ27100023,2024ΝΑ85300001,2021 σεισμός Φωκίδας,Δωρεάν κρατική αρωγή για την αποκατάσταση των ζημιών σε κτίρια που επλήγησαν από τον σεισμό της 13/01/2021 σε περιοχές της Π.Ε. Φωκίδας της Π. Στ. Ελλάδας καθώς και δαπ. μετακ. μηχανικών,"[""2021""]",1138.10,102234.01,89946.77,Ενεργό,,2025-09-02,4,13,2024,[]
5174694,2021,2022ΝΑ27100027,2024ΝΑ85300052,2021 πυρκαγιές Κορινθίας και Δυτικής Αττικής,Δωρεάν κρατική αρωγή για την επισκευή ή ανακατασκευή κτιρίων και επιδότηση εν./συγκ. κατοίκων που επλήγησαν από την πυρκαγιά της 20/05/2021 σε περιοχές των Π.Ε. Κορινθίας της Π. Πελ/σου και Δυτ. Αττικής της Π. Αττικής καθώς και δαπ. μετακ. μηχανικών,"[""2021""]",2021.00,3377914.58,3154419.11,Ενεργό,,2025-08-28,7,12,2024,[]
5174695,2021ΣΕ06900014,2022ΝΑ27100010,2024ΝΑ85300051,2019 κατολισθήσεις Δ. Πλατανιάς,Δωρεάν κρατική αρωγή για την αποκατάσταση των ζημιών σε κτίρια που επλήγησαν από τις κατολισθήσεις του 02/2019 σε περιοχές του Δ. Πλατανιάς της Π.Ε. Χανίων της Π. Κρήτης καθώς και δαπ. μετακ. μηχανικών,"[""2019""]",1761390.00,1761390.00,1761390.00,Ενεργό,,2025-08-29,184,8,2024,[]
5174706,2021ΣΕ06900015,2022ΝΑ27100005,2024ΝΑ85300041,2020 πλημμύρες Μεσολόγγι,Δωρεάν κρατική αρωγή για την επισκευή ή ανακατασκευή κτιρίων που υπέστησαν βλάβες από τις πλημμύρες της 28/09/2020 σε περιοχές του Δ. Ι.Π. Μεσολογγίου της Π.Ε. Αιτ/νιας της Π. Δυτ. Ελλάδας καθώς και δαπ. μετακ. μηχανικών,"[""2020""]",136310.00,136310.00,3154419.11,Ενεργό,,2025-08-29,15,10,2024,[]
5174707,2021ΣΕ06900016,2022ΝΑ27100022,2024ΝΑ85300011,2021 πυρκαγιές Αττικής και Αχαΐας,"Δωρεάν κρατική αρωγή για την αποκατάσταση των ζημιών σε κτίρια από τις πυρκαγιές, α) των 26/07 και 31/07/2021 σε περιοχές της Π.Ε. Αχαΐας της Π. Δυτ. Ελλάδας, β) της 27/07/2021 σε περιοχές της Π.Ε. Ανατ. Αττικής της Π. Αττικής και γ) της 30/08/2021 σε περιοχές των Π.Ε. Βορ. Τομ. Αθηνών και Ανατ. Αττικής της Π. Αττικής καθώς και δαπ. μετακ. μηχανικών","[""2021""]",4761806.00,4704129.19,3991236.84,Ενεργό,,2025-08-29,62,12,2024,[]
5174710,2021ΣΕ06900017,2022ΝΑ27100021,2024ΝΑ85300023,2021 πυρκαγιές Εύβοιας και Φωκίδας,"Δωρεάν κρατική αρωγή για επισκευή ή ανακατασκευή κτιρίων που υπέστησαν βλάβες από τις πυρκαγιές σε περιοχές, στις 3/8/21 της Π.Ε. Ευβοίας, 5/8/21 της Π.Ε. Φωκίδας, 6/8/21 της Π.Ε. Φθιώτιδας, της Π. Στ.Ελλάδας καθώς και δαπ. μετακ. μηχανικών","[""2021""]",7944614.00,7935728.41,6525933.44,Ενεργό,,2025-08-29,127,12,2024,[]
5174711,2021ΣΕ06900018,2022ΝΑ27100020,2024ΝΑ85300021,2021 πυρκαγιές Αχαΐας Αρκαδίας Μεσσηνίας και Λακωνίας,"Δωρεάν κρατική αρωγή για την επισκευή ή ανακατασκευή κτιρίων που υπέστησαν βλάβες από τις πυρκαγιές α) της 28/07/2021 σε περιοχές της Π.Ε. Αχαΐας της Π. Δυτ. Ελλάδας και β) από την 02/08 έως την 05/08/2021 σε περιοχές των Π.Ε. Μεσσηνίας, Αρκαδίας, Λακωνίας της Π. Πελ/σου και Ηλείας της Π. Δυτ. Ελλάδας καθώς και δαπ. μετακ, μηχανικών","[""2021""]",3970350.00,4045572.04,3156522.22,Ενεργό,,2025-08-29,67,12,2024,[]
5174712,2021ΣΕ06900019,2022ΝΑ27100019,2024ΝΑ85300019,2021 επιδότηση ενοικίου πυρκαγιές,Επιδότηση ενοικίου/ συγκατοίκησης για την προσωρινή στέγαση κατοίκων που επλήγησαν από της πυρκαγιές 07 και 08/2021 που εκδηλώθηκαν σε περιοχές της Ελληνικής επικράτειας.,"[""2021""]",6264000.00,6087985.14,5736591.27,Ενεργό,,2025-08-29,29,12,2024,[]
5174713,2021ΣΕ06900022,2022ΝΑ27100018,2024ΝΑ85300013,2021 σεισμός Ηρακλείου (Αρκαλοχώρι),Δωρεάν κρατική αρωγή για την επισκευή ή ανακατασκεύη κτιρίων που υπέστησαν βλάβες από τους σεισμούς της 24/07 και 27/09/2021 σε περιοχές των Π.Ε. Ηρακλείου και Π.Ε. Λασιθίου της Π. Κρήτης καθώς και δαπ. μετακ. μηχανικών,"[""2021""]",88306680.00,115165832.01,114684278.77,Ενεργό,,2025-08-29,188,13,2024,[]
5174718,2021ΣΕ06900020,2022ΝΑ27100026,2024ΝΑ85300040,2020 πλημμύρα Σκιάθος,Δωρεάν κρατική αρωγή για την αποκατάσταση των ζημιών σε κτίρια που επλήγησαν από την πλημμύρα της 04/04/2020 σε περιοχές του Δ. Σκιάθου της Π.Ε. Σποράδων της Π. Θεσσαλίας καθώς και δαπ. μετακ. μηχανικών,"[""2020""]",122940.00,122940.00,122940.00,Ενεργό,,2025-08-29,25,10,2024,[]
5174719,2021ΣΕ06900021,2022ΝΑ27100017,2024ΝΑ85300002,2019 κατολισθήσεις Καλαμάτα,Δωρεάν κρατική αρωγή για την επισκευή ή ανακατασκευή κτιρίων που υπέστησαν βλάβες από τις κατολισθήσεις του 01/2019 σε περιοχές του Δ. Καλαμάτας της Π.Ε. Μεσσηνίας της Π. Πελ/σου καθώς και δαπ. μετακ. μηχανικών,"[""2019""]",256270.00,256270.00,256270.00,Ενεργό,,2025-08-29,27,8,2024,[]
5174721,2021ΣΕ06900023,2022ΝΑ27100016,2024ΝΑ85300020,2021 πυρκαγιές Αν και Δυτ. Αττικής και Εύβοιας,"Δωρεάν κρατική αρωγή για την επισκευή ή ανακατασκευή κτιρίων που υπέστησαν βλάβες από τις πυρκαγιές στις 12/08, 16/08 και 23/08/2021, α) σε περιοχή της Π.Ε. Δυτ. Αττικής της Π. Αττικής, σε περιοχές, β) της Π.Ε. Ανατ. και Δυτ. Αττικής Αττικής της Π. Αττικής και γ) της Π. Ευβοίας της Π. Στ. Ελλάδας καθώς και δαπ. μετακ. μηχανικών","[""2021""]",1421148.00,1421148.00,1412418.76,Ενεργό,,2025-08-29,129,12,2024,[]
5174722,2021ΣΕ06900024,2022ΝΑ27100003,2024ΝΑ85300048,2021 πλημμύρα Κομμοτηνή,"Δωρεάν κρατική αρωγή για την επισκευή ή ανακατασκευή κτιρίων που υπέστησαν βλάβες από την πλημμύρα της 12/01/2021 σε περιοχές των Δ. Αρριάνων, Κομμοτηνής και Μαρώνειας-Σαπών της Π.Ε. Ροδόπης της Π. Αν. Μακεδονίας και Θράκης καθώς και δαπ. μετακ. μηχανικών","[""2021""]",909780.00,909780.00,905661.33,Ενεργό,,2025-08-29,128,10,2024,[]
5174723,2021ΣΕ06900025,2022ΝΑ27100004,2024ΝΑ85300047,2021 ανεμοστρόβιλος Ξηρόμερο,"Δωρεάν κρατική αρωγή για την αποκατάσταση των ζημιών σε κτίρια από τις πλημμύρες, και τον ανεμοστρόβιλο των 08/12 και 09/12/2021 σε περιοχές του Δ. Ξηρόμερου της Π.Ε. Αιτ/νιας της Π. Δυτ. Ελλάδας καθώς και δαπ. μετακ. μηχανικών","[""2020""]",358620.00,358620.00,358467.23,Ενεργό,,2025-08-29,130,3,2024,[]
5180891,,2022ΝΑ27100031,2024ΝΑ85300015,Δικαστικές αποφάσεις,"Δωρεάν κρατική αρωγή-επιδότηση ενοικίου συγκατοίκησης που προκύπτουν από δικαστικές αποφάσεις και αφορούν υποχρεώσεις που απορρέουν από από ενάριθμα έργα έμμεσης και άμεσης αρμοδιότητας της Γ.Δ.Α.Ε.Φ.Κ. (πρ. Υ.Α.Σ., τ. Δ.Α.Ε.Φ.Κ.)","[""""]",,32000.00,30200.00,,,,120,,,
5185551,,2022ΝΑ27100049,2024ΝΑ85300050,2020 ανεμοστρόβιλος Κάρυστος,Δωρεάν κρατική αρωγή για την αποκατάσταση των ζημιών σε κτίρια από τον ανεμοστρόβιλο της 13/10/2020 σε περιοχές του Δ. Καρύστου της Π.Ε. Ευβοίας της Π. Στ. Ελλάδας καθώς και δαπ. μετακ. μηχανικών,"[""2020""]",,79881.60,43062.03,Ενεργό,,2025-09-15,54,3,2024,[]
5185579,,2022ΝΑ27100050,2024ΝΑ85300034,2021 πλημμύρα Κέρκυρα,Δωρεάν κρατική αρωγή για την αποκατάσταση των ζημιών σε κτίρια από την πλημμύρα των 14/10 και 15/10/2021 σε περιοχές των Π.Ε. Κερκύρας και Ιθάκης της Π. Ιον. Νήσων καθώς και δαπ. μετακ. μηχανικών,"[""2021""]",,1819308.00,1819308.00,Ενεργό,,2025-09-01,42,10,2024,[]
5185638,,2022ΝΑ27100039,2024ΝΑ85300026,2021 πλημμύρα Λαμίας και Μακρακώμης,Δωρεάν κρατική αρωγή για την αποκατάσταση των ζημιών σε κτίρια από την πλημμύρα της 11/12/2021 σε περιοχές των Δ. Λαμιέων και Μακρακώμης της Π.Ε. Φθιώτιδας της Π. Στ. Ελλάδος καθώς και δαπ. μετακ. μηχανικών,"[""2021""]",,309694.00,309694.00,Ενεργό,,2025-09-01,132,10,2024,[]
5185646,,2022ΝΑ27100056,2024ΝΑ85300046,2022 πλημμύρα Ηράκλειο Χερσόνησος,Δωρεάν κρατική αρωγή για την αποκατάσταση των ζημιών σε κτίρια από την πλημμύρα των 01/03 και 02/03/2022 σε περιοχές των Δ. Ηρακλείου και Χερσονήσου της Π.Ε. Ηρακλείου της Π. Κρήτης καθώς και δαπ. μετακ. μηχανικών,"[""2022""]",,29150.00,29150.00,Ενεργό,,2025-09-01,30,10,2024,[]
5185773,,2022ΝΑ27100044,2024ΝΑ85300014,2021 πυρκαγια Μαραθώνας,Δωρεάν κρατική αρωγή για την αποκατάσταση των ζημιών σε κτίρια από την πυρκαγιά της 20/09/2021 σε περιοχές του Δ. Μαραθώνος της Π.Ε. Ανατ. Αττικής της Π. Αττικής καθώς και δαπ. μετακ. μηχανικών,"[""2021""]",,11952.00,11952.00,Ενεργό,,2025-09-01,133,12,2024,[]
5185847,,2022ΝΑ27100046,2024ΝΑ85300049,2020 κατολισθήσεις Αγία Μαρίνα,Δωρεάν κρατική αρωγή για την αποκατάσταση των ζημιών σε κτίρια από τις κατολισθήσεις τον 12/2020 στην περιοχή Αγία Μαρίνα της Δ. Κ. Καρίτσης Δολόπων του Δ. Λίμνης Πλαστήρα της Π.Ε. Καρδίτσας της Π. Θεσσαλίας καθώς και δαπ. μετακ.μηχανικών,"[""2020""]",,496792.00,496792.00,Ενεργό,,2025-09-01,134,8,2024,[]
5185909,,2022ΝΑ27100047,2024ΝΑ85300024,2020 κατολισθήσεις Δ.Κ. Οξύλινθου,Δωρεάν κρατική αρωγή για την αποκατάσταση των ζημιών σε κτίρια από τις κατολισθίσεις των 04/04 έως 07/04/2020 σε περιοχές της Δ.Κ. Οξύλινθου του Δ. Κύμης-Αλιβερίου της Π.Ε. Ευβοίας της Π. Στ. Ελλάδας καθώς και δαπ. μετακ. μηχανικών,"[""2020""]",,118585.00,118585.00,Ενεργό,,2025-09-01,71,8,2024,[]
5185960,,2022ΝΑ27100048,2024ΝΑ85300039,2021 πλημμύρες Αττικής,"Δωρεάν κρατική αρωγή για την αποκατάσταση των ζημιών σε κτίρια από τις πλημμύρες, α) στις 14/10 και 32/11/2021 σε περιοχές των Δ. Καλλιθέας, Μοσχάτου-Τάυρου, Ν. Σμύρνης και Π. Φαλήρου και β) της 11/12/2021 σε περιοχή του Δ. Αλίμου, της Π.Ε. Νοτ.Τομ. Αθηνών της Π. Αττικής","[""2021""]",,186240.00,186240.00,Ενεργό,,2025-09-01,32,10,2024,[]
5188985,,2022ΝΑ27100051,2024ΝΑ85300004,2022 πυρκαγιά Λέσβος,Δωρεάν κρατική αρωγή για την αποκατάσταση των ζημιών σε κτίρια από την πυρκαγιά της 23/07/2022 σε περιοχές της Π.Ε. Λέσβου της Π. Βορ. Αιγαίου καιθώς και δαπ. μετακ. μηχανικών,"[""2022""]",,419660.00,419660.00,Ενεργό,,2025-09-01,9,12,2024,[]
5188986,,2022ΝΑ27100045,2024ΝΑ85300044,2022 πυρκαγιές Ηλείας,Δωρεάν κρατική αρωγή για την αποκατάσταση των ζημίων σε κτίρια από την πυρκαγιά της 24/07/2022 σε περιοχές της Π.Ε. Ηλείας της Π. Δυτ. Ελλάδας καθώς και δαπ. μετακ. μηχανικών,"[""2022""]",,284610.00,279744.24,Ενεργό,,2025-09-01,131,12,2024,[]
5188987,,2022ΝΑ27100053,2024ΝΑ85300037,2022 πυρκαγιά Βάρης,Δωρεάν κρατική αρωγή για την αποκατάσταση ζημιών σε κτίρια από την πυρκαγιά της 04/06/2022 σε περιοχή του Δ. Βάρης-Βούλας-Βουλιαγμένης της Π.Ε. Ανατ. Αττικής της Π. Αττικής καθώς και δαπ. μετακ. μηχανικών,"[""2022""]",,43260.00,43248.30,Ενεργό,,2025-09-01,57,12,2024,[]
5188991,,2022ΝΑ27100052,2024ΝΑ85300038,2021 πλημμύρες Εύβοια,"Δωρεάν κρατική αρωγή για την αποκατάσταση των ζημιών σε κτίρια από τς πλημμύρες του 10/2021 σε περιοχές των Δ. Ιστιαίας-ΑΙδηψού, Μαντουδίου Λ. Αγίας Άννας και Δ. Καρυστου της Π.Ε. Ευβοίας της Π. Στ. Ελλάδας καθώς και δαπ. μετακ. μηχανικών","[""2021""]",,294211.80,294211.80,Ενεργό,,2025-09-01,141,10,2024,[]
5188992,,2022ΝΑ27100043,2024ΝΑ85300033,2021 πλημμύρες Οκτωβρίου Δεκεμβρίου Ηλεία,"Δωρεάν κρατική αρωγή για την αποκατάσταση των ζημίων σε κτίρια από τις πλημμήρες τους 10 έως 12/2021 σε περιοχές των Δ. Ήλιδας, Πηνειού, Πύργού και Ανδραβίδας-Κυλήννης καθώς και δαπ. μετακ. μηχανικών","[""2021""]",,566401.00,556812.86,Ενεργό,,2025-09-01,137,10,2024,[]
5189045,,2022ΝΑ27100054,2024ΝΑ85300028,2021 πυρκαγιά Φυλής,Δωρεάν κρατική αρωγή για την αποκατάσταση των ζημιών σε κτίρια από την πυρκαγιά της 12/08/2021 σε περιοχή του Δ. Φυλής της Π.Ε. Δυτ. Αττικής της Π. Αττικής καθώς και δαπ. μετακ. μηχανικών,"[""2021""]",,30929.00,30929.00,Ενεργό,,2025-09-01,135,12,2024,[]
5189047,,2022ΝΑ27100055,2024ΝΑ85300012,2022 πυρκαγιές Δυτικής Αττικής,Δωρεάν κρατική αρωγή για την αποκατάσταση των ζημιών σε κτίρια από την πυρκαγιά της 20/07/2022 σε περιοχές της Π.Ε. Δυτ. Αττικής της Π. Αττικής καθώς και δαπ. μετακ. μηχανικών,"[""2022""]",,260123.00,258630.46,Ενεργό,,2025-09-01,139,12,2024,[]
5189048,,2022ΝΑ27100040,2024ΝΑ85300003,2022 πυρκαγιές Αττικής,Δωρεάν κρατική αρωγή για την αποκατάσταση των ζημίων σε κτίρια από την πυρκαγιά της 19/07/2022 σε περιοχές των Π.Ε. Βορ. Τομ. Αθηνών και Ανατ. Αττικής της Π. Αττικής καθώς και δαπ. μετακ. μηχανικών,"[""2022""]",,7585395.00,7286012.36,Ενεργό,,2025-09-01,195,12,2024,[]
5189050,,2022ΝΑ27100042,2024ΝΑ85300005,2022 επιδότηση ενοικίου πυρκαγιές Αττικής,Επιδότηση ενοικίου/ συγκατοίκησης για την προσωρινή στέγαση των πληγέντων τα κτίρια των οποίων υπέστησαν βλάβες από την πυρκαγιά της 19/07/2022 σε περιοχές των Π.Ε. Βορ. Τομ. Αθηνών και Ανατ. Αττικής της Π. Αττικής καθώς και δαπ. μετακ. μηχανικών,"[""2022""]",,1584000.00,1480050.00,Ενεργό,,2025-09-01,102,12,2024,[]
5198090,,2023ΝΑ27100428,2024ΝΑ85300009,2021 χαλαζόπτωση Δράμα,Δωρεάν κρατική αρωγή για την αποκατάσταση των ζημιών σε κτίρια που επλήγησαν από η χαλαζόπτωση της 11/08/2021 σε περιοχές της Π.Ε. Δράμας της Π. Ανατ. Μακεδονίας-Θράκης καθώς και δαπ. μετακ. μηχανικών,"[""2021""]",,360356.00,360356.00,Ενεργό,,2025-09-15,8,16,2024,[]
5200058,,2023ΝΑ27100427,2024ΝΑ85300043,2021 πλημμύρες Λάρισας,"Δωρεάν κρατική αρωγή για την αποκατάσταση των ζημιών σε κτίρια από τις πλημμύρες α) των 06/10 έως 11/10/2021 σε περιοχές του Δ. Αγιάς και β) των 10/01 και 11/01/2022 σε περιοχές των Δ. Αγιάς, Κιλελέρ και Φαρσάλων της Π.Ε. Λάρισας της Π. Θεσσαλίας καθώς και δαπ. μετακ. μηχανικών","[""2021""]",,698818.40,698818.40,Ενεργό,,2025-09-01,55,10,2024,[]
5200059,,2023ΝΑ27100426,2024ΝΑ85300042,2021 πλημμύρες Αχαΐας,"Δωρεάν κρατική αρωγή για την αποκατάσταση των ζημιών σε κτίρια από τις πλημμύρες α) των 26/11 έως 30/11/2021 σε περιοχές του Δ. Δυτ. Αχαΐας και β) των 29/11, 30/11 και 11/12/2021 σε περιοχές του Δ. Πατρέων της Π.Ε. Αχαΐας της Π. Δυτ. Ελλάδας καθώς και δαπ. μετακ. μηχανικών","[""2021""]",,353640.00,319131.84,Ενεργό,,2025-09-01,18,10,2024,[]
5200656,,2023ΝΑ27100431,2024ΝΑ85300006,2022 πλημμύρες Κρήτης,"Δωρεάν κρατική αρωγή για την αποκατάσταση των ζημιών σε κτίρια από τις πλημμύρες της 15/10/2022 σε περιοχές των Π.Ε. Ηρακλείου, Λασιθιόυ και Χανίων της Π. Κρήτης καθώς και δαπ. μετακ. μηχανικών","[""2022""]",,1825614.20,1825427.98,Ενεργό,,2025-09-01,56,10,2024,[]
5201404,,2023ΝΑ27100430,2024ΝΑ85300032,2021 πλημμύρες Αιτωλοακαρνανίας,"Δωρεάν κρατική αρωγή για τη αποκατάσταση των ζημιών σε κτίρια που επλήγησαν από τις πλημμύρες τους μήνες 10 έως 12/10/2021 σε περιοχές των Δ. Αγρινίου, Ι.Π. Μεσ/γγίου, Ακτίου-Βόνιτσας, Αμφιλοχίας, Ξηρόμερου και Θέρμου της Π.Ε. Αιτ/νίας της Π. Δυτ. Ελλάδας καθώς και δαπ. μετακ. μηχανικών","[""2021""]",,948035.60,948035.60,Ενεργό,,2025-09-01,140,10,2024,[]
5201405,,2023ΝΑ27100433,2024ΝΑ85300000,2020 κατολίσθηση Ράφηνα,Δωρεάν κρατική αρωγή για την αποκατάσταση των ζηιών σε κτίρια από τις κατολισθήσεις του 09/2020 στην περιοχή Ράφηνα της Δ.Κ. Καρίτσης-Δολοπών του Δ. Λίμνης Πλαστήρα της Π.Ε. Καρδίτσας της Π. Θεσσαλίας καθώς και δαπ. μετακ. μηχανικών,"[""2020""]",,203632.00,203632.00,Ενεργό,,2025-09-01,136,8,2024,[]
5201407,,2023ΝΑ27100429,2024ΝΑ85300007,2022 πλημμύρες Βόλου,Δωρεάν κρατική αρωγή για την αποκατάσταση των ζημιών σε κτίρια που επλήγησαν από την πλημμύρα και την χαλαζόπτωση της 14/08/2022 σε περιοχές του Δ. Βόλου της Π.Ε. Μαγνησίας της Π. Θεσσαλίας καθώς και δαπ. μετακ. μηχανικών,"[""2022""]",,948035.60,948035.60,Ενεργό,,2025-09-01,147,10,2024,[]
5203790,2000ΣΕ06900000,2023ΝΑ27100170,2024ΝΑ85300054,1999 σεισμός Αθήνας,Δωρεάν κρατική αρωγή για επισκευές και ανακατασκευές σεισμοπλήκτων κτιρίων από το σεισμό της 07/09/1999 στο Ν. Αττικής (τμ. Ε. 9969000) (π.κ. 2069000),"[""1999""]",,,,Ενεργό,2025-06-30,2025-09-01,36,13,2024,[]
5203792,2000ΣΕ06900004,2023ΝΑ27100172,2024ΝΑ85300164,1999 λειτουργικές δαπάνες σεισμού Αθήνας,"Γενικές λειτουργικές δαπάνες, μισθώσεις ακινήτων, μηχανημάτων κ.λπ. σχετιζόμενες με το σεισμό της 07/09/1999 στο Ν. Αττικής (τμ. Ε. 9969000) (π.κ. 2069000)","[""1999""]",,,,Ενεργό,2025-06-30,2025-09-01,37,22,2024,[]
5203794,2000ΣΕ06900016,2023ΝΑ27100174,2024ΝΑ85300055,1994 σεισμός Φλώρινας,Δωρεάν κρατική αρωγή για επισκευές και ανακατασκευές σεισμοπλήκτων κτιρίων από το σεισμό της 01/09/1994 στο Ν. Φλώρινας (τμ. Ε. 9569001) (π.κ. 2069016),"[""1994""]",,,,Ενεργό,2025-06-30,2025-09-01,109,13,2024,[]
5203795,2000ΣΕ06900019,2023ΝΑ27100175,2024ΝΑ85300056,1996 σεισμός Κόνιτσας,Δωρεάν κρατική αρωγή Κόνιτσας Ν. Ιωαννίνων (Πιν Ο.),"[""1996""]",,,,Ενεργό,2025-06-30,2025-09-01,84,13,2024,[]
5203796,2000ΣΕ06900022,2023ΝΑ27100176,2024ΝΑ85300057,1999 σεισμός Δυτ. Ελλάδα,"Δωρεάν κρατική αρωγή για επισκευές Ηλείας, Μεσσηνίας και Ζακύνθου (Πιν. Ο)","[""1999""]",,,,Ενεργό,2025-06-30,2025-09-01,39,13,2024,[]
5203797,2000ΣΕ06900025,2023ΝΑ27100177,2024ΝΑ85300160,Γενικό έργο συμβάντων πλην σεισμού,"Δωρεάν κρατική αρωγή για επισκευές και ανακατασκευές κτιρίων από πλημμύρες, κατολισθήσεις, ανεμοστροβίλους και πυρκαγιές στον Ελλαδικό χώρο, δαπ. μετακ. υπαλλήλων καθώς και προμήθεια λυωμένων (π.κ. 2069025)","[""2024""]",,,,Ενεργό,2025-06-30,2025-09-01,40,23,2024,[]
5203800,2003ΣΕ06900001,2023ΝΑ27100180,2024ΝΑ85300159,2003 σεισμός Λάρισας,"Δαπάνες αποκατάστασης ζημιών από το σεισμό της 09-06-2003 σε περιοχές του Ν. Λάρισας καθώς και δαπ. εξοπλισμού και λειτουργίας υπηρεσιών, μετακ. μηχανικών και λοπές Λ.Δ. (Πιν. Ο)","[""2003""]",,,,active,2025-06-30,2025-09-01,41,13,2024,[]
5203804,2006ΣΕ06900016,2023ΝΑ27100184,2024ΝΑ85300058,2005 σεισμός Άγιος Ευστράτιος,Δωρεάν κρατική αρωγή για την επισκευή ή ανακατασκευή σεισμοπλήκτων κτιρίων από τους σεισμόυς των 17/10 και 31/10/2005 στο Ανατ. Αιγαίο σε κτίρια της κοινότητας Αγίου Ευστρατίου του Ν. Λέσβου,"[""2005""]",,,,Ενεργό,2025-06-30,2025-09-01,58,13,2024,[]
5203805,2007ΣΕ06900000,2023ΝΑ27100185,2024ΝΑ85300059,2007 σεισμός Ιωάννινων,Δωρεάν κρατική αρωγή για την επισκευή ή ανακατασκευή σειμοπλήκτων κτιρίων από το σεισμό της 02/02/2007 σε περιοχές του Ν. Ιωαννίνων,"[""2007""]",,,,Ενεργό,2025-06-30,2025-09-01,59,13,2024,[]
5203807,2007ΣΕ26900000,2023ΝΑ27100187,2024ΝΑ85300060,2007 πυρκαγιές Ηλείας,"Δωρεάν κρατική αρωγή για την επισκευή ή ανακατασκευή πυροπλήκτων κτιρίων από τις πυρκαγιές τους μήνες 06,07 και 08/2007 σε περιοχές των Ν. Ηλείας, Μεσσηνίας, Λακωνίας, Αρκαδίας, Κορινθίας, Ευβοίας, Αττικής, Αιτ/νίας. Μαγνησίας, Αχαΐας, Αργολίδας, Λάρισας, Άρτας, Θεσπρωτίας, Ζακύνθου, Φθιώτιδας, Κεφαλληνίας και Βοιωτίας","[""2007""]",,,,Ενεργό,2025-06-30,2025-09-01,110,12,2024,[]
5203809,2008ΣΕ06900009,2023ΝΑ27100189,2024ΝΑ85300061,2007 σεισμός Κοζάνη Γρεβενά,Δωρεάν κρατική αρωγήγια την επισκευή ή ανακατασκευή σεισμοπλήκτων κτιρίων από το σεισμό της 17/07/2007 σε περιοχές των Ν. Γρεβενών και Κοζάνης,"[""2007""]",,,,Ενεργό,2025-06-30,2025-09-01,98,13,2024,[]
5203810,2008ΣΕ06900015,2023ΝΑ27100190,2024ΝΑ85300062,2006 σεισμός Καστοριάς,Δωρεάν κρατική αρωγή για την επισκευή ή ανακατασκευή σεισμοπλήκτων κτιρίων από το σεισμό της 03/02/2006 σε περιοχές του Ν. Καστοριάς,"[""2006""]",,,,Ενεργό,2025-06-30,2025-09-01,111,13,2024,[]
5203811,2008ΣΕ06900017,2023ΝΑ27100191,2024ΝΑ85300063,2008 σεισμός Αχαΐας,"Δωρεάν κρατική αρωγή για την επισκευή ή ανακατασκευή σεισμοπλήκτων κτιρίων από το σεισμό της 08/06/2008 σε περιοχές των Ν. Αχαΐας, Ηλείας και Αιτ/νίας","[""2008""]",,,,Ενεργό,2025-06-30,2025-09-01,43,13,2024,[]
5203814,2010ΣΕ06900002,2023ΝΑ27100194,2024ΝΑ85300064,2008 σεισμός Μεσσηνίας Ρόδου,Δωρεάν κρατική αρωγή για την αποκατάσταση των ζημιών σε κτίρια από τους σεισμούς της 14/02 και 21/06/2008 σε περιοχές του Ν. Μεσσηνίας και το σεισμό της 15/07/2008 σε περιοχές της Νησ. Ρόδου του Ν. Δωδεκανήσων,"[""2008""]",,,,Ενεργό,2025-06-30,2025-09-01,16,13,2024,[]
5203815,2010ΣΕ06900004,2023ΝΑ27100195,2024ΝΑ85300065,2010 σεισμός Φωκίδας Αιτολοακαρνανίας,Δωρεάν κρατική αρωγή για την αποκατάσταση των ζημιών σε κτίρια από τους σεισμούς των 18/01 και 22/01/2010 σε περιοχές των Ν. Φωκίδας και Αιτ/νίας,"[""2010""]",,,,Ενεργό,2025-06-30,2025-09-01,44,13,2024,[]
5203816,2011ΣΕ06900000,2023ΝΑ27100196,2024ΝΑ85300066,2009 σεισμός Σάμου,Δωρεάν κρατική αρωγή για την αποκατάσταση των ζημιών σε κτίρια από τους σεισμούς της 20/06/2009 σε περιοχές του Ν. Σάμου,"[""2009""]",,,,Ενεργό,2025-06-30,2025-09-01,64,13,2024,[]
5203820,2012ΣΕ06900009,2023ΝΑ27100200,2024ΝΑ85300162,Προμήθεια οικίσκων,Προμήθεια εξακοσίων (600) καινούργιων λυομένων οικίσκων τύπου container. επισκευή υπαρχόντων στις αποθήκες και κάλυψη εξόδων μετακίνησης τους για την προσωρινή στέγαση αστέγων θεομηνιών εκτάκτων συμβάντων,[],,,,Ενεργό,2025-06-30,2025-09-01,112,11,2024,[]
5203821,2013ΣΕ06900000,2023ΝΑ27100201,2024ΝΑ85300067,2013 σεισμός Φθιώτιδας Φωκίδας,Δωρεάν κρατική αρωγή για την αποκατάσταση των ζημιών σε κτίρια από το σεισμό της 07/08/2013 σε περιοχές των Π.Ε. Φθιώτιδας και Φωκίδας καθώς και δαπ. μετακ. μηχανικών,"[""2013""]",,,,Ενεργό,2025-06-30,2025-09-01,68,13,2024,[]
5203822,2013ΣΕ06900002,2023ΝΑ27100202,2024ΝΑ85300068,2013 σεισμός Κοζάνης Γρεβενών,Δωρεάν κρατική αρωγή για την αποκατάσταση των ζημιών σε κτίρια και επ.εν./συγκ. των πληγέντων από το σεισμό των 02/07 και 03/07/2013 σε περιοχές των Π.Ε. Κοζάνης και Γρεβενών,"[""2013""]",,,,Ενεργό,2025-06-30,2025-09-01,20,13,2024,[]
5203823,2014ΣΕ06900001,2023ΝΑ27100203,2024ΝΑ85300069,2014 σεισμός Κεφαλονιάς,"Δωρεάν κρατική αρωγή για την επισκευή ή ανακατασκευή σεισμοπλήκτων κτιρίων λόγω του σεισμού της 26/01/2014 σε περιοχές των Π.Ε. Κεφαλληνίας και Ιθάκης, επιδότηση ενοικίου/ συγκατοίκησης καθώς και δαπ. μετακ. υπαλλήλων","[""2014""]",,,,Ενεργό,2025-06-30,2025-09-01,63,13,2024,[]
5203824,2014ΣΕ06900002,2023ΝΑ27100204,2024ΝΑ85300070,Κατεδαφίσεις Κεφαλονιάς,"Δαπάνες για κατεδαφίσεις, καθαιρέσεις, υποστηλώσεις σεισμοπλήκτων κτιρίων λόγω του σεισμού της της 26/01/2014 στις Π.Ε. Κεφαλληνίας και Ιθάκης της Π. Ιον. Νήσων","[""2014""]",,,,Ενεργό,2025-06-30,2025-09-01,33,13,2024,[]
5203825,2014ΣΕ06900010,2023ΝΑ27100205,2024ΝΑ85300163,Γενικό εκτός έδρας,"Δαπάνες για εκτός έδρας κινήσεις και οδοιπορικά έξοδα και αμοιβές για ειδικές εργασίες πέραν από τα συνήθη καθήκοντα του μόνιμου και με σχέση εργασίας ιδιωτικού δικαίου που κατέχει προσωρινές θέσεις αορίστου χρόνου τεχνικού προσωπικού του Υ.Πε.Χω.Δε. (ν.1647/86 και ν.1832/89, αρ. 52) καθώς και δαπανές για εκτός έδρας κινήσεις και οδοιπορικά έξοδα και του υπόλοιπου μη τεχνικού προσωπικού καθώς επίσης και αμοιβές για υπερωριακή νυχτερινά και εξαιρέσιμων ημερών εργασίας του τεχνικού και λοιπού προσωπικού της Γ.Γ.Δ.Ε. του Υ.Πε.Χω.Δε. (αρ.15, παρ. 1, ν.2308/95) (π.κ. 9669303) (τ.ε. 1996ΣΕ06910002)",[],,,,Ενεργό,2025-06-30,2025-09-01,21,4,2024,[]
5203826,2014ΣΕ06900011,2023ΝΑ27100206,2024ΝΑ85300071,1995 Σεισμός Γρεβενών Κοζάνης,"Δωρεάν κρατική αρωγή για την επισκευή ή την ανακατασκευή σεισμοπλήκτω κτιρίων από το σεισμό της 31/05/1995 στους Ν. Κοζάνης, Γρεβενών, Ημαθίας, Λάρισας, Τρικάλων και Καστοριάς, συμβατικά και επ.εν./συγκ. (τμ.ε. 966930966930) (π.κ. 2069300) (τ.ε. 2000ΣΕ06910000)","[""1995""]",,,,Ενεργό,2025-06-30,2025-09-01,115,13,2024,[]
5203828,2015ΣΕ06900000,2023ΝΑ27100208,2024ΝΑ85300072,2014 σεισμός Αχαΐας,"Δωρεάν κρατική αρωγή για την επισκευή ή ανακατασκευή σεισμοπλήκτων κτιρίων από τον σεισμό της 07/11/2014, επαγγελματική ή μη χρήσης, σε περιοχές της Π.Ε. Αχαΐας της Π. Δυτ. Ελλάδας καθώς και δαπ. μετακ. μηχανικών","[""2014""]",,,,Ενεργό,2025-06-30,2025-09-01,46,13,2024,[]
5203829,2015ΣΕ06900001,2023ΝΑ27100209,2024ΝΑ85300073,2014 σεισμός Δυτ. Ελλάδα Έβρος,Δωρεάν κρατική αρωγή για την επισκευή ή ανακατασκευή σεισμοπλήκτων κτιρίων από το σεισμό της 24/05/2014 σε περιοχές των Π.Ε. Δυτ. Ελλάδας και Έβρου της Π. Ανατ. Μακεδονίας-Θράκης καθώς και δαπ. μετακ. μηχανικών,"[""2014""]",,,,Ενεργό,2025-06-30,2025-09-01,186,13,2024,[]
5203830,2015ΣΕ06900002,2023ΝΑ27100210,2024ΝΑ85300074,2015 κατολισθήσεις Δυτ. Ελλάδα Στ. Ελλάδα και Ηπειρος,"Δωρεάν κρατική αρωγή για την επισκευή ή ανακατασκευή κτιρίων που υπέστησαν βλάβες από τις κατολισθήσεις κατά τους μήνες 01 και 02/2015 σε περιοχές των Π. Δυτ. Ελλάδας, Στ. Ελλάδας και Ηπέιρου καθώς και δαπ. μετακ. μηχανικών","[""2015""]",,,,Ενεργό,2025-06-30,2025-09-02,75,8,2024,[]
5203831,2015ΣΕ06900003,2023ΝΑ27100211,2024ΝΑ85300075,2013 σεισμός Κρήτης,"Δωρεάν κρατική αρωγή για την επισκευή ή ανακατασκευή σεισμοπλήκτων κτιρίων από τι σεισμό της 12/10/2013 σε περιοχές των Π.Ε. Ηρακλείου, Ρεθύμνου και Χανίων της Π. Κρήτης καθώς και δαπ. μετακ. μηχανικών","[""2013""]",,,,Ενεργό,2025-06-30,2025-09-02,72,13,2024,[]
5203832,2015ΣΕ06900004,2023ΝΑ27100212,2024ΝΑ85300165,Γενικό έργο λειτουργικών δαπανών,"Γενικές λειτουργικές δαπάνες, μισθώσεις ακινήτων, μηχανημάτων, εκτέλεσης έργων υποδομής κ.λπ. για την κάλυψη των πάσης φύσεως αναγκών της Γενικής Διέυθυνσης Αποκατάστασης Επιπτώσεων Φυσικών Καταστροφών, των Διευθύνσεων της και των Τομέων (Τ.Α.Ε.Φ.Κ.)",[],,,,Ενεργό,2025-06-30,2025-09-02,108,9,2024,[]
5203835,2016ΣΕ06900002,2023ΝΑ27100215,2024ΝΑ85300076,2015 σεισμός Λευκάδας,"Δωρεάν κρατική αρωγή για την επισκευή ή ανακατασκευή κτιρίων που υπέστησαν βλάβες από το σεισμό της 17/11/2015 σε περιοχές, α) των Π.Ε. Λευκάδας, Κεφαλληνίας και Ιθάκης της Π. Ιον. Νήσων και β) της Π.Ε. Αιτ/νίας της Π. Δυτ. Ελλάδας, Επιδότηση ενοικίου/ συγκατοίκησης των πληγέντων, δαπ. μετακ. μηχανικών καθώς και Λ.Δ.","[""2015""]",,,,Ενεργό,2025-06-30,2025-09-02,116,13,2024,[]
5203836,2016ΣΕ06900003,2023ΝΑ27100216,2024ΝΑ85300077,2016 σεισμός Ηλείας,"Δωρεάν κρατική αρωγή για την επισκευή ή ανακατασκεύη σεισμοπλήκτων κτιρίων από τον σεισμό τηε 15/02/2016 σε περιοχές της Π.Ε. Ηλείας της Π. Δυτ. Ελλάδας, δαπ. μετακ. υπαλλήλων και Λ.Δ.","[""2016""]",,,,Ενεργό,2025-06-30,2025-09-02,117,13,2024,[]
5203838,2016ΣΕ06900006,2023ΝΑ27100218,2024ΝΑ85300078,2015 πλημμύρες Αττικής,Δωρεάν κρατική αρωγή για την αποκατάσταση των ζημίών των κτιρίων που υπέστησαν βλάβες από τις πλημμύρες των 22/10και 23/10/2015 σε περιοχές της Π. Αττικής καθώς και δαπ. μετακ. μηχανικών,"[""2015""]",,,,Ενεργό,2025-06-30,2025-09-02,143,10,2024,[]
5203839,2016ΣΕ06900008,2023ΝΑ27100219,2024ΝΑ85300079,2014 2015 κατολισθίσεις Τ.Κ. Γερακίου,"Δωρεάν κρατική αρωγή για την αποκατάσταση κτιρίων, που δεν ανήκουν σε επιχειρήσεις, από τις κατολισθήσεις τους μήνες 03/2014 και 02/2015 στον οικ. Ανάληψη της Τ.Κ. Γερακίου του Δ. Ήλιδας της Δ.Ε. Αμαλιάδας της Π.Ε.Ηλείας της Π. Δυτ. Ελλάδας καθώς και δαπ. μετακ. μηχανικών","[""2014""]",,,,Ενεργό,2025-06-30,2025-09-02,76,8,2024,[]
5203842,2016ΣΕ06900011,2023ΝΑ27100222,2024ΝΑ85300080,2015 πλημμύρες Αχαΐας Ηλείας,Δωρεάν κρατική αρωγή για την αποκατάσταση των ζημιών των κτιρίων που υπέστησαν βλάβες από την πλημμύρα των 21/10 και 22/10 2015 σε περιοχές του Δ. Δυτ. Αχαΐας της Π.Ε. Αχαΐας και β) του Δ. Ανδραβίδας-Κυλλήνης της Π.Ε. Ηλείας της Π. Δυτ. Ελλάδας καθώς και δαπ. μετακ. μηχανικών,"[""2015""]",,,,Ενεργό,2025-06-30,2025-09-02,118,10,2024,[]
5203843,2016ΣΕ06900012,2023ΝΑ27100223,2024ΝΑ85300081,2014 χαλαζόπτωση Σέρρες,Δωρεάν κρατική αρωγή για την αποκατάσταση των ζημιών των κτιρίων που υπέστησαν βλάβες από την χαλαζόπτωση της 18/06/2014 σε περιοχές της Π.Ε. Σερρών της Π. Κεντρ. Μακεδονίας καθώς και δαπ. μετακ. μηχανικών,"[""2014""]",,,,Ενεργό,2025-06-30,2025-09-02,77,16,2024,[]
5203845,2016ΣΕ06900016,2023ΝΑ27100225,2024ΝΑ85300082,2016 πλημμύρες Λάρισας,Δωρεάν κρατική αρωγή για την αποκατάσταση των ζημιών των κτιρίων που υπέστησαν βλάβες από τις πλημμύρες των 20/05 και 21/05/2016 σε περιοχές της Π.Ε. Λάρισας της Π. Θεσσαλίας και της 25/06/2016 σε περιοχές της Π.Ε. Αρκαδίας της Π. Πελ/σου καθώς και δαπ. μετακ. μηχανικών,"[""2016""]",,,,Ενεργό,2025-06-30,2025-09-02,119,10,2024,[]
5203847,2016ΣΕ06900020,2023ΝΑ27100227,2024ΝΑ85300083,2015 ανεμοστρόβιλος Μεσσηνία Λακωνία,"Δωρεάν κρατική αρωγή για την αποκατάσταση των ζημιών των κτιρίων που υπέστησαν βλάβες από τον ανεμοστρόβιλο της 21/09/2015 στις περιοχές, α) των Τ.Κ. Ασπροχώματος, Λαϊκών και Μπουρνιάς της Δ.Ε. Καλαμάτας του Δ. Καλαμάτας της Π.Ε. Μεσσηνίας, β) της Δ.Κ. Σκάλας της Τ.Κ. Λεημόνα της Δ.Ε. Σκάλας και των Τ.Κ. Έλους και Αστερίου της Δ.Ε. Έλους του Δ. Ευρώτα της Π.Ε. Λακωνίας, της Π. Πελ/σου καθώς και δαπ. μετακ. μηχανικών","[""2015""]",485000.00,386945.44,386945.44,Ενεργό,,2025-09-02,145,3,2024,[]
5203848,2017ΣΕ06900000,2023ΝΑ27100228,2024ΝΑ85300084,2017 σεισμός Λέσβου,"Δωρεάν κρατική αρωγή για την επισκευή ή ανακατασκευή κτιρίων που υπέστησαν βλάβες από το σεισμό της 12/06/2017, επιδότηση ενοικίου/ συγκατοίκησης και κατεδαφίσεις κτιρίων σε περιοχές της Π.Ε. Λέσβου της Π. Βορ. Αιγαίου καθώς και δαπ. μετακ. μηχανικών","[""2017""]",44240000.00,27430503.52,25164982.14,Ενεργό,,2025-09-02,142,13,2024,[]
5203849,2017ΣΕ06900001,2023ΝΑ27100229,2024ΝΑ85300085,2014 σεισμός Αιτωλοακαρνανία,Δωρεάν κρατική αρωγή για την επισκευή ή ανακατασκευή κτιρίων που υπέστησαν βλάβες από το σεισμό της 25/10/2014 σε περιοχές της Π.Ε. Αιτ/νιας της Π. Δυτ. Ελλάδας καθώς και δαπ. μετακ. μηχανικών,"[""2014""]",455900.00,449686.92,449686.92,Ενεργό,,2025-09-02,144,13,2024,[]
5203850,2017ΣΕ06900003,2023ΝΑ27100230,2024ΝΑ85300086,2016 πυρκαγιά Θάσου,Δωρεάν κρατική αρωγή για την επισκευή ή ανακατασκευή κτιρίων που υπέστησαν βλάβες από την πυρκαγιά της 10/09/2016 σε περιοχές του Δ. Θάσου της Π.Ε. Θάσου της Π. Ανατ. Μακεδονίας-Θράκης καθώς και δαπ. μετακ. μηχανικών,"[""2016""]",996140.00,906307.35,905581.38,Ενεργό,,2025-09-02,10,12,2024,[]
5203851,2017ΣΕ06900004,2023ΝΑ27100231,2024ΝΑ85300087,2016 πλημμύρα Κεντρική Βόρεια και Δυτ. Ελλάδα,"Δωρεάν κρατική αρωγή για την επισκευή ή ανακατασκευή κτιρίων που υπέστησαν βλάβες από τις πλημμύρες, α) των 06/09 και 07/09/2016 σε περιοχές των Π.Ε. Μεσσηνίας, Λακωνίας, Ηλείας και Θεσ/κης, β) των 08/09 έως 10/09/2016 σε περιοχές των Π.Ε. Γρεβενών, Κοζάνης και Τρικάλων και γ) της 10/09/2016 σε περιοχές της 10/09/2016 σε περιοχές της Π.Ε. Αργολίδας καθώς και δαπ. μετακ. υπαλλήλων","[""2016""]",4046500.00,2977001.03,2943273.85,Ενεργό,,2025-09-02,149,10,2024,[]
5203852,2017ΣΕ06900006,2023ΝΑ27100232,2024ΝΑ85300088,2016 ανεμοστρόβολος Ηλεία,"Δωρεάν κρατική αρωγή για την επισκευή ή ανακατασκευή κτιρίων που υπέστησαν βλάβες από τους ανεμοστροβίλους, τους μήνες 09 και 10/2016 σε περιοχές της Π.Ε. Ηλείας της Π. Δυτ. Ελλάδας καθώς και δαπ. μετακ. μηχανικών","[""2016""]",532780.00,507972.89,507972.89,Ενεργό,,2025-09-02,121,3,2024,[]
5203854,2017ΣΕ06900008,2023ΝΑ27100234,2024ΝΑ85300089,2016 πυρκαγιά Μαντούδι Λ. Άγιας Άννας,Δωρεάν κρατική αρωγή για την επισκευή ή ανακατασκευή κτιρίων που υπέστησαν βλάβες από την πυρκαγιά των 30/07 και 31/07/2016 σε περιοχές Δ. Μαντουδίου-Λ. Αγίας Άννας της Π.Ε. Ευβοίας της Π. Στ. Ελλάδαςα καθώς και δαπ. μετακ. μηχανικών,"[""2016""]",110450.00,83450.00,83450.00,Ενεργό,,2025-09-02,60,12,2024,[]
5203855,2017ΣΕ06900009,2023ΝΑ27100235,2024ΝΑ85300090,2017 σεισμός Κώς,"Δωρεάν κρατική αρωγή για την επισκευή ή ανακατασκευή κτιρίων που υπέστησαν βλάβες από το σεισμό της 21/07/2017, Επιδότηση ενοικίου/ συγκατοίκησης και καταδαφίσεις κτιρίων σε περιοχές της Π. Νοτ. Αιγαίου καθώς και και δαπ. μετακ. μηχανικών","[""2017""]",4999383.93,3682653.57,3559662.36,Ενεργό,,2025-09-02,79,13,2024,[]
5203856,2017ΣΕ06900010,2023ΝΑ27100236,2024ΝΑ85300091,2016 σεισμός Θεσπρωτία,Δωρεάν κρατική αρωγή για την επισκευή ή ανακατασκευή κτιρίων που υπέστησαν βλάβες από το σεισμό της 15/10/2016 σε περιοχές της Π.Ε. Θεσπρωτίας της Π. Ηπείρου καθώς και δαπ. ετακ. μηχανικών,"[""2016""]",1775480.00,1424048.52,1368674.50,Ενεργό,,2025-09-02,101,13,2024,[]
5203858,2017ΣΕ06900013,2023ΝΑ27100238,2024ΝΑ85300092,2014 πλημμύρες Κιλκίς,Δωρεάν κρατική αρωγή για την επισκευή ή ανακατασκευή των κτιρίων που υπέστησαν βλάβες από τις πλημμύρες των 05/12 έως 14/12/2014 σε περιοχές της Π.Ε. Κιλκίς της Π. Κεντρ. Μακεδονίας καθώς και δαπ. μετακ. μηχανικών,"[""2014""]",423956.00,412964.30,412964.30,Ενεργό,,2025-09-02,65,10,2024,[]
5203859,2017ΣΕ06900014,2023ΝΑ27100239,2024ΝΑ85300093,2015 πλημμύρες Δ. Κασσάνδρας,Δωρεάν κρατική αρωγή για την επισκευή ή ανακατασκευή κτιρίων που υπέστησαν βλάβες από τις πλημμύρες των 22/09 και 26/09/2015 σε περιοχές του Δ. Κασσάνδρας της Π.Ε. Χαλκιδικής της Π. Κεντρ. Μακεδονίας καθώς και δαπ. μετακ. μηχανικών,"[""2015""]",98928.00,97399.44,97399.44,Ενεργό,,2025-09-02,69,10,2024,[]
5203860,2017ΣΕ06900015,2023ΝΑ27100240,2024ΝΑ85300094,2016 πυρκαγιές Λασιθίου,Δωρεάν κρατική αρωγή για την επισκευή ή ανακατασκευή κτιρίων που υπέστησαν βλάβες από την πυρκαγιά της 21/04/2016 σε περιοχές της Π.Ε. Λασιθίου της Π. Κρήτης καθώς και δαπ. μετακ. μηχανικών,"[""2016""]",132900.00,132900.00,132900.00,Ενεργό,,2025-09-02,150,12,2024,[]
5203861,2017ΣΕ06900016,2023ΝΑ27100241,2024ΝΑ85300095,2015 ανεμοστρόβιλος Δ. Εμμ. Παππά,Δωρεάν κρατική αρωγή για την επισκευή ή ανακατασκευή κτιρίων που υπέστησαν βλάβες από τον ανεμοστρόβιλο της 05/08/2015 στη Δ.Κ. Νέου Σκοπού της Δ.Ε. Στρυμώνα του Δ. Εμμ. Παππά της Π.Ε. Σερρών της Π. Κεντρ. Μακεδονίας καθώς και δαπ. μετακ. μηχανικών,"[""2015""]",45338.00,45338.00,41841.40,Ενεργό,,2025-09-02,81,3,2024,[]
5203863,2017ΣΕ06900018,2023ΝΑ27100243,2024ΝΑ85300096,2016 πυρκαγιά Άγιος Βασίλειος Ρέθυμνο,Δωρεάν κρατική αρωγή για την επισκευή ή ανακατασκευή κτιρίων που υπέστησαν βλάβες από την πυρκαγιά της 30/07/2016 σε περιοχές του Δ. Αγίου Βασιλείου της Π.Ε. Ρεθύμνου της Π. Κρήτης καθώς και δαπ. μετακ. μηχανικών,"[""2016""]",171080.00,171080.00,171080.00,Ενεργό,,2025-09-02,85,12,2024,[]
5203864,2017ΣΕ06900020,2023ΝΑ27100244,2024ΝΑ85300097,2016 πυρκαγιά Καρύστου,Δωρεάν κρατική αρωγή για την επισκευή ή ανακατασκευή κτιρίων που υπέστησαν βλάβες από την πυρκαγιά της 13/08/2016 σε περιοχές του Δ. Καρύστου της Π.Ε. Ευβοίας της Π. Στ. Ελλάδας καθώς και δαπ. μετακ. μηχανικών,"[""2016""]",157010.00,135307.60,135307.60,Ενεργό,,2025-09-02,50,12,2024,[]
5203865,2017ΣΕ06900021,2023ΝΑ27100245,2024ΝΑ85300098,2016 πλημμύρα Ιόνιο,"Δωρεάν κρατική αρωγή για την επισκευή ή ανακατασκευή κτιρίων που υπέστησαν βλάβες από τις πλημμύρες, α) τον μήνα 10/2016 σε περιοχές των Π.Ε. Θεσπρωτίας, Κεφαλληνίας, Ηλείας, Αιτ/νιας και Πρεβέζης και β) τον μήνα 11/2016 σε περιοχές της Π.Ε. Ζακύνθου καθώς και δαπ. μετακ. μηχανικών","[""2016""]",478450.00,447415.05,447415.05,Ενεργό,,2025-09-02,122,10,2024,[]
5203866,2018ΣΕ06900000,2023ΝΑ27100246,2024ΝΑ85300099,2017 πυρκαγιές Αν. Αττικής και Λακωνίας,"Δωρεάν κρατική αρωγή για την επισκευή ή ανακατασκευή κτιρίων που υπέστησαν βλάβες από τις πυρκαγιές, α) των 01/07 έως 03/07/2017 σε περιοχές του Δ. Ανατ. Μάνης της Π.Ε. Λακωνίας της Π. Πελ/σου, β) της 03/08/2017 σε περιοχές του Δ. Σαρωνικού και γ) της 13/08/2017 σε περιοχές των Δ. Μαραθώνος και Ωροπού της Π.Ε. Ανατ. Αττικής της Π. Αττικής καθώς και δαπ. μετακ. μηχανικών","[""2017""]",1787616.00,1439081.66,1417969.01,Ενεργό,,2025-09-02,51,12,2024,[]
5203867,2018ΣΕ06900001,2023ΝΑ27100247,2024ΝΑ85300100,2017 πλημμύρες Κρήτη Νοτ. Αιγαίο και Αττική,"Δωρεάν κρατική αρωγή για την επισκευή ή ανακατασκεύη κτιρίων (επαγγελματικών ή μη χρήσεων) που υπέστησαν βλάβες από τις πλημμύρες, α) της 11/02 και της 26/10/2017 σε περιοχές της Π.Ε. Χανίων της Π. Κρήτης, β) την πλημμύρα της 13/11/2017 στον Δ. Σύμης της Π.Ε. Ρόδου της Π. Νοτ. Αιγαίου και γ) της 15/11/2017 σε περιοχές της Π.Ε. Δυτ. Αττικής της Π. Αττικής καθώς και δαπ. μετακ. μηχανικών","[""2017""]",8881080.00,7428811.01,7420796.53,Ενεργό,,2025-09-02,78,10,2024,[]
5203868,2018ΣΕ06900002,2023ΝΑ27100248,2024ΝΑ85300101,2015-2017 πλημμύρες Βόρειο Αιγαίο,"Δωρεάν κρατική αρωγή για την επισκευή ή ανακατασκευή κτιρίων που υπέστησαν βλάβες από τις πλημύρες, α) της 26/01/2015 σε περιοχές του Δ. Χίου της Π.Ε. Χίου, β) των 28/11 και 29/11/2016 σε περιοχές του Δ. Λέσβου της Π.Ε. Λέσβου, της Π. Βορ. Αιγαίου και γ) των 25/09 και 26/09/2017 σε περιοχές του Δ. Σαμοθράκης της Π.Ε. Έβρου της Π. Ανατ. Μακεδονίας-Θράκης καθώς και δαπ. μετακ. μηχανικών","[""2015-2017""]",10540.55,1034123.49,1034123.49,Ενεργό,,2025-09-03,151,10,2024,[]
5203869,2018ΣΕ06900010,2023ΝΑ27100249,2024ΝΑ85300102,2018 πυρκαγιά Ραφήνα Κινέτα (Μάτι),"Δωρεάν κρατική αρωγή για την επισκευή ή ανακατασκευή κτιρίων που υπέστησαν βλάβες από τις πυρκαγιές, χορήγηση αποζημίωσης περιβ. χώρου πληγέντων κτιρίων επί ιδιωτικών ακινήτων, επιδότηση ενοικίου/ συγκατοίκησης, α) των 23/07 και 24/07/2018 σε περιοχές των Π. Αττικής και Π. Πελ/σου και β) των 03/08 και 13/08/2017 σε περιοχές της Π. Αττικής καθώς και δαπ. μετακ. μηχανικών","[""2018""]",149890680.00,107188112.79,101714223.96,Ενεργό,,2025-09-02,53,12,2024,[]
5203871,2018ΣΕ06900012,2023ΝΑ27100251,2024ΝΑ85300103,2016 πλημμύρες Αττικής,Δωρεάν κρατική αρωγή για την επισκευή ή ανακατασκευή κτιρίων που υπέστησαν βλάβες από τις πλημμύρες των 26/11 έως 28/11/2016 σε περιοχές της Π. Αττικης καθώς και δαπ. μετακ. μηχανικών,"[""2016""]",72000.00,70331.04,70331.04,Ενεργό,,2025-09-02,187,10,2024,[]
5203874,2018ΣΕ06900015,2023ΝΑ27100254,2024ΝΑ85300104,2017 χαλαζόπτωση Δ. Ορεστιάδας,"Δωρεάν κρατική αρωγή για την επισκευή ή ανακατασκευή κτιρίων, εκτός αυτών που ανήκουν σε επιχειρήσεις, που υπέστησαν βλάβες από τη χαλαζόπτωση της 27/07/2017 σε περιοχές του Δ. Ορεστιάδας της Π.Ε. Έβρου της Π. Ανατ. Μακεδονίας-Θράκης καθώς και δαπ. μετακ. μηχανικών","[""2017""]",571700.00,558721.45,558721.45,Ενεργό,,2025-09-02,152,16,2024,[]
5203876,2018ΣΕ06900017,2023ΝΑ27100256,2024ΝΑ85300105,2015 κατολισθήσεις Τ.Κ. Κάτω Σχολαρίου,Δωρεάν κρατική αρωγή για την επισκευή ή ανακατασκευή κτιρίων που υπέστησαν βλάβες από τις κατολισθήσεις του έτους 2015 στην Τ.Κ. Κάτω Σχολαρίου της Δ.Ε. Μίκρας του Δ. Θέρμης της Π.Ε. Θεσ/κης της Π. Κεντρ. Μακεδονίας καθώς και δαπ. μετακ. μηχανικών,"[""2015""]",1564.50,1564.50,1564.50,Ενεργό,,2025-09-03,14,8,2024,[]
5203877,2019ΣΕ06900000,2023ΝΑ27100257,2024ΝΑ85300106,2018 σεισμός Ζακύνθου,"Δωρεάν κρατική αρωγή για την επισκευή ή ανακατασκευή κτιρίων που υπέστησαν βλάβες από τον σεισμό της 26/10/2018, Επιδότηση ενοικίου/ συγκατοίκησης σε περιοχές της Π.Ε. Ζακύνθου της Π. Ιον. Νήσων καθώς και δαπ. μετακ. μηχανικών","[""2018""]",5430598.00,5258724.61,5217750.83,Ενεργό,,2025-09-03,192,13,2024,[]
5203878,2019ΣΕ06900001,2023ΝΑ27100258,2024ΝΑ85300107,2018 σεισμός Καρδίτσας Τρικάλων,Δωρεάν κρατική αρωγή για την επισκευή ή ανακατασκευή κτιρίων οου υπέστησαν βλάβες απο τον σεισμό της 31/08/2018 σε περιοχές των Π.Ε. Καρδίτσας και Τρικάλων της Π. Θεσσαλίας καθώς και δαπ. μετακ. μηχανικών,"[""2018""]",7355515.00,7229167.41,7176097.59,,,,190,,,
5203879,2019ΣΕ06900002,2023ΝΑ27100259,2024ΝΑ85300108,2017 πλημμύρες νήσων Πειραιά,Δωρεάν κρατική αρωγή για την επισκευή ή ανακατασκευή κτιρίων που υπέστησαν βλάβες από τις πλημμύρες των 15/11 έως 19/11/2017 σε περιοχές της Π.Ε. Νήσων της Π. Αττικής καθώς και δαπ. μετακ. μηχανικών,"[""2017""]",76274.00,76274.00,76274.00,Ενεργό,,2025-09-03,48,10,2024,[]
5203880,2019ΣΕ06900003,2023ΝΑ27100260,2024ΝΑ85300109,2018 πλημμύρες Δυτ. Αττικής,Δωρεάν κρατική αρωγή για την επικευή ή ανακατασκευή κτιρίων που υπέστησαν βλάβες από τΙς πλημμύρες των 26/06 και 27/06/2018 σε περιοχές της Π.Ε. Δυτ. Αττικής της Π. Αττικής,"[""2018""]",670800.00,670800.00,670800.00,Ενεργό,,2025-09-03,153,10,2024,[]
5203883,2019ΣΕ06900006,2023ΝΑ27100263,2024ΝΑ85300110,"2014 κατολισθήσεις οικ, Ακτή Σαλονικιού","Δωρεάν κρατική αρωγή για την επισκευή ή ανακατασκευή κτιρίων, και δεν ανήκουν σε επιχειρήσεις, που υπέστησαν βλάβες από τις κατολισθήσεις το μήνα 12/2014 στον οικισμό ""Ακτή Σαλονικιού"" της Δ.Κ. Αγίου Νικολάου της Δ.Ε. Σιθωνίας του Δ. Σιθωνίας της Π.Ε. Χαλκιδικής της Π. Κεντρ. Μακεδονίας καθώς και δαπ. μετακ. μηχανικών","[""2014""]",163000.00,163000.00,163000.00,Ενεργό,,2025-09-03,17,8,2024,[]
5203888,2019ΣΕ06900011,2023ΝΑ27100268,2024ΝΑ85300111,2019 σεισμός Αττικής,"Δωρεάν κρατική αρωγή για την επισκευή ή ανακατασκευή κτιρίων, επιδότηση ενοικίου/ συγκατοίκησης που υπέστησαν βλάβες απο το σεισμό της 19/07/2019 σε περιοχές της Π. Αττικής καθώς και δαπ. μετακ. μηχανικών","[""2019""]",24590000.00,22912817.42,22686277.61,Ενεργό,,2025-09-03,189,13,2024,[]
5203891,2019ΣΕ06900014,2023ΝΑ27100271,2024ΝΑ85300112,2018 πλημμύρες Δ. Λοκρών,Δωρεάν κρατική αρωγή για την επισκευή ή ανακατασκευή κτιρίων που υπέστησαν βλάβες απο τις πλημμύρες των 29/09 και 30/09/2018 σε περιοχές του Δ. Λοκρών της Π.Ε. Φθιώτιδας τη Π. Στ. Ελλάδας καθώς και δαπ. μετακ. μηχανικών,"[""2018""]",549415.00,546035.00,546035.00,Ενεργό,,2025-09-03,159,10,2024,[]
5203894,2019ΣΕ06900017,2023ΝΑ27100274,2024ΝΑ85300113,2019 σεισμός Ανδραβίδας,Δωρεάν κρατική αρωγή για την επισκευή ή ανακατασκευή κτιρίων που υπέστησαν βλάβες απο το σεισμό της 21/05/2019 σε περιοχές του Δ. Ανδραβίδας-Κυλλήνης της Π.Ε. Ηλείας της Π. Δυτ. Ελλάδας καθώς και δαπ. μετακ. μηχανικών,"[""2019""]",1406944.00,1224008.67,1102122.18,Ενεργό,,2025-09-03,156,13,2024,[]
5203895,2020ΣΕ06900000,2023ΝΑ27100275,2024ΝΑ85300114,2019 πλημμύρες Ρεθύμνου Χανίων,Δωρεάν κρατική αρωγή για την επισκευή ή ανακατασκευή κτιρίων που υπέστησαν βλάβες απο τις πλημμύρες του μήνα 02/2019 σε περιοχές των Π.Ε. Ρεθύμνου και Χανίων της Π. Κρήτης καθώς και δαπ. μετακ. μηχανικών,"[""2019""]",1651811.00,1483537.58,1455297.32,Ενεργό,,2025-09-03,154,10,2024,[]
5203896,2020ΣΕ06900001,2023ΝΑ27100276,2024ΝΑ85300115,2018 κατολισθήσεις Πλωμαρίου,"Δωρεάν κρατική αρωγή για την επισκευή ή ανακατασκευή κτιρίων, και δεν ανήκουν σε επιχειρήσεις, που υπέστησαν βλάβες απο τις κατολισθήσεις της 24/11/2018 στη θέση ""Άγιος Ιωάννης"" της Δ.Κ. Πλωμαρίου της Δ.Ε. Πλωμαρίου του Δ. Λέσβου της Π.Ε. Λέσβου της Π. Βορ. Αιγαίου καθώς και δαπ. μετακ. μηχανικών","[""2018""]",174944.00,174944.00,174944.00,Ενεργό,,2025-09-03,157,8,2024,[]
5203897,2020ΣΕ06900002,2023ΝΑ27100277,2024ΝΑ85300116,2018 πλημμύρες Αργολίδας Κορινθίας,Δωρεάν κρατική αρωγή για την επισκευή ή ανακατασκευή κτιρίων που υπέστησαν βλάβες απο τις πλημμύρες των 29/09 και 30/09/2018 σε περιοχές των Π.Ε. Αργολίδας και Κορινθίας της Π. Πελ/σου καθώς και δαπ. μετακ. μηχανικών,"[""2018""]",622920.00,605885.81,599407.37,Ενεργό,,2025-09-03,158,10,2024,[]
5203898,2020ΣΕ06900003,2023ΝΑ27100278,2024ΝΑ85300117,2017 πλημμύρες Δ. Σιθωνίας,Δωρεάν κρατική αρωγή για την επισκευή ή ανακατασκευή κτιρίων που υπέστησαν βλάβες απο τις πλημμύρες της 17/07/2017 σε περιοχές του Δ. Σιθωνίας της Π.Ε. Χαλκιδικής της Π. Κεντρ. Μακεδονίας καθώς και δαπ. μετακ. μηχανικών,"[""2017""]",171330.00,168068.76,168068.76,Ενεργό,,2025-09-03,155,10,2024,[]
5203899,2020ΣΕ06900004,2023ΝΑ27100279,2024ΝΑ85300118,2019 πλημμύρες Δράμας,Δωρεάν κρατική αρωγή για την επισκευή ή ανακατασκευή κτιρίων που υπέστησαν βλάβες απο τις πλημμύρες των 25/01 έως 27/01/2019 σε περιοχές της Π.Ε. Δράμας της Π. Ανατ. Μακεδονίας-Θράκης καθώς και δαπ. μετακ. μηχανικών,"[""2019""]",115300.00,114578.68,113507.68,Ενεργό,,2025-09-03,22,10,2024,[]
5203900,2020ΣΕ06900005,2023ΝΑ27100280,2024ΝΑ85300119,2019 σεισμός Πρέβεζας,Δωρεάν κρατική αρωγή για την επισκευή ή ανακατασκευή κτιρίων που υπέστησαν βλάβες απο το σεισμό της 05/05/2019 σε περιοχές της Π.Ε. Πρεβέζης της Π. Ηπείρου καθώς και δαπ. μετακ. μηχανικών,"[""2019""]",569128.00,548850.31,532513.08,Ενεργό,,2025-09-03,26,13,2024,[]
5203901,2020ΣΕ06900006,2023ΝΑ27100281,2024ΝΑ85300120,2019 ανεμοστρόβιλος Χαλικδικής,"Δωρεάν κρατική αρωγή για την επισκευή ή ανακατασκευή κτιρίων που υπέστησαν βλάβες απο τον ανεμοστρόβιλο, την πλημμύρα και τη χαλαζόπτωση της 10/07/2019 σε περιοχές της Π.Ε. Χαλκιδικής της Π. Κεντρ. Μακεδονίας καθώς και δαπ. μετακ. μηχανικών","[""2019""]",3926400.00,3333975.81,3174785.49,Ενεργό,,2025-09-03,162,3,2024,[]
5203902,2020ΣΕ06900007,2023ΝΑ27100282,2024ΝΑ85300121,2018 πλημμύρες Ιστιάιας Μαντουδίου,Δωρεάν κρατική αρωγή για την επισκευή ή ανακατασκευή κτιρίων που υπέστησαν βλάβες απο τις πλημμύρες των 29/09 και 30/09/2018 σε περιοχές των Δ. Ιστιαίας-Αιδηψού και Μαντουδίου Λ. Αγίας Άννας της Π.Ε. Ευβοίας της Π. Στ. Ελλάδας καθώς και δαπ. μετακ. μηχανικών,"[""2018""]",663518.00,661675.54,658795.54,Ενεργό,,2025-09-03,47,10,2024,[]
5203905,2020ΣΕ06900010,2023ΝΑ27100285,2024ΝΑ85300122,2019 πλημμύρες Μέγαρα Λουτράκι,"Δωρεάν κρατική αρωγή για την επισκευή ή ανακατασκευή κτιρίων, επιδότηση ενοικίου/ συγκατοίκησης, που υπέστησαν βλάβες από τις πλημμύρες της 25/11/2019 σε περιοχές του Δ. Μεγαρέων και Λουτρακίου-Περαχώρας-Αγίων Θεοδώρων της Π.Ε. Κορινθίας της Π. Πελ/σου καθώς και δαπ. μετακ. μηχανικών","[""2019""]",1914000.00,1490588.00,1462348.33,Ενεργό,,2025-09-03,160,10,2024,[]
5203906,2020ΣΕ06900011,2023ΝΑ27100286,2024ΝΑ85300123,2019 πλημμύρες Καβάλα Χαλκιδική και Πιερία,"Δωρεάν κρατική αρωγή για την επισκευή ή ανακατασκευή κτιρίων που υπέστησαν βλάβες από τις πλημμύρες, α) των 20/11 έως 26/11/2019 σε περιοχές των Δ. Θάσου, Καβάλλας και Παγγαίου της Π.Ε. Καβάλας της Π. Ανατ. Μακεδονίας-Θράκης, β) των 19/11 έως 22/11/2019 σε περιοχές των Δ. Νέας Προποντίδας και Αριστοτέλη της Π.Ε. Χαλκιδικής της Π. Κεντρ. Μακεδονίας, γ) των 24/11 έως 26/11/2019 σε περιοχές του Δ. Κατερίνης της Π.Ε. Πιερίας, δ) των 11/12 και 12/12/2019 σε περιοχές του Δ. Σιθωνίας της Π.Ε. Χαλκιδικής και ε) των 10/09 έως 14/12/2019 σε περιοχές της Π.Ε. Χαλκιδικής, της Π. Κεντρ. Μακεδονίας καθώς και δαπ. μετακ. μηχανικών","[""2019""]",1971960.00,1874989.56,1868714.54,Ενεργό,,2025-09-03,163,10,2024,[]
5203907,2020ΣΕ06900012,2023ΝΑ27100287,2024ΝΑ85300124,"2018 πλημμύρες Δ. Σιθωνίας, Αριστοτέλη και Πολύγυρου","Δωρεάν κρατική αρωγή για την επισκευή ή ανακατασκευή κτιρίων που υπέστησαν βλάβες από τις πλημμύρες της 26/06/2018 σε περιοχές των Δ. Σιθωνίας, Αριστοτέλη και Πολύγυρου της Π.Ε. Χαλκιδικής της Π. Κεντρ. Μακεδονίας καθώς και δαπ. μετακ. μηχανικών","[""2018""]",299050.00,292169.36,292169.36,Ενεργό,,2025-09-03,164,10,2024,[]
5203908,2020ΣΕ06900013,2023ΝΑ27100288,2024ΝΑ85300125,2019 πλημμύρες Δ. Σάμης,"Δωρεάν κρατική αρωγή για την επισκευή ή ανακατασκευή κτιρίων που υπέστησαν βλάβες από τις πλημμύρες των 03/10, 04/10, 12/11 και 13/11/2019 σε περιοχές του Δ. Σάμης της Π. Ιον. Νήσων καθώς και δαπ. μετακ. μηχανικών","[""2019""]",30132.00,24937.20,24937.20,Ενεργό,,2025-09-03,169,10,2024,[]
5203910,2020ΣΕ06900015,2023ΝΑ27100290,2024ΝΑ85300126,2019 πλημμύρες Χαλκίδας,Δωρεάν κρατική αρωγή για την επισκευή ή ανακατασκευή κτιρίων που υπέστησαν βλάβες από τις πλημμύρες το μήνα 03/2019 σε περιοχές του Δ. Χαλκιδέων της Π.Ε. Ευβοίας της Π. Στ. Ελλάδας καθώς και δαπ. μετακ. μηχανικών,"[""2019""]",55975.00,55975.00,55975.00,Ενεργό,,2025-09-03,168,10,2024,[]
5203911,2020ΣΕ06900016,2023ΝΑ27100291,2024ΝΑ85300127,2019 κατολισθήσεις Πύλης Μουζακίου,"Δωρεάν κρατική αρωγή για την επισκευή ή ανακατασκευή κτιρίων που υπέστησαν βλάβες από τις κατολισθήσεις το μήνα 02/2019 σε περιοχές, α) των Τ.Κ. Πιαλείας, Βροντερού Γαρδικίου και Στουρναραίικων του Δ. Πύλης της Π.Ε. Τρικάλων και β) της Τ.Κ. Βατσουνιάς του Δ. Μουζακίου της Π.Ε. Καρδίτσας, της Π. Θεσσαλίας καθώς και δαπ. μετακ. μηχανικών","[""2018""]",378215.00,378215.00,378215.00,Ενεργό,,2025-09-03,166,8,2024,[]
5203912,2020ΣΕ06900017,2023ΝΑ27100292,2024ΝΑ85300128,2019 πλημμύρες Ημαθίας,Δωρεάν κρατική αρωγή για την επισκευή ή ανακατασκευή κτιρίων που υπέστησαν βλάβες από τον ανεμοστρόβιλο της 10/07/2019 σε περιοχές των Δ. Αλεξάνδρειας και Βέροιας της Π.Ε. Ημαθίας της Π. Κεντρ. Μακεδονίας καθώς και δαπ. μετακ. μηχανικών,"[""2019""]",408490.00,403088.50,403088.50,Ενεργό,,2025-09-03,93,10,2024,[]
5203913,2020ΣΕ06900018,2023ΝΑ27100293,2024ΝΑ85300129,2020 πλημμύρες Εύβοιας,Δωρεάν κρατική αρωγή για την επισκευή ή ανακατασκευή κτιρίων που υπέστησαν βλάβες από τις πλημμύρες της 09/08/2020 σε περιοχές της Π.Ε. Ευβοίας της Π. Στ. Ελλάδας καθώς και δαπ. μετακ. μηχανικών,"[""2020""]",5982933.00,5350900.44,5233693.46,Ενεργό,,2025-09-03,94,10,2024,[]
5203914,2020ΣΕ06900019,2023ΝΑ27100294,2024ΝΑ85300130,2020 πλημμύρες (Ιανός) Ιόνιο,"Δωρεάν κρατική αρωγή για την επισκευή ή ανακατασκευή κτιρίων που υπέστησαν βλάβες από τις πλημμύρες και τον ανεμοστρόβιλο των 17/09 έως 19/09/2020 σε περιοχές των Π.Ε. Κεφαλληνίας, Ζακύνθου, Ιθάκης και Λευκάδας της Π. Ιον. Νησων καθώς και δαπ. μετακ. μηχανικών","[""2020""]",9191195.00,8739135.41,8414624.53,Ενεργό,,2025-09-03,167,10,2024,[]
5203915,2020ΣΕ06900020,2023ΝΑ27100295,2024ΝΑ85300131,2020 πλημμύρες (Ιανός) Θεσσαλία,"Δωρεάν κρατική αρωγή για την επισκευή ή ανακατασκευή κτιρίων που υπέστησαν βλάβες από τις πλημμύρες των 17/09 έως 20/09/2020 σε περιοχές των Π.Ε., α) Καρδίτσας, Λάρισας, Μαγνησίας και Τρικάλων της Π. Θεσσαλίας, β) Κορινθίας της Π. Πελ/σου και γ) Φθιώτιδας της Π. Στ. Ελλάδας καθώς και δαπ. μετακ. μηχανικών","[""2020""]",21455346.00,19710834.45,18335106.38,Ενεργό,,2025-09-03,174,10,2024,[]
5203918,2020ΣΕ06900023,2023ΝΑ27100298,2024ΝΑ85300132,2017 πλημμύρες Δ. Ευρώτα,Δωρεάν κρατική αρωγή για την επισκευή ή ανακατασκευή κτιρίων που υπέστησαν βλάβες από την πλημμύρα και την χαλαζόπτωση των 15/11 και 16/11/2017 σε περιοχές του Δ. Ευρώτα της Π.Ε. Λακωνίας της Π. Πελ/σου καθώς και δαπ. μετακ. μηχανικών,"[""2018""]",130690.00,130690.00,130690.00,,,,97,,,
5203920,2020ΣΕ06900025,2023ΝΑ27100300,2024ΝΑ85300133,2019 πλημμύρα Δ. Αλεξανδρούπολης,Δωρεάν κρατική αρωγή για την επισκευή ή ανακατασκευή κτιρίων που υπέστησαν βλάβες από την πλημμύρα και την χαλαζόπτωση σε περιοχές του Δ. Αλεξανδρούπολης της Π.Ε. Έβρου της Π. Ανατ. Μακεδονίας-Θράκης καθώς και δαπ. μετακ. μηχανικών,"[""2019""]",3334580.00,3269295.09,3257521.32,Ενεργό,,2025-09-03,95,10,2024,[]
5203921,2020ΣΕ06900026,2023ΝΑ27100301,2024ΝΑ85300134,2020 σεισμός Σάμου,"Δωρεάν κρατική αρωγή για την επισκευή ή ανακατασκευή κτιρίων που υπέστησαν βλάβες από το σεισμό της 30/10/2020 σε περιοχές των Π.Ε. Σάμου, Χίου και Ικαρίας της Π. Βορ. Αιγαίου καθώς και δαπ. μετακ. μηχανικών","[""2020""]",79332540.00,78727912.24,78023499.86,Ενεργό,,2025-09-03,83,13,2024,[]
5203922,2020ΣΕ06900027,2023ΝΑ27100302,2024ΝΑ85300135,2020 επιδότηση ενοικίουου Ιανός,"Επιδότηση ενοικίου/ συγκατοίκησης για την προσωρινή στέγαση των πληγέντων τα κτίρια των οποίων υπέστησαν βλάβες από τις πλημμύρες, α) της 09/08/2020 σε περιοχές της Π.Ε. Ευβοίας της Π. Στ. Ελλάδας, β) των 17/09 έως 20/09/2020 σε περιοχές των Π.Ε., β1) Καρδίτσας, Λάρισας, Μαγνησίας και Τρικάλων της Π. Θεσσαλίας, β2) Κορινθίας της Π. Πελ/σου και β3) Φθιώτιδας της Π. Στ. Ελλάδας και γ) και τον ανεμοστρόβιλο των 17/09 έως 19/09/2020 σε περιοχές των Π.Ε. Κεφαλληνίας, Ζακύνθου, Ιθάκης και Λευκάδας της Π. Ιον. Νήσων","[""2020""]",2520000.00,2354262.50,2303480.25,Ενεργό,,2025-09-09,124,10,2024,[]
5203923,2020ΣΕ06900028,2023ΝΑ27100303,2024ΝΑ85300136,2020 σεισμός Πρέβεζας,"Δωρεάν κρατική αρωγή για την επισκευή ή ανακατασκευή κτιρίων, επιδότηση ενοικίου/ συγκατοίκησης, που υπέστησαν βλάβες από το σεισμό της 21/03/2020 σε περιοχές των Π.Ε. Πρεβέζης, Θεσπρωτίας και Ιωαννίνων της Π. Ηπείρου καθώς και δαπ. μετακ. μηχανικών","[""2020""]",5875120.00,5736228.41,5608733.89,Ενεργό,,2025-09-03,28,13,2024,[]
5203924,2020ΣΕ06900029,2023ΝΑ27100304,2024ΝΑ85300137,2020 χαλαζόπτωση Δ. Καστοριάς κα Νεστορίου,Δωρεάν κρατική αρωγή για την επισκευή ή ανακατασκευή κτιρίων που υπέστησαν βλάβες από τη χαλαζόπτωση της 15/08/2020 σε περιοχές των Δ. Καστοριάς και Νεστορίου της Π.Ε. Καστορίας της Π. Δυτ. Μακεδονίας καθώς και δαπ. μετακ. μηχανικών,"[""2020""]",975535.00,929963.68,922773.34,Ενεργό,,2025-09-03,96,16,2024,[]
5203925,2020ΣΕ06900030,2023ΝΑ27100305,2024ΝΑ85300138,2020 πλημμύρες Δ. Θέρμης,Δωρεάν κρατική αρωγή για την επισκευή ή ανακατασκευή κτιρίων που υπέστησαν βλάβες από τις πλημμύρες της 21/05/2020 σε περιοχές του Δ. Θέρμης της Π.Ε. Θεσ/κης της Π. Κεντρ. Μακεδονίας καθώς και δαπ. μετακ. μηχανικών,"[""2020""]",44870.00,44870.00,40636.76,Ενεργό,,2025-09-04,31,10,2024,[]
5203926,2020ΣΕ06900031,2023ΝΑ27100306,2024ΝΑ85300139,2020 πλημμύρες Σέρρες,Δωρεάν κρατική αρωγή για την επισκευή ή ανακατασκευή κτιρίων που υπέστησαν βλάβες από τις πλημμύρες της 21/06/2020 σε περιοχές του Δ. Σερρών της Π.Ε. Κεντρ. Μακεδονίας καθώς και δαπ. μετακ. μηχανικών,"[""2020""]",98850.00,67164.80,63243.85,Ενεργό,,2025-09-04,173,10,2024,[]
5203927,2020ΣΕ06900032,2023ΝΑ27100307,2024ΝΑ85300140,2020 ανεμοστρόβιλος Χανιά,Δωρεάν κρατική αρωγή για την επισκευή ή ανακατασκευή κτιρίων που υπέστησαν βλάβες από τον ανεμοστρόβιλο της 04/05/2020 σε περιοχές του Δ. Χανίων της Π.Ε. Χανίων της Π. Κρήτης καθώς και δαπ. μετακ. μηχανικών,"[""2020""]",34693.00,34693.00,34693.00,Ενεργό,,2025-09-04,125,3,2024,[]
5203928,2020ΣΕ06900033,2023ΝΑ27100308,2024ΝΑ85300141,2020 τσουνάμι Σάμος,"Δωρεάν κρατική αρωγή για την επισκευή ή ανακατασκευή κτιρίων που υπέστησαν βλάβες από την πλημμύρα, που εκδηλώθηκε ως συνεπακόλουθο του σεισμού, της 30/10/2020 σε περιοχή της Π.Ε. Σάμου της Π. Βορ. Αιγαίου καθώς και δαπ. μετακ. μηχανικών","[""2020""]",600570.00,598666.80,598666.80,Ενεργό,,2025-09-04,170,10,2024,[]
5203929,2020ΣΕ06900034,2023ΝΑ27100309,2024ΝΑ85300142,2018 κατολισθήσεις Δ. Ζαγοράς-Μουρεσίου,Δωρεάν κρατική αρωγή για την επισκευή ή ανακατασκευή κτιρίων που υπέστησαν βλάβες από τις κατολισθήσεις τον μήνα 02/2018 σε περιοχές του Δ. Ζαγοράς-Μουρεσίου της Π.Ε. Μαγνησίας της Π. Θεσσαλίας καθώς και δαπ. μετακ. μηχανικών,"[""2018""]",1454629.00,1403535.60,1323223.83,Ενεργό,,2025-09-04,172,8,2024,[]
5203932,2021ΣΕ06900000,2023ΝΑ27100312,2024ΝΑ85300143,2020 επιδότηση ενοικίου Σάμος,"Επιδότηση ενοικίου/ συγκατοίκησης για την προσωρινή στέγαση των πληγέντων τα κτίρια των οποίων υπέστησαν βλάβες από το σεισμό της 30/10/2020 σε περιοχές των Π.Ε. Σάμου, Ικαρίας και Χίου της Π. Βορ. Αιγαίου","[""2020""]",17520000.00,17107290.64,16956062.24,Ενεργό,,2025-09-04,19,13,2024,[]
5203933,2021ΣΕ06900001,2023ΝΑ27100313,2024ΝΑ85300144,2020 πυρκαγιές Αττικής και Κορινθίας,Δωρεάν κρατική αρωγή για την αποκατάσταση των ζημιών σε κτίρια που επλήγησαν από τις πυρκαγιές α) της 22/07/2020 σε περιοχές της Π.Ε. Κορινθίας της Π. Πελ/σου και β) της 09/09/2020 σε περιοχές Π.Ε. Ανατ. Αττικής της Π. Αττικής καθώς και δαπ. μετακ. μηχανικών,"[""2020""]",3554980.00,3482716.66,3424751.03,Ενεργό,,2025-09-04,107,12,2024,[]
5203934,2021ΣΕ06900002,2023ΝΑ27100314,2024ΝΑ85300145,2021 σεισμός Θεσσαλίας,"Δωρεάν κρατική αρωγή για την επισκευή ή ανακατασκευή κτηρίων που υπέστησαν βλάβες από το σεισμό της 03/03/2021 σε περιοχές των Π.Ε. Πιερίας, Γρεβενών, Κοζάνης, Καρδίτσας, Λάρισας, Τρικάλων και Φθιώτιδας καθώς και δαπ. μετακ. μηχανικών","[""2021""]",109521150.00,109251869.06,108401350.09,Ενεργό,,2025-09-04,114,13,2024,[]
5203935,2021ΣΕ06900003,2023ΝΑ27100315,2024ΝΑ85300146,2020 ανεμοστρόβιλος Βορ. Τομ. Αθηνών,Δωρεάν κρατική αρωγή για την αποκατάσταση των ζημιών σε κτίρια που επλήγησαν από τον ανεμοστρόβιλο της 13/10/2020 σε περιοχές των Π.Ε. Βορ.και Κεντρ. Τομ. Αθηνών της Π. Αττικής,"[""2020""]",534600.00,513765.32,505162.83,Ενεργό,,2025-09-04,113,3,2024,[]
5203936,2021ΣΕ06900004,2023ΝΑ27100316,2024ΝΑ85300147,2021 επιδότηση ενοικίου σεισμός Θεσσαλίας,Επιδότηση ενοικίου/ συγκατοίκησης για την προσωρινή στέγαση των πληγέντων τα κτίρια των οποίων υπέστησαν βλάβες από το σεισμό της 03/03/2021 σε περιοχές των Π.Ε. Λάρισας και Τρικάλων της π. Θεσσαλίας,"[""2021""]",40080000.00,39899761.50,39770613.60,Ενεργό,,2025-09-04,49,13,2024,[]
5203937,2021ΣΕ06900005,2023ΝΑ27100317,2024ΝΑ85300148,2019 χαλαζόπτωση Ροδόπη,"Δωρεάν κρατική αρωγή για την αποκατάσταση των ζημιών σε κτίρια που επλήγησαν από τη χαλαζόπτωση της 10/07/2019 σε περιοχές των Δ. Ιάσμου, Κομοτηνής και Μαρωνείας-Σαπών της Π.Ε. Ροδόπης της Π. Ανατ. Μακεδονίας-Θράκης καθώς και δαπ. μετακ. μηχανικών","[""2019""]",3108160.00,3102298.81,3100029.40,Ενεργό,,2025-09-04,34,16,2024,[]
5203938,2021ΣΕ06900006,2023ΝΑ27100318,2024ΝΑ85300149,2020 πλημύρες Δ. Δράμας,Δωρεάν κρατική αρωγή για την αποκατάσταση των ζημιών σε κτίρια που επλήγησαν από τις πλημμύρες της 17/07/2020 σε περιοχές τηου Δ. Δράμας της Π. Ανατ. Μακεδονίας-Θράκης καθώς και δαπ. μετακ. μηχανικών,"[""2020""]",213685.00,213685.00,213685.00,Ενεργό,,2025-09-04,146,10,2024,[]
5203939,2021ΣΕ06900007,2023ΝΑ27100319,2024ΝΑ85300150,2021 πλημμύρες Έβρος,"Δωρεάν κρατική αρωγή για την αποκατάσταση των ζημιών σε κτίρια που επλήγησαν από τις πλημμύρες των 11/01, 12/01 και 01/02/2021 σε περιοχές της Π.Ε. Έβρου της Π. Ανατ. Μακεδονίας-Θράκης καθώς και δαπ. μετακ. μηχανικών","[""2021""]",1088042.00,1045429.93,1034680.01,Ενεργό,,2025-09-04,161,10,2024,[]
5203940,2021ΣΕ06900008,2023ΝΑ27100320,2024ΝΑ85300151,2020 πλημμύρες Κρήτης,"Δωρεάν κρατική αρωγή για την αποκατάσταση των ζημιών σε κτίρια που επλήγησαν από τις πλημμύρες των 20/10 έως 22/10, 06/11 έως 08/11 και 10/11/2020 σε περιοχές των Π.Ε. Ηρακλείου, Λασιθίου, Ρεθύμνου και Χανίων της Π. Κρήτης καθώς και δαπ. μετακ. μηχανικών","[""2020""]",36905.80,3640540.87,3601597.44,Ενεργό,,2025-09-05,80,10,2024,[]
5222540,,,2024ΝΑ85300166,2022 πυρκαγιές Μάνδρας,Δωρεάν κρατική αρωγή για την αποκατάσταση των ζημιών σε κτίρια σε κτίρια που προκλήθηκαν από την πυρκαγιά της 05/07/2022 σε περιοχές του Δ. Μάνδρας-Ειδυλλίας της Π.Ε. Δυτ. Αττικής της Π. Αττικής καθώς και δαπ. μετακ. μηχανικών,"[""2022""]",,,8727.65,Ενεργό,,2025-09-05,12,12,2024,[]
5222542,,,2025ΝΑ85300001,2022 ανεμοστρόβιλος Παιονία,"Δωρεάν κρατική αρωγή για την αποκατάσταση των ζημιών σε κτίρια που προκλήθηκαν από τον ανεμοστρόβιλο, και την χαλαζόπτωση, της 23/06/2022 σε περιοχές του Δ. Παιονίας της Π.Ε. Κιλκίς της Π. Κεντρ. Μακεδονίας καθώς και δαπ. μετακ. μηχανικών","[""2022""]",,,320.05,Ενεργό,,2025-09-05,38,3,2025,[]
5222544,,,2025ΝΑ85300000,2019 κατολίσθισεις Χανιά,Δωρεάν κρατική αρωγή για την αποκατάσταση των ζημιών σε κτίρια που προκλήθηκαν από τις κατολισθήσεις του 02/2019 σε περιοχές α) της Δ.Κ. Ασκυφού του Δ. Σφακίων και β) του Δ. Κισσάμου της Π.Ε. Χανίων της Π. Κρήτης καθώς και δαπ. μετακ. μηχανικών,"[""2019""]",,,1253780.00,Ενεργό,,2025-09-04,148,8,2025,[]
5222545,,,2025ΝΑ85300002,2021 κατολίσθηση Δ.Κ. Μπαμπίνης,Δωρεάν κρατική αρωγή για την αποκατάσταση των ζημιών σε κτίρια που προκλήθηκαν από την κατολίσθιση/καθίζηση της 16/12/2021 σε περιοχή της Δ.Κ. Μπαμπίνης της Δ.Ε. Αστακού του Δ. Ξηρόμερου της Π.Ε. Αιτ/νίας της Π. Δυτ. Ελλάδας καθώς και δαπ. μετακ. μηχανικών,"[""2021""]",,,84913.00,Ενεργό,,2025-09-04,45,8,2025,[]
5222546,,,2025ΝΑ85300003,2022 πυρκαγιά Τανάγρας,Δωρεάν κρατική αρωγή για την αποκατάσταση των ζημιών σε κτίρια που προκλήθηκαν από την πυρκαγιά της 04/07/2022 σε περιοχή του Δ. Τανάγρας της Π.Ε. Βοιωτίας της Π. Στ. Ελλάδας καθώς και δαπ. μετακ. μηχανικών,"[""2022""]",,,172576.00,Ενεργό,,2025-09-04,104,12,2025,[]
5222549,,,2025ΝΑ85300004,2022 κατολίσθηση Ν. Βουτζάς,Δωρεάν κρατική αρωγή για την αποκατάσταση των ζημιών σε κτίρια που προκλήθηκαν από την κατολίσθηση τον 01/2022 στην περιοχή Νέος Βουτζάς του Δ. Ραφήνας-Πικερμίου της Π.Ε. Ανατ. Αττικής της Π. Αττικής καθώς και δαπ. μετακ. μηχανικών,"[""2022""]",,,99223.00,Ενεργό,,2025-09-04,105,8,2025,[]
5222550,,,2025ΝΑ85300008,2022 πυρκαγιά Δελφοί,Δωρεάν κρατική αρωγή για την αποκατάσταση των ζημιών σε κτίρια που προκλήθηκαν από την πυρκαγιά της 04/07/2022 σε περιοχή του Δ. Δελφών της Π.Ε. Φωκίδας της Π. Στ. Ελλάδας καθώς και δαπ. μετακ. μηχανικών,"[""2022""]",,,66120.00,Ενεργό,,2025-09-04,106,12,2025,[]
5222551,,,2025ΝΑ85300005,2022 πλημμύρες Ορεστιάδα,Δωρεάν κρατική αρωγή για την αποκατάσταση των ζημιών σε κτίρια που προκλήθηκαν από την πλημμύρα της 11/06/2022 σε περιοχές του Δ. Ορεστιάδας της Π.Ε. Έβρου της Π. Ανατ. Μακεδονίας-Θράκης καθώς και δαπ. μετακ. μηχανικών,"[""2022""]",,,127550.80,Ενεργό,,2025-09-12,182,10,2025,[]
5222552,,,2025ΝΑ85300006,2022 ανεμοστρόβιλος Ηλεία,Δωρεάν κρατική αρωγή για την αποκατάσταση των ζημιών σε κτίρια που προκλήθηκαν από τον ανεμοστρόβιλο της 20/11/2022 σε περιοχές της Π.Ε. Ηλείας της Π. Δυτ. Ελλάδας καθώς και δαπ. μετακ. μηχανικών,"[""2022""]",,,81687.00,Ενεργό,,2025-09-04,165,3,2025,[]
5222556,,,2025ΝΑ85300007,2021 πλημμύρες Σάμος,Δωρεάν κρατική αρωγή για την αποκατάσταση των ζημιών σε κτίρια που προκλήθηκαν από την πλημμύρα της 02/02/2021 σε περιοχές της Π.Ε. Σάμου της Π. Βορ. Αιγαίου καθώς και δαπ. μετακ. μηχανικών,"[""2021""]",,,127380.00,Ενεργό,,2025-09-04,91,10,2025,[]
5222785,,,2024ΝΑ85300178,2023 επιδότηση ενοικίου πλημμύρες Στ. Ελλάδας (Daniel),Επιδότηση ενοικίου/ συγκατοίκησης για την προσωρινή στέγαση των πληγέντων τα κτίρια των οποίων υπέστησαν βλάβες από τις πλημμύρες του 09/2023 σε περιοχές της Π.Ε. Φθιώτιδας της Π. Στ. Ελλάδας,"[""2023""]",,,816000.00,,,,126,,,
5222786,,,2024ΝΑ85300179,2023 επιδότηση ενοικίου πλημμύρες Αττικής (Daniel),Επιδότηση ενοικίου/ συγκατοίκησης για την προσωρινή στέγαση των πληγέντων τα κτίρια των οποίων υπέστησαν βλάβες από τις πλημμύρες του 09/2023 σε περιοχές της Π.Ε. Ανατ. Αττικής της Π. Αττικής,"[""2023""]",,,816000.00,,,,103,,,
5222787,,,2024ΝΑ85300167,2023 πυρκαγιές Αττικής,"Δωρεάν κρατική αρωγή για την αποκατάσταση των ζημιών σε κτίρια που προκλήθηκαν από τις πυρκαγιές στις 17/07, 18/07, 09/08 και 22/08/2023 σε περιοχές των Π.Ε. Ανατ. Αττικής και Δυτ. Αττικής της Π. Αττικής καθώς και δαπ. μετακ. μηχανικών","[""2023""]",,,7052773.56,,,,100,,,
5222789,,,2024ΝΑ85300180,2023 επιδότηση ενοικίου πυρκαγιές Ανατ. και Δυτ. Αττικής,"Επιδότηση ενοικίου/συγκατοίκησης για την προσωρινή στέγαση των πληγέντων τα κτίρια των οποίων υπέστησαν βλάβες από τις πυρκαγιές στις 17/07, 18/07 , 09/08 και 22/08/2023 σε περιοχές των Π.Ε. Ανατ. Αττικής και Δυτ. Αττικής της Π. Αττικής","[""2023""]",,,968471.58,,,,61,,,
5222792,,,2024ΝΑ85300168,2023 πλημμύρες Θεσσαλίας (Daniel),"Δωρεάν κρατική αρωγή για την αποκατάσταση των ζημιών σε κτίρια που προκλήθηκαν από τις πλημμύρες του 09/2023 σε περιοχές των Π.Ε. Μαγνησίας, Σποράδων, Καρδίτσας, Λάρισας και Τρικάλων της Π.Θεσσαλίας καθώς και δαπ. μετακ. μηχανικών","[""2023""]",,,92268909.00,,,,82,,,
5222793,,2023ΝΑ27100506,2024ΝΑ85300010,2023 επιδότηση ενοικίου πλημμύρες Θεσσαλίας (Daniel),"Επιδότηση ενοικίου/ συγκατοίκησης για την προσωρινή στέγαση των πληγέντων τα κτίρια των οποίων υπέστησαν βλάβες από τις πλημμύρες του 09/2023 σε περιοχές των Π.Ε. Μαγνησίας, Σποράδων, Καρδίτσας, Λάρισας και Τρικάλων της Π.Θεσσαλίας","[""2023""]",,14688000.00,14143200.00,,,,66,,,
5222794,,,2024ΝΑ85300169,2023 πλημμύρες Στ. Ελλάδας (Daniel),Δωρεάν κρατική αρωγή για την αποκατάσταση των ζημιών σε κτίρια που προκλήθηκαν από τις πλημμύρες του 09/2023 σε περιοχές της Π.Ε. Φθιώτιδας της Π. Στ. Ελλάδας καθώς και δαπ. μετακ. μηχανικών,"[""2023""]",,,5126050.50,,,,191,,,
5222795,,,2024ΝΑ85300170,2023 πλημμύρες Αττικής (Daniel),Δωρεάν κρατική αρωγή για την αποκατάσταση των ζημιών σε κτίρια που προκλήθηκαν από τις πλημμύρες του 09/2023 σε περιοχές της Π.Ε. Ανατ. Αττικής της Π. Αττικής καθώς και δαπ. μετακ. μηχανικών,"[""2023""]",,,5126050.50,,,,178,,,
5222798,,,2024ΝΑ85300181,2023 επιδότηση ενοικίκου πυρκαγιές Κορινθίας,Επιδότηση ενοικίου/συγκατοίκησης για την προσωρινή στέγαση των πληγέντων τα κτίρια των οποίων υπέστησαν βλάβες από τις πυρκαγιές των 17/07 και 18/07/2023 σε περιοχές της Π.Ε. Κορινθίας της Π. Πελ/σου,"[""2023""]",,,471971.27,,,,88,,,
5222799,,,2024ΝΑ85300171,2023 πυρκαγιές Κορινθίας,Δωρεάν κρατική αρωγή για την αποκατάσταση των ζημιών σε κτίρια που προκλήθηκαν από τις πυρκαγιές των 17/07 και 18/07/2023 σε περιοχές της Π.Ε. Κορινθίας της Π. Πελ/σου καθώς και δαπ. μετακ. μηχανικών,"[""2023""]",,,3301945.00,,,,171,,,
5222800,,,2024ΝΑ85300172,2023 πυρκαγιές Ρόδου,Δωρεάν κρατική αρωγή για την αποκατάσταση των ζημιών σε κτίρια που προκλήθηκαν από τις πυρκαγιές των 17/07 και 18/07/2023 σε περιοχές της Π.Ε. Ρόδου της Π. Νοτ. Αιγαίου καθώς και δαπ. μετακ. μηχανικών,"[""2023""]",,,787460.00,,,,86,,,
5222801,,,2024ΝΑ85300173,2023 πυρκαγιές Βοιωτίας και Φθιώτιδας,"Δωρεάν κρατική αρωγή για την αποκατάσταση των ζημιών σε κτίρια που προκλήθηκαν από τις πυρκαγιές των 17/07, 18/07, 26/07 και 21/08/2023 σε περιοχές των Π.Ε. Βοιωτίας και Φθιώτιδας της Π. Στ. Ελλάδας καθώς και δαπ. μετακ. μηχανικών","[""2023""]",,,316928.95,Ενεργό,,2025-09-03,194,12,2024,[]
5222802,,,2024ΝΑ85300174,2023 πυρκαγιές Κέρκυρας,Δωρεάν κρατική αρωγή για την αποκατάσταση των ζημιών σε κτίρια που προκλήθηκαν από τις πυρκαγιές της 23/07/2023 σε περιοχές της Π.Ε. Κερκύρας της Π. Ιον. Νήσων καθώς και δαπ. μετακ. μηχανικών,"[""2023""]",,,326170.00,,,,193,,,
5222803,,,2024ΝΑ85300175,2023 πυρκαγιές Αχαΐας,Δωρεάν κρατική αρωγή για την αποκατάσταση των ζημιών σε κτίρια που προκλήθηκαν από τις πυρκαγιές της 23/07/2023 σε περιοχές της Π.Ε. Αχαΐας της Π. Δυτ. Ελλάδας καθώς και δαπ. μετακ. μηχανικών,"[""2023""]",,,115030.00,,,,138,,,
5222804,,,2024ΝΑ85300176,2023 πυρκαγιές Μαγνησίας,Δωρεάν κρατική αρωγή για την αποκατάσταση των ζημιών σε κτίρια που προκλήθηκαν από τις πυρκαγιές της 26/07/2023 σε περιοχές της Π.Ε. Μαγνησίας της Π. Θεσσαλίας καθώς και δαπ. μετακ. μηχανικών,"[""2023""]",,,3843350.00,,,,70,,,
5222805,,,2024ΝΑ85300177,2023 πυρκαγιές Έβρου,"Δωρεάν κρατική αρωγή για την αποκατάσταση των ζημιών σε κτίρια που προκλήθηκαν από τις πυρκαγιές των 19/08 και 21/08/2023 σε περιοχές των Π.Ε. Έβρου, Ροδόπης και Καβάλας της Π. Ανατ. Μακεδονίας-Θράκης καθώς και δαπ. μετακ. μηχανικών","[""2023""]",,,5880190.49,,,,92,,,
5222806,,,2024ΝΑ85300182,2023 επιδότηση ενοικίου πυρκαγιές Ρόδου,Επιδότηση ενοικίου/συγκατοίκησης για την προσωρινή στέγαση των πληγέντων τα κτίρια των οποίων υπέστησαν βλάβες από τις πυρκαγιές των 17/07 και 18/07/2023 σε περιοχές της Π.Ε. Ρόδου της Π. Νοτ. Αιγαίου,"[""2023""]",,,109248.83,,,,89,,,
5222807,,,2024ΝΑ85300183,2023 επιδότηση ενοικίου πυρκαγιές Βοιωτίας και Φθιώτιδας,"Επιδότηση ενοικίου/συγκατοίκησης για την προσωρινή στέγαση των πληγέντων τα κτίρια των οποίων υπέστησαν βλάβες από τις πυρκαγιές των 17/07, 18/07, 26/07 και 21/08/2023 σε περιοχές των Π.Ε. Βοιωτίας και Φθιώτιδας της Π. Στ. Ελλάδας","[""2023""]",,,43969.36,,,,73,,,
5222808,,,2024ΝΑ85300184,2023 επιδότηση ενοικίου πυρκαγιές Κέρκυρας,Επιδότηση ενοικίου/συγκατοίκησης για την προσωρινή στέγαση των πληγέντων τα κτίρια των οποίων υπέστησαν βλάβες από τις πυρκαγιές της 23/07/2023 σε περιοχές της Π.Ε. Κερκύρας της Π. Ιον. Νήσων,"[""2023""]",,,45251.43,,,,11,,,
5222809,,,2024ΝΑ85300185,2023 επιδότηση ενοικίου πυρκαγιές Αχαΐας,Επιδότηση ενοικίου/συγκατοίκησης για την προσωρινή στέγαση των πληγέντων τα κτίρια των οποίων υπέστησαν βλάβες από τις πυρκαγιές της 23/07/2023 σε περιοχές της Π.Ε. Αχαΐας της Π. Δυτ. Ελλάδας,"[""2023""]",,,12085.20,,,,52,,,
5222810,,,2024ΝΑ85300186,2023 επιδότηση ενοικίου πυρκαγιές Μαγνησίας,Επιδότηση ενοικίου/συγκατοίκησης για την προσωρινή στέγαση των πληγέντων τα κτίρια των οποίων υπέστησαν βλάβες από τις πυρκαγιές της 26/07/2023 σε περιοχές της Π.Ε. Μαγνησίας της Π. Θεσσαλίας,"[""2023""]",,,533209.91,,,,99,,,
5222811,,,2024ΝΑ85300187,2023 επιδότηση ενοικίου πυρκαγιές Έβρου,"Επιδότηση ενοικίου/συγκατοίκησης για την προσωρινή στέγαση των πληγέντων τα κτίρια των οποίων υπέστησαν βλάβες από τις πυρκαγιές των 19/08 και 21/08/2023 σε περιοχές των Π.Ε. Έβρου, Ροδόπης και Καβάλας της Π. Ανατ. Μακεδονίας-Θράκης","[""2023""]",,,815792.43,,,,123,,,
5224425,,,2025ΝΑ85300009,2023 σεισμός Ηράκλειο,Δωρεάν κρατική αρωγή για την αποκατάσταση των ζημιών σε κτήρια από το σεισμό της 18/05/2023 σε περιοχές της Π.Ε. Ηρακλείου της Π. Κρήτης καθώς και δαπ. μετακ. μηχανικών,"[""2023""]",,,782650.00,,,,175,,,
5224465,,,2025ΝΑ85300010,2023 σεισμός Στ. Ελλάδα,Δωρεάν κρατική αρωγή για την αποκατάσταση των ζημιών σε κτίρια από το σεισμό της 08/06/2023 σε περιοχές των Π.Ε. Φθιώτιδας και Βοιωτίας της Π. Στ. Ελλάδας καθώς και δαπ. μετακ. μηχανικών,"[""2023""]",,,906604.00,,,,176,,,
5224470,,,2025ΝΑ85300014,2021 πλημμύρα Κατερίνη,Δωρεάν κρατική αρωγή για την αποκατάσταση των ζημιών σε κτίρια από τις πλημμύρες των 08/10 έως 11/10/2021 σε περιοχές του Δ. Κατερίνης της Π.Ε. Πιερίας της Π. Κεντρ. Μακεδονίας καθώς και δαπ. μετακ. μηχανικών,"[""2021""]",,,183193.00,,,,181,,,
5224476,,,2025ΝΑ85300011,2023 πλημμύρα Λακωνία,Δωρεάν κρατική αρωγή για την αποκατάσταση των ζημιών σε κτίρια από την πλημμύρα της 26/01/2023 σε περιοχές των Δ. Ανατ. Μάνης και Ευρώτα της Π.Ε. Λακωνίας της Π. Πελ/σου καθώς και δαπ. μετακ. μηχανικών,"[""2023""]",,,63936.00,,,,13,,,
5224487,,,2025ΝΑ85300013,2019 πλημμύρα Ναυπακτία,Δωρεάν κρατική αρωγή για την αποκατάσταση των ζημιών σε κτίρια από τη πλημμύρα της 14/07/2019 σε περιοχές του Δ.Ναυπακτίας της Π.Ε. Αιτ/νίας της Π. Δυτ. Ελλάδας καθώς και δαπ. μετακ. μηχανικών,"[""2019""]",,,99713.00,,,,179,,,
5224503,,,2025ΝΑ85300012,2022 πλημμύρα Αμφιλοχία,Δωρεάν κρατική αρωγή για την αποκατάσταση των ζημιών σε κτίρια από την πλημμύρα της 10/06/2022 σε περιοχές του Δ.Αμφιλοχίας της Π.Ε. Αιτ/νίας της Π. Δυτ. Ελλάδας καθώς και δαπ. μετακ. μηχανικών,"[""2022""]",,,24139.00,,,,35,,,
111111111,,,2222222222,dsadasda,dsadsa,[],,,1111111111.00,Ενεργό,2025-09-11,2025-09-11,287,10,,[]