id,na853,mis,proip,ethsia_pistosi,q1,q2,q3,q4,katanomes_etous,user_view,created_at,updated_at,last_quarter_check,sum,project_id
1336,2024ΝΑ85300062,5203810,0.00,22000.00,0.00,22000.00,0.00,0.00,0.00,0.00,2025-04-01 10:56:00.609+00,2025-07-04 10:30:12.898623+00,q2,"{""user_view"":0,""updated_at"":""2025-06-17T05:02:10.825Z"",""ethsia_pistosi"":10000,""current_quarter"":2,""katanomes_etous"":0,""available_budget"":0,""yearly_available"":10000,""quarter_available"":10000}",111
1337,2024ΝΑ85300063,5203811,0.00,423118.87,0.00,423118.87,0.00,0.00,400000.00,0.00,2025-04-01 10:56:01.02+00,2025-07-04 10:30:12.898623+00,q2,"{""user_view"":0,""updated_at"":""2025-06-17T05:02:11.385Z"",""ethsia_pistosi"":1200000,""current_quarter"":2,""katanomes_etous"":400000,""available_budget"":400000,""yearly_available"":1200000,""quarter_available"":400000}",43
1338,2024ΝΑ85300064,5203814,0.00,215498.68,0.00,215498.68,0.00,0.00,215000.00,0.00,2025-04-01 10:56:01.434+00,2025-07-04 10:30:12.898623+00,q2,"{""user_view"":0,""updated_at"":""2025-06-17T05:02:15.991Z"",""ethsia_pistosi"":230000,""current_quarter"":2,""katanomes_etous"":215000,""available_budget"":215000,""yearly_available"":230000,""quarter_available"":15000}",16
1339,2024ΝΑ85300065,5203815,0.00,14502.40,0.00,14502.40,0.00,0.00,10000.00,0.00,2025-04-01 10:56:01.849+00,2025-07-04 10:30:12.898623+00,q2,"{""user_view"":0,""updated_at"":""2025-06-17T05:02:16.551Z"",""ethsia_pistosi"":10000,""current_quarter"":2,""katanomes_etous"":10000,""available_budget"":10000,""yearly_available"":10000,""quarter_available"":0}",44
1340,2024ΝΑ85300066,5203816,0.00,11000.00,0.00,11000.00,0.00,0.00,0.00,0.00,2025-04-01 10:56:02.277+00,2025-07-04 10:30:12.898623+00,q2,"{""user_view"":0,""updated_at"":""2025-06-17T05:02:17.136Z"",""ethsia_pistosi"":0,""current_quarter"":2,""katanomes_etous"":0,""available_budget"":0,""yearly_available"":0,""quarter_available"":0}",64
1341,2024ΝΑ85300067,5203821,0.00,104936.31,0.00,104936.31,0.00,0.00,70000.00,0.00,2025-04-01 10:56:02.699+00,2025-07-04 10:30:12.898623+00,q2,"{""user_view"":0,""updated_at"":""2025-06-17T05:02:17.705Z"",""ethsia_pistosi"":70000,""current_quarter"":2,""katanomes_etous"":100000,""available_budget"":100000,""yearly_available"":70000,""quarter_available"":20000}",68
1342,2024ΝΑ85300068,5203822,0.00,11000.00,0.00,11000.00,0.00,0.00,10000.00,0.00,2025-04-01 10:56:03.11+00,2025-07-04 10:30:12.898623+00,q2,"{""user_view"":0,""updated_at"":""2025-06-17T05:02:18.275Z"",""ethsia_pistosi"":10000,""current_quarter"":2,""katanomes_etous"":10000,""available_budget"":10000,""yearly_available"":10000,""quarter_available"":0}",20
1343,2024ΝΑ85300031,5174090,0.00,44000.00,0.00,44000.00,0.00,0.00,0.00,0.00,2025-04-01 10:56:03.502+00,2025-07-04 10:15:48.61412+00,q2,"{""user_view"":0,""updated_at"":""2025-06-17T05:02:19.981Z"",""ethsia_pistosi"":0,""current_quarter"":2,""katanomes_etous"":0,""available_budget"":0,""yearly_available"":0,""quarter_available"":0}",180
1344,2024ΝΑ85300032,5201404,0.00,110000.00,0.00,110000.00,0.00,0.00,0.00,0.00,2025-04-01 10:56:03.913+00,2025-07-04 10:30:12.898623+00,q2,"{""user_view"":0,""updated_at"":""2025-06-17T05:02:20.570Z"",""ethsia_pistosi"":100000,""current_quarter"":2,""katanomes_etous"":0,""available_budget"":0,""yearly_available"":100000,""quarter_available"":30000}",140
1345,2024ΝΑ85300033,5188992,0.00,32577.06,0.00,32577.06,0.00,0.00,20000.00,0.00,2025-04-01 10:56:04.316+00,2025-07-04 10:25:17.353228+00,q2,"{""user_view"":0,""updated_at"":""2025-06-17T05:02:21.132Z"",""ethsia_pistosi"":40000,""current_quarter"":2,""katanomes_etous"":20000,""available_budget"":20000,""yearly_available"":40000,""quarter_available"":20000}",137
1346,2024ΝΑ85300034,5185579,0.00,110000.00,0.00,110000.00,0.00,0.00,10000.00,0.00,2025-04-01 10:56:04.709+00,2025-07-04 10:18:25.310932+00,q2,"{""user_view"":0,""updated_at"":""2025-06-17T05:02:21.696Z"",""ethsia_pistosi"":110000,""current_quarter"":2,""katanomes_etous"":10000,""available_budget"":10000,""yearly_available"":110000,""quarter_available"":0}",42
1347,2024ΝΑ85300035,5174689,0.00,49321.81,0.00,49321.81,0.00,0.00,10000.00,0.00,2025-04-01 10:56:05.119+00,2025-07-04 10:16:15.855974+00,q2,"{""user_view"":0,""updated_at"":""2025-06-17T05:02:22.276Z"",""ethsia_pistosi"":20000,""current_quarter"":2,""katanomes_etous"":10000,""available_budget"":10000,""yearly_available"":20000,""quarter_available"":10000}",185
1348,2024ΝΑ85300036,5174126,0.00,11000.00,0.00,11000.00,0.00,0.00,0.00,0.00,2025-04-01 10:56:05.536+00,2025-07-04 10:16:00.932289+00,q2,"{""user_view"":0,""updated_at"":""2025-06-17T05:02:22.844Z"",""ethsia_pistosi"":11000,""current_quarter"":2,""katanomes_etous"":0,""available_budget"":0,""yearly_available"":11000,""quarter_available"":0}",23
1349,2024ΝΑ85300037,5188987,0.00,11000.00,0.00,11000.00,0.00,0.00,5000.00,0.00,2025-04-01 10:56:05.945+00,2025-07-04 10:23:41.618091+00,q2,"{""user_view"":0,""updated_at"":""2025-06-17T05:02:23.620Z"",""ethsia_pistosi"":10000,""current_quarter"":2,""katanomes_etous"":5000,""available_budget"":5000,""yearly_available"":10000,""quarter_available"":5000}",57
1350,2024ΝΑ85300069,5203823,0.00,1553399.74,0.00,1553399.74,0.00,0.00,700000.00,0.00,2025-04-01 10:56:06.361+00,2025-07-04 10:30:12.898623+00,q2,"{""user_view"":0,""updated_at"":""2025-06-17T05:02:18.845Z"",""ethsia_pistosi"":1403399.74,""current_quarter"":2,""katanomes_etous"":700000,""available_budget"":700000,""yearly_available"":1403399.74,""quarter_available"":0}",63
1351,2024ΝΑ85300070,5203824,0.00,935000.00,0.00,935000.00,0.00,0.00,0.00,0.00,2025-04-01 10:56:06.776+00,2025-07-04 10:30:12.898623+00,q2,"{""user_view"":0,""updated_at"":""2025-06-17T05:02:19.411Z"",""ethsia_pistosi"":180000,""current_quarter"":2,""katanomes_etous"":0,""available_budget"":0,""yearly_available"":180000,""quarter_available"":100000}",33
1352,2024ΝΑ85300071,5203826,0.00,33000.00,0.00,33000.00,0.00,0.00,10000.00,0.00,2025-04-01 10:56:07.185+00,2025-07-04 10:30:12.898623+00,q2,"{""user_view"":0,""updated_at"":""2025-06-17T05:02:24.243Z"",""ethsia_pistosi"":40000,""current_quarter"":2,""katanomes_etous"":10000,""available_budget"":10000,""yearly_available"":40000,""quarter_available"":10000}",115
1353,2024ΝΑ85300072,5203828,0.00,130272.85,0.00,130272.85,0.00,0.00,100000.00,0.00,2025-04-01 10:56:07.602+00,2025-07-04 10:30:12.898623+00,q2,"{""user_view"":0,""updated_at"":""2025-06-17T05:02:24.838Z"",""ethsia_pistosi"":100000,""current_quarter"":2,""katanomes_etous"":100000,""available_budget"":100000,""yearly_available"":100000,""quarter_available"":0}",46
1354,2024ΝΑ85300073,5203829,0.00,44000.00,0.00,44000.00,0.00,0.00,30000.00,0.00,2025-04-01 10:56:08.005+00,2025-07-04 10:30:12.898623+00,q2,"{""user_view"":0,""updated_at"":""2025-06-17T05:02:25.430Z"",""ethsia_pistosi"":50000,""current_quarter"":2,""katanomes_etous"":44000,""available_budget"":44000,""yearly_available"":50000,""quarter_available"":10000}",186
1355,2024ΝΑ85300074,5203830,0.00,88000.00,0.00,88000.00,0.00,0.00,50000.00,0.00,2025-04-01 10:56:08.405+00,2025-07-04 10:30:12.898623+00,q2,"{""user_view"":0,""updated_at"":""2025-06-17T05:02:26.012Z"",""ethsia_pistosi"":100000,""current_quarter"":2,""katanomes_etous"":50000,""available_budget"":50000,""yearly_available"":100000,""quarter_available"":50000}",75
1356,2024ΝΑ85300075,5203831,0.00,33000.00,0.00,33000.00,0.00,0.00,20000.00,0.00,2025-04-01 10:56:08.81+00,2025-07-04 10:30:12.898623+00,q2,"{""user_view"":0,""updated_at"":""2025-06-17T05:02:26.579Z"",""ethsia_pistosi"":20000,""current_quarter"":2,""katanomes_etous"":20000,""available_budget"":20000,""yearly_available"":20000,""quarter_available"":0}",72
1357,2024ΝΑ85300038,5188991,0.00,22000.00,0.00,22000.00,0.00,0.00,0.00,0.00,2025-04-01 10:56:09.222+00,2025-07-04 10:24:11.806943+00,q2,"{""user_view"":0,""updated_at"":""2025-06-17T05:02:27.766Z"",""ethsia_pistosi"":22000,""current_quarter"":2,""katanomes_etous"":0,""available_budget"":0,""yearly_available"":22000,""quarter_available"":0}",141
1358,2024ΝΑ85300039,5185960,0.00,33000.00,0.00,33000.00,0.00,0.00,10000.00,0.00,2025-04-01 10:56:09.619+00,2025-07-04 10:23:01.664615+00,q2,"{""user_view"":0,""updated_at"":""2025-06-17T05:02:28.335Z"",""ethsia_pistosi"":10000,""current_quarter"":2,""katanomes_etous"":10000,""available_budget"":10000,""yearly_available"":10000,""quarter_available"":0}",32
1359,2024ΝΑ85300040,5174718,0.00,22000.00,0.00,22000.00,0.00,0.00,0.00,0.00,2025-04-01 10:56:10.026+00,2025-07-04 10:17:23.817871+00,q2,"{""user_view"":0,""updated_at"":""2025-06-17T05:02:28.926Z"",""ethsia_pistosi"":22000,""current_quarter"":2,""katanomes_etous"":0,""available_budget"":0,""yearly_available"":22000,""quarter_available"":0}",25
1360,2024ΝΑ85300041,5174706,0.00,11000.00,0.00,11000.00,0.00,0.00,0.00,0.00,2025-04-01 10:56:10.436+00,2025-07-04 10:16:51.499965+00,q2,"{""user_view"":0,""updated_at"":""2025-06-17T05:02:29.476Z"",""ethsia_pistosi"":11000,""current_quarter"":2,""katanomes_etous"":0,""available_budget"":0,""yearly_available"":11000,""quarter_available"":0}",15
1361,2024ΝΑ85300042,5200059,0.00,108200.00,0.00,108200.00,0.00,0.00,30000.00,0.00,2025-04-01 10:56:10.84+00,2025-07-04 10:26:55.757995+00,q2,"{""user_view"":0,""updated_at"":""2025-06-17T05:02:30.074Z"",""ethsia_pistosi"":40000,""current_quarter"":2,""katanomes_etous"":30000,""available_budget"":30000,""yearly_available"":40000,""quarter_available"":10000}",18
1362,2024ΝΑ85300043,5200058,0.00,110000.00,0.00,110000.00,0.00,0.00,30000.00,0.00,2025-04-01 10:56:11.246+00,2025-07-04 10:26:41.602747+00,q2,"{""user_view"":0,""updated_at"":""2025-06-17T05:02:30.651Z"",""ethsia_pistosi"":110000,""current_quarter"":2,""katanomes_etous"":30000,""available_budget"":30000,""yearly_available"":110000,""quarter_available"":0}",55
1363,2024ΝΑ85300044,5188986,0.00,83088.90,0.00,83088.90,0.00,0.00,15000.00,0.00,2025-04-01 10:56:11.659+00,2025-07-04 10:23:25.140302+00,q2,"{""user_view"":0,""updated_at"":""2025-06-17T05:02:31.229Z"",""ethsia_pistosi"":30000,""current_quarter"":2,""katanomes_etous"":15000,""available_budget"":15000,""yearly_available"":30000,""quarter_available"":15000}",131
1364,2024ΝΑ85300076,5203835,0.00,191189.17,0.00,191189.17,0.00,0.00,100000.00,0.00,2025-04-01 10:56:12.078+00,2025-07-04 10:30:12.898623+00,q2,"{""user_view"":0,""updated_at"":""2025-06-17T05:02:27.174Z"",""ethsia_pistosi"":350000,""current_quarter"":2,""katanomes_etous"":100000,""available_budget"":100000,""yearly_available"":350000,""quarter_available"":100000}",116
1365,2024ΝΑ85300077,5203836,0.00,117993.84,0.00,117993.84,0.00,0.00,50000.00,0.00,2025-04-01 10:56:12.485+00,2025-07-04 10:30:12.898623+00,q2,"{""user_view"":0,""updated_at"":""2025-06-17T05:02:31.800Z"",""ethsia_pistosi"":70000,""current_quarter"":2,""katanomes_etous"":50000,""available_budget"":50000,""yearly_available"":70000,""quarter_available"":10000}",117
1366,2024ΝΑ85300078,5203838,0.00,11000.00,0.00,11000.00,0.00,0.00,0.00,0.00,2025-04-01 10:56:12.894+00,2025-07-04 10:30:12.898623+00,q2,"{""user_view"":0,""updated_at"":""2025-06-17T05:02:32.366Z"",""ethsia_pistosi"":5000,""current_quarter"":2,""katanomes_etous"":0,""available_budget"":0,""yearly_available"":5000,""quarter_available"":5000}",143
1367,2024ΝΑ85300079,5203839,0.00,19456.00,0.00,19456.00,0.00,0.00,0.00,0.00,2025-04-01 10:56:13.297+00,2025-07-04 10:30:12.898623+00,q2,"{""user_view"":0,""updated_at"":""2025-06-17T05:02:32.949Z"",""ethsia_pistosi"":19456,""current_quarter"":2,""katanomes_etous"":0,""available_budget"":0,""yearly_available"":19456,""quarter_available"":0}",76
1368,2024ΝΑ85300080,5203842,0.00,11000.00,0.00,11000.00,0.00,0.00,0.00,0.00,2025-04-01 10:56:13.698+00,2025-07-04 10:30:12.898623+00,q2,"{""user_view"":0,""updated_at"":""2025-06-17T05:02:33.524Z"",""ethsia_pistosi"":11000,""current_quarter"":2,""katanomes_etous"":0,""available_budget"":0,""yearly_available"":11000,""quarter_available"":0}",118
1369,2024ΝΑ85300081,5203843,0.00,9511.74,0.00,9511.74,0.00,0.00,9000.00,0.00,2025-04-01 10:56:14.111+00,2025-07-04 10:30:12.898623+00,q2,"{""user_view"":0,""updated_at"":""2025-06-17T05:02:34.098Z"",""ethsia_pistosi"":30000,""current_quarter"":2,""katanomes_etous"":9000,""available_budget"":9000,""yearly_available"":30000,""quarter_available"":10000}",77
1370,2024ΝΑ85300082,5203845,0.00,11000.00,0.00,11000.00,0.00,0.00,10000.00,0.00,2025-04-01 10:56:14.54+00,2025-07-04 10:30:12.898623+00,q2,"{""user_view"":0,""updated_at"":""2025-06-17T05:02:34.687Z"",""ethsia_pistosi"":10000,""current_quarter"":2,""katanomes_etous"":10000,""available_budget"":10000,""yearly_available"":10000,""quarter_available"":0}",119
1371,2024ΝΑ85300045,5168550,0.00,11000.00,0.00,11000.00,0.00,0.00,0.00,0.00,2025-04-01 10:56:14.96+00,2025-07-04 10:13:53.602296+00,q2,"{""user_view"":0,""updated_at"":""2025-06-17T05:02:35.814Z"",""ethsia_pistosi"":11000,""current_quarter"":2,""katanomes_etous"":0,""available_budget"":0,""yearly_available"":11000,""quarter_available"":0}",1
1372,2024ΝΑ85300046,5185646,0.00,11000.00,0.00,11000.00,0.00,0.00,0.00,0.00,2025-04-01 10:56:15.365+00,2025-07-04 10:22:24.034248+00,q2,"{""user_view"":0,""updated_at"":""2025-06-17T05:02:36.393Z"",""ethsia_pistosi"":10000,""current_quarter"":2,""katanomes_etous"":0,""available_budget"":0,""yearly_available"":10000,""quarter_available"":10000}",30
1373,2024ΝΑ85300047,5174723,0.00,30922.30,0.00,30922.30,0.00,0.00,10000.00,0.00,2025-04-01 10:56:15.773+00,2025-07-04 10:17:45.727272+00,q2,"{""user_view"":0,""updated_at"":""2025-06-17T05:02:36.981Z"",""ethsia_pistosi"":10000,""current_quarter"":2,""katanomes_etous"":10000,""available_budget"":10000,""yearly_available"":10000,""quarter_available"":0}",130
1374,2024ΝΑ85300048,5174722,0.00,17000.54,0.00,17000.54,0.00,0.00,15000.00,0.00,2025-04-01 10:56:16.234+00,2025-07-04 10:17:39.505635+00,q2,"{""user_view"":0,""updated_at"":""2025-06-17T05:02:37.703Z"",""ethsia_pistosi"":50000,""current_quarter"":2,""katanomes_etous"":15000,""available_budget"":15000,""yearly_available"":50000,""quarter_available"":35000}",128
1375,2024ΝΑ85300049,5185847,0.00,55000.00,0.00,55000.00,0.00,0.00,0.00,0.00,2025-04-01 10:56:16.643+00,2025-07-04 10:22:42.633363+00,q2,"{""user_view"":0,""updated_at"":""2025-06-17T05:02:38.267Z"",""ethsia_pistosi"":50000,""current_quarter"":2,""katanomes_etous"":0,""available_budget"":0,""yearly_available"":50000,""quarter_available"":20000}",134
1376,2024ΝΑ85300050,5185551,0.00,21846.03,0.00,21846.03,0.00,0.00,20000.00,0.00,2025-04-01 10:56:17.052+00,2025-07-04 10:18:16.662302+00,q2,"{""user_view"":0,""updated_at"":""2025-06-17T05:02:38.850Z"",""ethsia_pistosi"":20000,""current_quarter"":2,""katanomes_etous"":20000,""available_budget"":20000,""yearly_available"":20000,""quarter_available"":0}",54
1377,2024ΝΑ85300051,5174695,0.00,110000.00,0.00,110000.00,0.00,0.00,50000.00,0.00,2025-04-01 10:56:17.449+00,2025-07-04 10:16:46.256579+00,q2,"{""user_view"":0,""updated_at"":""2025-06-17T05:02:39.439Z"",""ethsia_pistosi"":50000,""current_quarter"":2,""katanomes_etous"":50000,""available_budget"":50000,""yearly_available"":50000,""quarter_available"":0}",184
1378,2024ΝΑ85300083,5203847,0.00,11000.00,0.00,11000.00,0.00,0.00,0.00,0.00,2025-04-01 10:56:17.869+00,2025-07-04 10:30:12.898623+00,q2,"{""user_view"":0,""updated_at"":""2025-06-17T05:02:35.236Z"",""ethsia_pistosi"":50000,""current_quarter"":2,""katanomes_etous"":0,""available_budget"":0,""yearly_available"":50000,""quarter_available"":50000}",145
1379,2024ΝΑ85300084,5203848,0.00,1254353.53,0.00,1254353.53,0.00,0.00,1250000.00,35772.80,2025-04-01 10:56:18.271+00,2025-07-04 10:30:12.898623+00,q2,"{""user_view"":35772.8,""updated_at"":""2025-06-17T05:00:34.554Z"",""ethsia_pistosi"":4000000,""current_quarter"":2,""katanomes_etous"":1250000,""available_budget"":1214227.2,""yearly_available"":3964227.2,""quarter_available"":964227.2}",142
1380,2024ΝΑ85300085,5203849,0.00,4786.93,0.00,4786.93,0.00,0.00,0.00,0.00,2025-04-01 10:56:18.703+00,2025-07-04 10:30:12.898623+00,q2,"{""user_view"":0,""updated_at"":""2025-06-17T05:00:36.088Z"",""ethsia_pistosi"":20000,""current_quarter"":2,""katanomes_etous"":0,""available_budget"":0,""yearly_available"":20000,""quarter_available"":20000}",144
1381,2024ΝΑ85300086,5203850,0.00,63136.00,0.00,63136.00,0.00,0.00,50000.00,0.00,2025-04-01 10:56:19.125+00,2025-07-04 10:30:12.898623+00,q2,"{""user_view"":0,""updated_at"":""2025-06-17T05:00:37.098Z"",""ethsia_pistosi"":50000,""current_quarter"":2,""katanomes_etous"":50000,""available_budget"":50000,""yearly_available"":50000,""quarter_available"":0}",10
1382,2024ΝΑ85300087,5203851,0.00,47763.39,0.00,47763.39,0.00,0.00,20000.00,0.00,2025-04-01 10:56:19.525+00,2025-07-04 10:30:12.898623+00,q2,"{""user_view"":0,""updated_at"":""2025-06-17T05:00:38.324Z"",""ethsia_pistosi"":30000,""current_quarter"":2,""katanomes_etous"":20000,""available_budget"":20000,""yearly_available"":30000,""quarter_available"":10000}",149
1383,2024ΝΑ85300088,5203852,0.00,11000.00,0.00,11000.00,0.00,0.00,0.00,0.00,2025-04-01 10:56:19.932+00,2025-07-04 10:30:12.898623+00,q2,"{""user_view"":0,""updated_at"":""2025-06-17T05:00:39.808Z"",""ethsia_pistosi"":30000,""current_quarter"":2,""katanomes_etous"":0,""available_budget"":0,""yearly_available"":30000,""quarter_available"":30000}",121
1384,2024ΝΑ85300052,5174694,0.00,497523.28,0.00,497523.28,0.00,0.00,80000.00,2.00,2025-04-01 10:56:20.345+00,2025-07-04 10:16:41.980921+00,q2,"{""user_view"":2,""updated_at"":""2025-06-17T05:00:41.669Z"",""ethsia_pistosi"":200000,""current_quarter"":2,""katanomes_etous"":80000,""available_budget"":79998,""yearly_available"":199998,""quarter_available"":29998}",7
1385,2024ΝΑ85300053,5168551,0.00,280809.03,0.00,280809.03,0.00,0.00,80000.00,0.00,2025-04-01 10:56:20.747+00,2025-07-04 10:15:20.082055+00,q2,"{""user_view"":0,""updated_at"":""2025-06-17T05:00:42.736Z"",""ethsia_pistosi"":300000,""current_quarter"":2,""katanomes_etous"":80000,""available_budget"":80000,""yearly_available"":300000,""quarter_available"":80000}",90
1386,2025ΝΑ85300001,5222542,0.00,3200.50,0.00,3200.50,0.00,0.00,3000.00,0.00,2025-04-01 10:56:21.168+00,2025-07-04 10:30:12.898623+00,q2,"{""user_view"":0,""updated_at"":""2025-06-17T05:00:43.752Z"",""ethsia_pistosi"":5000,""current_quarter"":2,""katanomes_etous"":3000,""available_budget"":3000,""yearly_available"":5000,""quarter_available"":2000}",38
1387,2025ΝΑ85300002,5222545,0.00,8491.30,0.00,8491.30,0.00,0.00,0.00,0.00,2025-04-01 10:56:21.565+00,2025-07-04 10:30:12.898623+00,q2,"{""user_view"":0,""updated_at"":""2025-06-17T05:00:44.762Z"",""ethsia_pistosi"":10000,""current_quarter"":2,""katanomes_etous"":0,""available_budget"":0,""yearly_available"":10000,""quarter_available"":10000}",45
1388,2025ΝΑ85300003,5222546,0.00,17257.60,0.00,17257.60,0.00,0.00,15000.00,0.00,2025-04-01 10:56:21.971+00,2025-07-04 10:30:12.898623+00,q2,"{""user_view"":0,""updated_at"":""2025-06-17T05:00:45.770Z"",""ethsia_pistosi"":15000,""current_quarter"":2,""katanomes_etous"":15000,""available_budget"":15000,""yearly_available"":15000,""quarter_available"":0}",104
1389,2025ΝΑ85300004,5222549,0.00,9922.30,0.00,9922.30,0.00,0.00,0.00,0.00,2025-04-01 10:56:22.374+00,2025-07-04 10:30:12.898623+00,q2,"{""user_view"":0,""updated_at"":""2025-06-17T05:00:46.606Z"",""ethsia_pistosi"":10000,""current_quarter"":2,""katanomes_etous"":0,""available_budget"":0,""yearly_available"":10000,""quarter_available"":10000}",105
1390,2025ΝΑ85300005,5222551,0.00,12755.08,0.00,12755.08,0.00,0.00,12000.00,0.00,2025-04-01 10:56:22.791+00,2025-07-04 10:30:12.898623+00,q2,"{""user_view"":0,""updated_at"":""2025-06-17T05:00:47.869Z"",""ethsia_pistosi"":12000,""current_quarter"":2,""katanomes_etous"":12000,""available_budget"":12000,""yearly_available"":12000,""quarter_available"":0}",182
1391,2024ΝΑ85300089,5203854,0.00,0.00,0.00,0.00,0.00,0.00,0.00,0.00,2025-04-01 10:56:23.21+00,2025-07-04 10:30:12.898623+00,q2,"{""user_view"":0,""updated_at"":""2025-06-17T05:00:40.875Z"",""ethsia_pistosi"":0,""current_quarter"":2,""katanomes_etous"":0,""available_budget"":0,""yearly_available"":0,""quarter_available"":0}",60
1392,2024ΝΑ85300090,5203855,0.00,218906.13,0.00,218906.13,0.00,0.00,200000.00,0.00,2025-04-01 10:56:23.63+00,2025-07-04 10:30:12.898623+00,q2,"{""user_view"":0,""updated_at"":""2025-06-17T05:00:48.674Z"",""ethsia_pistosi"":200000,""current_quarter"":2,""katanomes_etous"":200000,""available_budget"":200000,""yearly_available"":200000,""quarter_available"":100000}",79
1393,2024ΝΑ85300091,5203856,0.00,71981.89,0.00,71981.89,0.00,0.00,50000.00,0.00,2025-04-01 10:56:24.037+00,2025-07-04 10:30:12.898623+00,q2,"{""user_view"":0,""updated_at"":""2025-06-17T05:00:49.709Z"",""ethsia_pistosi"":100000,""current_quarter"":2,""katanomes_etous"":50000,""available_budget"":50000,""yearly_available"":100000,""quarter_available"":25000}",101
1394,2024ΝΑ85300092,5203858,0.00,11000.00,0.00,11000.00,0.00,0.00,6000.00,0.00,2025-04-01 10:56:24.446+00,2025-07-04 10:30:12.898623+00,q2,"{""user_view"":0,""updated_at"":""2025-06-17T05:00:50.506Z"",""ethsia_pistosi"":6000,""current_quarter"":2,""katanomes_etous"":6000,""available_budget"":6000,""yearly_available"":6000,""quarter_available"":0}",65
1395,2024ΝΑ85300093,5203859,0.00,11000.00,0.00,11000.00,0.00,0.00,0.00,0.00,2025-04-01 10:56:24.857+00,2025-07-04 10:30:12.898623+00,q2,"{""user_view"":0,""updated_at"":""2025-06-17T05:00:51.077Z"",""ethsia_pistosi"":11000,""current_quarter"":2,""katanomes_etous"":0,""available_budget"":0,""yearly_available"":11000,""quarter_available"":0}",69
1396,2024ΝΑ85300094,5203860,0.00,11000.00,0.00,11000.00,0.00,0.00,0.00,0.00,2025-04-01 10:56:25.26+00,2025-07-04 10:30:12.898623+00,q2,"{""user_view"":0,""updated_at"":""2025-06-17T05:00:51.926Z"",""ethsia_pistosi"":11000,""current_quarter"":2,""katanomes_etous"":0,""available_budget"":0,""yearly_available"":11000,""quarter_available"":0}",150
1397,2024ΝΑ85300095,5203861,0.00,5265.81,0.00,5265.81,0.00,0.00,5000.00,0.00,2025-04-01 10:56:25.67+00,2025-07-04 10:30:12.898623+00,q2,"{""user_view"":0,""updated_at"":""2025-06-17T05:00:52.510Z"",""ethsia_pistosi"":10000,""current_quarter"":2,""katanomes_etous"":5000,""available_budget"":5000,""yearly_available"":10000,""quarter_available"":5000}",81
1398,2025ΝΑ85300006,5222552,0.00,8168.70,0.00,8168.70,0.00,0.00,8000.00,0.00,2025-04-01 10:56:26.069+00,2025-07-04 10:30:12.898623+00,q2,"{""user_view"":0,""updated_at"":""2025-06-17T05:00:53.895Z"",""ethsia_pistosi"":10000,""current_quarter"":2,""katanomes_etous"":8000,""available_budget"":8000,""yearly_available"":10000,""quarter_available"":2000}",165
1399,2025ΝΑ85300007,5222556,0.00,12738.00,0.00,12738.00,0.00,0.00,10000.00,0.00,2025-04-01 10:56:26.488+00,2025-07-04 10:30:12.898623+00,q2,"{""user_view"":0,""updated_at"":""2025-06-17T05:00:54.454Z"",""ethsia_pistosi"":10000,""current_quarter"":2,""katanomes_etous"":10000,""available_budget"":10000,""yearly_available"":10000,""quarter_available"":0}",91
1400,2025ΝΑ85300008,5222550,0.00,6612.00,0.00,6612.00,0.00,0.00,6000.00,0.00,2025-04-01 10:56:26.9+00,2025-07-04 10:30:12.898623+00,q2,"{""user_view"":0,""updated_at"":""2025-06-17T05:00:55.238Z"",""ethsia_pistosi"":6000,""current_quarter"":2,""katanomes_etous"":6000,""available_budget"":6000,""yearly_available"":6000,""quarter_available"":0}",106
1401,2025ΝΑ85300009,5224425,0.00,78265.00,0.00,78265.00,0.00,0.00,0.00,0.00,2025-04-01 10:56:27.308+00,2025-07-04 10:30:12.898623+00,q2,"{""user_view"":0,""updated_at"":""2025-06-17T05:00:56.030Z"",""ethsia_pistosi"":50000,""current_quarter"":2,""katanomes_etous"":0,""available_budget"":0,""yearly_available"":50000,""quarter_available"":20000}",175
1402,2025ΝΑ85300010,5224465,0.00,90660.00,0.00,90660.00,0.00,0.00,0.00,0.00,2025-04-01 10:56:27.721+00,2025-07-04 10:30:12.898623+00,q2,"{""user_view"":0,""updated_at"":""2025-06-17T05:00:56.807Z"",""ethsia_pistosi"":50000,""current_quarter"":2,""katanomes_etous"":0,""available_budget"":0,""yearly_available"":50000,""quarter_available"":20000}",176
1403,2025ΝΑ85300011,5224476,0.00,20000.00,0.00,20000.00,0.00,0.00,10000.00,0.00,2025-04-01 10:56:28.149+00,2025-07-04 10:30:12.898623+00,q2,"{""user_view"":0,""updated_at"":""2025-06-17T05:00:57.604Z"",""ethsia_pistosi"":20000,""current_quarter"":2,""katanomes_etous"":10000,""available_budget"":10000,""yearly_available"":20000,""quarter_available"":20000}",13
1404,2025ΝΑ85300012,5224503,0.00,10000.00,0.00,10000.00,0.00,0.00,10000.00,0.00,2025-04-01 10:56:28.57+00,2025-07-04 10:30:12.898623+00,q2,"{""user_view"":0,""updated_at"":""2025-06-17T05:00:58.178Z"",""ethsia_pistosi"":10000,""current_quarter"":2,""katanomes_etous"":10000,""available_budget"":10000,""yearly_available"":10000,""quarter_available"":10000}",35
1405,2024ΝΑ85300096,5203863,0.00,11000.00,0.00,11000.00,0.00,0.00,0.00,0.00,2025-04-01 10:56:28.977+00,2025-07-04 10:30:12.898623+00,q2,"{""user_view"":0,""updated_at"":""2025-06-17T05:00:53.090Z"",""ethsia_pistosi"":11000,""current_quarter"":2,""katanomes_etous"":0,""available_budget"":0,""yearly_available"":11000,""quarter_available"":0}",85
1406,2024ΝΑ85300097,5203864,0.00,33000.00,0.00,33000.00,0.00,0.00,0.00,0.00,2025-04-01 10:56:29.389+00,2025-07-04 10:30:12.898623+00,q2,"{""user_view"":0,""updated_at"":""2025-06-17T05:00:58.741Z"",""ethsia_pistosi"":33000,""current_quarter"":2,""katanomes_etous"":0,""available_budget"":0,""yearly_available"":33000,""quarter_available"":0}",50
1407,2024ΝΑ85300098,5203865,0.00,11000.00,0.00,11000.00,0.00,0.00,0.00,0.00,2025-04-01 10:56:29.793+00,2025-07-04 10:30:12.898623+00,q2,"{""user_view"":0,""updated_at"":""2025-06-17T05:00:59.306Z"",""ethsia_pistosi"":5000,""current_quarter"":2,""katanomes_etous"":0,""available_budget"":0,""yearly_available"":5000,""quarter_available"":5000}",122
1408,2024ΝΑ85300099,5203866,0.00,109680.29,0.00,109680.29,0.00,0.00,100000.00,0.00,2025-04-01 10:56:30.196+00,2025-07-04 10:30:12.898623+00,q2,"{""user_view"":0,""updated_at"":""2025-06-17T05:00:59.906Z"",""ethsia_pistosi"":100000,""current_quarter"":2,""katanomes_etous"":100000,""available_budget"":100000,""yearly_available"":100000,""quarter_available"":0}",51
1409,2024ΝΑ85300100,5203867,0.00,105168.32,0.00,105168.32,0.00,0.00,30000.00,0.00,2025-04-01 10:56:30.601+00,2025-07-04 10:30:12.898623+00,q2,"{""user_view"":0,""updated_at"":""2025-06-17T05:01:00.500Z"",""ethsia_pistosi"":30000,""current_quarter"":2,""katanomes_etous"":30000,""available_budget"":30000,""yearly_available"":30000,""quarter_available"":0}",78
1410,2024ΝΑ85300101,5203868,0.00,11000.00,0.00,11000.00,0.00,0.00,0.00,0.00,2025-04-01 10:56:31.007+00,2025-07-04 10:30:12.898623+00,q2,"{""user_view"":0,""updated_at"":""2025-06-17T05:01:01.071Z"",""ethsia_pistosi"":5000,""current_quarter"":2,""katanomes_etous"":0,""available_budget"":0,""yearly_available"":5000,""quarter_available"":5000}",151
1411,2024ΝΑ85300102,5203869,0.00,7290397.14,0.00,7290397.14,0.00,0.00,2000000.00,0.00,2025-04-01 10:56:31.416+00,2025-07-04 10:30:12.898623+00,q2,"{""user_view"":0,""updated_at"":""2025-06-17T05:01:01.650Z"",""ethsia_pistosi"":3290397.14,""current_quarter"":2,""katanomes_etous"":2000000,""available_budget"":2000000,""yearly_available"":3290397.14,""quarter_available"":0}",53
1412,2025ΝΑ85300013,5224487,0.00,35000.00,0.00,35000.00,0.00,0.00,35000.00,0.00,2025-04-01 10:56:31.821+00,2025-07-04 10:30:12.898623+00,q2,"{""user_view"":0,""updated_at"":""2025-06-17T05:01:02.813Z"",""ethsia_pistosi"":35000,""current_quarter"":2,""katanomes_etous"":35000,""available_budget"":35000,""yearly_available"":35000,""quarter_available"":0}",179
1413,2025ΝΑ85300014,5224470,0.00,25000.00,0.00,25000.00,0.00,0.00,10000.00,0.00,2025-04-01 10:56:32.225+00,2025-07-04 10:30:12.898623+00,q2,"{""user_view"":0,""updated_at"":""2025-06-17T05:01:03.381Z"",""ethsia_pistosi"":25000,""current_quarter"":2,""katanomes_etous"":10000,""available_budget"":10000,""yearly_available"":25000,""quarter_available"":25000}",181
1414,2024ΝΑ85300103,5203871,0.00,11000.00,0.00,11000.00,0.00,0.00,0.00,0.00,2025-04-01 10:56:32.632+00,2025-07-04 10:30:12.898623+00,q2,"{""user_view"":0,""updated_at"":""2025-06-17T05:01:02.259Z"",""ethsia_pistosi"":11000,""current_quarter"":2,""katanomes_etous"":0,""available_budget"":0,""yearly_available"":11000,""quarter_available"":0}",187
1415,2024ΝΑ85300104,5203874,0.00,22000.00,0.00,22000.00,0.00,0.00,10000.00,0.00,2025-04-01 10:56:33.066+00,2025-07-04 10:30:12.898623+00,q2,"{""user_view"":0,""updated_at"":""2025-06-17T05:01:03.982Z"",""ethsia_pistosi"":10000,""current_quarter"":2,""katanomes_etous"":10000,""available_budget"":10000,""yearly_available"":10000,""quarter_available"":0}",152
1416,2024ΝΑ85300105,5203876,0.00,33000.00,0.00,33000.00,0.00,0.00,0.00,0.00,2025-04-01 10:56:33.467+00,2025-07-04 10:30:12.898623+00,q2,"{""user_view"":0,""updated_at"":""2025-06-17T05:01:04.546Z"",""ethsia_pistosi"":0,""current_quarter"":2,""katanomes_etous"":0,""available_budget"":0,""yearly_available"":0,""quarter_available"":0}",14
1417,2024ΝΑ85300106,5203877,0.00,104698.70,0.00,104698.70,0.00,0.00,20000.00,0.00,2025-04-01 10:56:33.878+00,2025-07-04 10:30:12.898623+00,q2,"{""user_view"":0,""updated_at"":""2025-06-17T05:01:05.112Z"",""ethsia_pistosi"":50000,""current_quarter"":2,""katanomes_etous"":20000,""available_budget"":20000,""yearly_available"":50000,""quarter_available"":10000}",192
1418,2024ΝΑ85300107,5203878,0.00,55528.53,0.00,55528.53,0.00,0.00,50000.00,0.00,2025-04-01 10:56:34.278+00,2025-07-04 10:30:12.898623+00,q2,"{""user_view"":0,""updated_at"":""2025-06-17T05:01:05.711Z"",""ethsia_pistosi"":70000,""current_quarter"":2,""katanomes_etous"":50000,""available_budget"":50000,""yearly_available"":70000,""quarter_available"":20000}",190
1419,2024ΝΑ85300108,5203879,0.00,22000.00,0.00,22000.00,0.00,0.00,0.00,0.00,2025-04-01 10:56:34.751+00,2025-07-04 10:30:12.898623+00,q2,"{""user_view"":0,""updated_at"":""2025-06-17T05:01:06.295Z"",""ethsia_pistosi"":22000,""current_quarter"":2,""katanomes_etous"":0,""available_budget"":0,""yearly_available"":22000,""quarter_available"":0}",48
1420,2024ΝΑ85300109,5203880,0.00,22000.00,0.00,22000.00,0.00,0.00,0.00,0.00,2025-04-01 11:53:51.063+00,2025-07-04 10:30:12.898623+00,q2,"{""user_view"":0,""updated_at"":""2025-06-17T05:01:07.092Z"",""ethsia_pistosi"":22000,""current_quarter"":2,""katanomes_etous"":0,""available_budget"":0,""yearly_available"":22000,""quarter_available"":0}",153
1421,2024ΝΑ85300110,5203883,0.00,33000.00,0.00,33000.00,0.00,0.00,0.00,0.00,2025-04-01 11:53:51.488+00,2025-07-04 10:30:12.898623+00,q2,"{""user_view"":0,""updated_at"":""2025-06-17T05:01:07.895Z"",""ethsia_pistosi"":0,""current_quarter"":2,""katanomes_etous"":0,""available_budget"":0,""yearly_available"":0,""quarter_available"":0}",17
1422,2024ΝΑ85300111,5203888,0.00,289763.51,0.00,289763.51,0.00,0.00,100000.00,0.00,2025-04-01 11:53:51.899+00,2025-07-04 10:30:12.898623+00,q2,"{""user_view"":0,""updated_at"":""2025-06-17T05:01:08.461Z"",""ethsia_pistosi"":200000,""current_quarter"":2,""katanomes_etous"":100000,""available_budget"":100000,""yearly_available"":200000,""quarter_available"":50000}",189
1423,2024ΝΑ85300112,5203891,0.00,11000.00,0.00,11000.00,0.00,0.00,0.00,0.00,2025-04-01 11:53:52.328+00,2025-07-04 10:30:12.898623+00,q2,"{""user_view"":0,""updated_at"":""2025-06-17T05:01:09.043Z"",""ethsia_pistosi"":11000,""current_quarter"":2,""katanomes_etous"":0,""available_budget"":0,""yearly_available"":11000,""quarter_available"":0}",159
1424,2024ΝΑ85300113,5203894,0.00,186587.87,0.00,186587.87,0.00,0.00,150000.00,0.00,2025-04-01 11:53:52.752+00,2025-07-04 10:30:12.898623+00,q2,"{""user_view"":0,""updated_at"":""2025-06-17T05:01:09.629Z"",""ethsia_pistosi"":230000,""current_quarter"":2,""katanomes_etous"":150000,""available_budget"":150000,""yearly_available"":230000,""quarter_available"":40000}",156
1425,2024ΝΑ85300114,5203895,0.00,97351.37,0.00,97351.37,0.00,0.00,60000.00,0.00,2025-04-01 11:53:53.167+00,2025-07-04 10:30:12.898623+00,q2,"{""user_view"":0,""updated_at"":""2025-06-17T05:01:10.236Z"",""ethsia_pistosi"":60000,""current_quarter"":2,""katanomes_etous"":60000,""available_budget"":60000,""yearly_available"":60000,""quarter_available"":0}",154
1426,2024ΝΑ85300115,5203896,0.00,55000.00,0.00,55000.00,0.00,0.00,0.00,0.00,2025-04-01 11:53:53.586+00,2025-07-04 10:30:12.898623+00,q2,"{""user_view"":0,""updated_at"":""2025-06-17T05:01:10.840Z"",""ethsia_pistosi"":50000,""current_quarter"":2,""katanomes_etous"":0,""available_budget"":0,""yearly_available"":50000,""quarter_available"":25000}",157
1427,2024ΝΑ85300116,5203897,0.00,11000.00,0.00,11000.00,0.00,0.00,0.00,0.00,2025-04-01 11:53:54.005+00,2025-07-04 10:30:12.898623+00,q2,"{""user_view"":0,""updated_at"":""2025-06-17T05:01:11.690Z"",""ethsia_pistosi"":10000,""current_quarter"":2,""katanomes_etous"":0,""available_budget"":0,""yearly_available"":10000,""quarter_available"":10000}",158
1428,2024ΝΑ85300117,5203898,0.00,11000.00,0.00,11000.00,0.00,0.00,0.00,0.00,2025-04-01 11:53:54.431+00,2025-07-04 10:30:12.898623+00,q2,"{""user_view"":0,""updated_at"":""2025-06-17T05:01:12.310Z"",""ethsia_pistosi"":2000,""current_quarter"":2,""katanomes_etous"":0,""available_budget"":0,""yearly_available"":2000,""quarter_available"":2000}",155
1429,2024ΝΑ85300118,5203899,0.00,31531.20,0.00,31531.20,0.00,0.00,10000.00,0.00,2025-04-01 11:53:54.887+00,2025-07-04 10:30:12.898623+00,q2,"{""user_view"":0,""updated_at"":""2025-06-17T05:01:13.177Z"",""ethsia_pistosi"":10000,""current_quarter"":2,""katanomes_etous"":10000,""available_budget"":10000,""yearly_available"":10000,""quarter_available"":0}",22
1430,2024ΝΑ85300119,5203900,0.00,42335.20,0.00,42335.20,0.00,0.00,40000.00,0.00,2025-04-01 11:53:55.302+00,2025-07-04 10:30:12.898623+00,q2,"{""user_view"":0,""updated_at"":""2025-06-17T05:01:13.766Z"",""ethsia_pistosi"":192335.2,""current_quarter"":2,""katanomes_etous"":40000,""available_budget"":40000,""yearly_available"":192335.2,""quarter_available"":0}",26
1431,2024ΝΑ85300120,5203901,0.00,133180.63,0.00,133180.63,0.00,0.00,100000.00,0.00,2025-04-01 11:53:55.743+00,2025-07-04 10:30:12.898623+00,q2,"{""user_view"":0,""updated_at"":""2025-06-17T05:01:14.361Z"",""ethsia_pistosi"":200000,""current_quarter"":2,""katanomes_etous"":100000,""available_budget"":100000,""yearly_available"":200000,""quarter_available"":50000}",162
1432,2024ΝΑ85300121,5203902,0.00,11000.00,0.00,11000.00,0.00,0.00,10000.00,0.00,2025-04-01 11:53:56.201+00,2025-07-04 10:30:12.898623+00,q2,"{""user_view"":0,""updated_at"":""2025-06-17T05:01:14.975Z"",""ethsia_pistosi"":10000,""current_quarter"":2,""katanomes_etous"":10000,""available_budget"":10000,""yearly_available"":10000,""quarter_available"":0}",47
1433,2024ΝΑ85300122,5203905,0.00,95779.55,0.00,95779.55,0.00,0.00,40000.00,0.00,2025-04-01 11:53:56.631+00,2025-07-04 10:30:12.898623+00,q2,"{""user_view"":0,""updated_at"":""2025-06-17T05:01:15.585Z"",""ethsia_pistosi"":40000,""current_quarter"":2,""katanomes_etous"":40000,""available_budget"":40000,""yearly_available"":40000,""quarter_available"":0}",160
1434,2024ΝΑ85300123,5203906,0.00,109201.48,0.00,109201.48,0.00,0.00,20000.00,0.00,2025-04-01 11:53:57.051+00,2025-07-04 10:30:12.898623+00,q2,"{""user_view"":0,""updated_at"":""2025-06-17T05:01:16.174Z"",""ethsia_pistosi"":50000,""current_quarter"":2,""katanomes_etous"":20000,""available_budget"":20000,""yearly_available"":50000,""quarter_available"":10000}",163
1435,2024ΝΑ85300000,5201405,0.00,55000.00,0.00,55000.00,0.00,0.00,5000.00,0.00,2025-04-01 11:53:57.462+00,2025-07-04 10:30:12.898623+00,q2,"{""user_view"":0,""updated_at"":""2025-06-17T05:01:16.766Z"",""ethsia_pistosi"":50000,""current_quarter"":2,""katanomes_etous"":5000,""available_budget"":5000,""yearly_available"":50000,""quarter_available"":15000}",136
1436,2024ΝΑ85300054,5203790,0.00,11000.00,0.00,11000.00,0.00,0.00,10000.00,0.00,2025-04-01 11:53:57.888+00,2025-07-04 10:30:12.898623+00,q2,"{""user_view"":0,""updated_at"":""2025-06-17T05:01:17.347Z"",""ethsia_pistosi"":20000,""current_quarter"":2,""katanomes_etous"":10000,""available_budget"":10000,""yearly_available"":20000,""quarter_available"":10000}",36
1437,2024ΝΑ85300180,5222789,0.00,203800.00,0.00,203800.00,0.00,0.00,30000.00,0.00,2025-04-01 11:53:58.32+00,2025-07-04 10:30:12.898623+00,q2,"{""user_view"":0,""updated_at"":""2025-06-17T05:01:17.948Z"",""ethsia_pistosi"":30000,""current_quarter"":2,""katanomes_etous"":30000,""available_budget"":30000,""yearly_available"":30000,""quarter_available"":0}",61
1438,2024ΝΑ85300181,5222798,0.00,101600.00,0.00,101600.00,0.00,0.00,45000.00,0.00,2025-04-01 11:53:58.743+00,2025-07-04 10:30:12.898623+00,q2,"{""user_view"":0,""updated_at"":""2025-06-17T05:01:18.549Z"",""ethsia_pistosi"":45000,""current_quarter"":2,""katanomes_etous"":45000,""available_budget"":45000,""yearly_available"":45000,""quarter_available"":0}",88
1439,2024ΝΑ85300184,5222808,0.00,9900.00,0.00,9900.00,0.00,0.00,5000.00,0.00,2025-04-01 11:53:59.161+00,2025-07-04 10:30:12.898623+00,q2,"{""user_view"":0,""updated_at"":""2025-06-17T05:01:19.143Z"",""ethsia_pistosi"":5000,""current_quarter"":2,""katanomes_etous"":5000,""available_budget"":5000,""yearly_available"":5000,""quarter_available"":0}",11
1440,2024ΝΑ85300124,5203907,0.00,11000.00,0.00,11000.00,0.00,0.00,5000.00,0.00,2025-04-01 11:53:59.609+00,2025-07-04 10:30:12.898623+00,q2,"{""user_view"":0,""updated_at"":""2025-06-17T05:01:21.130Z"",""ethsia_pistosi"":10000,""current_quarter"":2,""katanomes_etous"":5000,""available_budget"":5000,""yearly_available"":10000,""quarter_available"":5000}",164
1441,2024ΝΑ85300129,5203913,0.00,377313.78,0.00,377313.78,0.00,0.00,50000.00,0.00,2025-04-01 11:54:00.028+00,2025-07-04 10:30:12.898623+00,q2,"{""user_view"":0,""updated_at"":""2025-06-17T05:01:21.733Z"",""ethsia_pistosi"":150000,""current_quarter"":2,""katanomes_etous"":50000,""available_budget"":50000,""yearly_available"":150000,""quarter_available"":50000}",94
1442,2024ΝΑ85300130,5203914,0.00,378365.86,0.00,378365.86,0.00,0.00,200000.00,0.00,2025-04-01 11:54:00.452+00,2025-07-04 10:30:12.898623+00,q2,"{""user_view"":0,""updated_at"":""2025-06-17T05:01:22.343Z"",""ethsia_pistosi"":300000,""current_quarter"":2,""katanomes_etous"":200000,""available_budget"":200000,""yearly_available"":300000,""quarter_available"":50000}",167
1443,2024ΝΑ85300131,5203915,0.00,886765.40,0.00,886765.40,0.00,0.00,500000.00,0.00,2025-04-01 11:54:00.871+00,2025-07-04 10:30:12.898623+00,q2,"{""user_view"":0,""updated_at"":""2025-06-17T05:01:22.951Z"",""ethsia_pistosi"":1300000,""current_quarter"":2,""katanomes_etous"":800000,""available_budget"":800000,""yearly_available"":1300000,""quarter_available"":500000}",174
1444,2024ΝΑ85300132,5203918,0.00,33000.00,0.00,33000.00,0.00,0.00,0.00,0.00,2025-04-01 11:54:01.315+00,2025-07-04 10:30:12.898623+00,q2,"{""user_view"":0,""updated_at"":""2025-06-17T05:01:23.559Z"",""ethsia_pistosi"":33000,""current_quarter"":2,""katanomes_etous"":0,""available_budget"":0,""yearly_available"":33000,""quarter_available"":0}",97
1445,2024ΝΑ85300125,5203908,0.00,5500.00,0.00,5500.00,0.00,0.00,0.00,0.00,2025-04-01 11:54:01.734+00,2025-07-04 10:30:12.898623+00,q2,"{""user_view"":0,""updated_at"":""2025-06-17T05:01:24.156Z"",""ethsia_pistosi"":0,""current_quarter"":2,""katanomes_etous"":0,""available_budget"":0,""yearly_available"":0,""quarter_available"":0}",169
1446,2024ΝΑ85300126,5203910,0.00,0.00,0.00,0.00,0.00,0.00,0.00,0.00,2025-04-01 11:54:02.143+00,2025-07-04 10:30:12.898623+00,q2,"{""user_view"":0,""updated_at"":""2025-06-17T05:01:24.769Z"",""ethsia_pistosi"":0,""current_quarter"":2,""katanomes_etous"":0,""available_budget"":0,""yearly_available"":0,""quarter_available"":0}",168
1447,2024ΝΑ85300183,5222807,0.00,9900.00,0.00,9900.00,0.00,0.00,5000.00,0.00,2025-04-01 11:54:02.564+00,2025-07-04 10:30:12.898623+00,q2,"{""user_view"":0,""updated_at"":""2025-06-17T05:01:19.962Z"",""ethsia_pistosi"":5000,""current_quarter"":2,""katanomes_etous"":5000,""available_budget"":5000,""yearly_available"":5000,""quarter_available"":0}",73
1448,2024ΝΑ85300182,5222806,0.00,22000.00,0.00,22000.00,0.00,0.00,10000.00,0.00,2025-04-01 11:54:03.016+00,2025-07-04 10:30:12.898623+00,q2,"{""user_view"":0,""updated_at"":""2025-06-17T05:01:20.550Z"",""ethsia_pistosi"":10000,""current_quarter"":2,""katanomes_etous"":10000,""available_budget"":10000,""yearly_available"":10000,""quarter_available"":0}",89
1449,2024ΝΑ85300185,5222809,0.00,7700.00,0.00,7700.00,0.00,0.00,5000.00,0.00,2025-04-01 11:54:03.464+00,2025-07-04 10:30:12.898623+00,q2,"{""user_view"":0,""updated_at"":""2025-06-17T05:01:25.594Z"",""ethsia_pistosi"":5000,""current_quarter"":2,""katanomes_etous"":5000,""available_budget"":5000,""yearly_available"":5000,""quarter_available"":0}",52
1450,2024ΝΑ85300187,5222811,0.00,170500.00,0.00,170500.00,0.00,0.00,50000.00,0.00,2025-04-01 11:54:03.886+00,2025-07-04 10:30:12.898623+00,q2,"{""user_view"":0,""updated_at"":""2025-06-17T05:01:26.204Z"",""ethsia_pistosi"":200000,""current_quarter"":2,""katanomes_etous"":50000,""available_budget"":50000,""yearly_available"":200000,""quarter_available"":50000}",123
1451,2024ΝΑ85300186,5222810,0.00,115500.00,0.00,115500.00,0.00,0.00,50000.00,0.00,2025-04-01 11:54:04.298+00,2025-07-04 10:30:12.898623+00,q2,"{""user_view"":0,""updated_at"":""2025-06-17T05:01:26.817Z"",""ethsia_pistosi"":50000,""current_quarter"":2,""katanomes_etous"":50000,""available_budget"":50000,""yearly_available"":50000,""quarter_available"":0}",99
1452,2024ΝΑ85300178,5222785,0.00,137500.00,0.00,137500.00,0.00,0.00,50000.00,0.00,2025-04-01 11:54:04.762+00,2025-07-04 10:30:12.898623+00,q2,"{""user_view"":0,""updated_at"":""2025-06-17T05:01:27.443Z"",""ethsia_pistosi"":50000,""current_quarter"":2,""katanomes_etous"":50000,""available_budget"":50000,""yearly_available"":50000,""quarter_available"":0}",126
1453,2024ΝΑ85300166,5222540,0.00,49500.00,0.00,49500.00,0.00,0.00,0.00,0.00,2025-04-01 11:54:05.181+00,2025-07-04 10:30:12.898623+00,q2,"{""user_view"":0,""updated_at"":""2025-06-17T05:01:28.029Z"",""ethsia_pistosi"":20000,""current_quarter"":2,""katanomes_etous"":0,""available_budget"":0,""yearly_available"":20000,""quarter_available"":20000}",12
1454,2024ΝΑ85300127,5203911,0.00,49253.33,0.00,49253.33,0.00,0.00,40000.00,0.00,2025-04-01 11:54:05.601+00,2025-07-04 10:30:12.898623+00,q2,"{""user_view"":0,""updated_at"":""2025-06-17T05:01:29.837Z"",""ethsia_pistosi"":100000,""current_quarter"":2,""katanomes_etous"":40000,""available_budget"":40000,""yearly_available"":100000,""quarter_available"":60000}",166
1455,2024ΝΑ85300128,5203912,0.00,10362.43,0.00,10362.43,0.00,0.00,5000.00,0.00,2025-04-01 11:54:06.051+00,2025-07-04 10:30:12.898623+00,q2,"{""user_view"":0,""updated_at"":""2025-06-17T05:01:30.457Z"",""ethsia_pistosi"":5000,""current_quarter"":2,""katanomes_etous"":5000,""available_budget"":5000,""yearly_available"":5000,""quarter_available"":0}",93
1456,2024ΝΑ85300133,5203920,0.00,53628.87,0.00,53628.87,0.00,0.00,5000.00,0.00,2025-04-01 11:54:06.463+00,2025-07-04 10:30:12.898623+00,q2,"{""user_view"":0,""updated_at"":""2025-06-17T05:01:31.069Z"",""ethsia_pistosi"":100000,""current_quarter"":2,""katanomes_etous"":5000,""available_budget"":5000,""yearly_available"":100000,""quarter_available"":30000}",95
1457,2024ΝΑ85300134,5203921,0.00,1033012.98,0.00,1033012.98,0.00,0.00,1000000.00,0.00,2025-04-01 11:54:06.915+00,2025-07-04 10:30:12.898623+00,q2,"{""user_view"":0,""updated_at"":""2025-06-17T05:01:31.673Z"",""ethsia_pistosi"":1800000,""current_quarter"":2,""katanomes_etous"":1000000,""available_budget"":1000000,""yearly_available"":1800000,""quarter_available"":300000}",83
1458,2024ΝΑ85300135,5203922,0.00,220000.00,0.00,220000.00,0.00,0.00,100000.00,0.00,2025-04-01 11:54:07.373+00,2025-07-04 10:30:12.898623+00,q2,"{""user_view"":0,""updated_at"":""2025-06-17T05:01:32.279Z"",""ethsia_pistosi"":100000,""current_quarter"":2,""katanomes_etous"":100000,""available_budget"":100000,""yearly_available"":100000,""quarter_available"":0}",124
1459,2024ΝΑ85300136,5203923,0.00,348425.48,0.00,348425.48,0.00,0.00,340000.00,0.00,2025-04-01 11:54:07.822+00,2025-07-04 10:30:12.898623+00,q2,"{""user_view"":0,""updated_at"":""2025-06-17T05:01:32.875Z"",""ethsia_pistosi"":340000,""current_quarter"":2,""katanomes_etous"":340000,""available_budget"":340000,""yearly_available"":340000,""quarter_available"":0}",28
1460,2024ΝΑ85300159,5203800,0.00,19999.92,0.00,19999.92,0.00,0.00,10000.00,0.00,2025-04-01 11:54:08.248+00,2025-07-04 10:30:12.898623+00,q2,"{""user_view"":0,""updated_at"":""2025-06-17T05:01:33.478Z"",""ethsia_pistosi"":15000,""current_quarter"":2,""katanomes_etous"":10000,""available_budget"":10000,""yearly_available"":15000,""quarter_available"":5000}",41
1461,2024ΝΑ85300179,5222786,0.00,133600.00,0.00,133600.00,0.00,0.00,50000.00,0.00,2025-04-01 11:54:08.675+00,2025-07-04 10:30:12.898623+00,q2,"{""user_view"":0,""updated_at"":""2025-06-17T05:01:28.631Z"",""ethsia_pistosi"":50000,""current_quarter"":2,""katanomes_etous"":50000,""available_budget"":50000,""yearly_available"":50000,""quarter_available"":0}",103
1462,2025ΝΑ85300000,5222544,0.00,125378.00,0.00,125378.00,0.00,0.00,50000.00,0.00,2025-04-01 11:54:09.092+00,2025-07-04 10:30:12.898623+00,q2,"{""user_view"":0,""updated_at"":""2025-06-17T05:01:29.238Z"",""ethsia_pistosi"":50000,""current_quarter"":2,""katanomes_etous"":50000,""available_budget"":50000,""yearly_available"":50000,""quarter_available"":0}",148
1463,2024ΝΑ85300173,5222801,0.00,66000.00,0.00,66000.00,0.00,0.00,60000.00,0.00,2025-04-01 11:54:09.512+00,2025-07-04 10:30:12.898623+00,q2,"{""user_view"":0,""updated_at"":""2025-06-17T05:01:34.083Z"",""ethsia_pistosi"":60000,""current_quarter"":2,""katanomes_etous"":60000,""available_budget"":60000,""yearly_available"":60000,""quarter_available"":0}",194
1464,2024ΝΑ85300174,5222802,0.00,66000.00,0.00,66000.00,0.00,0.00,60000.00,0.00,2025-04-01 11:54:09.955+00,2025-07-04 10:30:12.898623+00,q2,"{""user_view"":0,""updated_at"":""2025-06-17T05:01:34.921Z"",""ethsia_pistosi"":60000,""current_quarter"":2,""katanomes_etous"":60000,""available_budget"":60000,""yearly_available"":60000,""quarter_available"":0}",193
1465,2024ΝΑ85300175,5222803,0.00,11000.00,0.00,11000.00,0.00,0.00,10000.00,0.00,2025-04-01 11:54:10.405+00,2025-07-04 10:30:12.898623+00,q2,"{""user_view"":0,""updated_at"":""2025-06-17T05:01:35.556Z"",""ethsia_pistosi"":10000,""current_quarter"":2,""katanomes_etous"":10000,""available_budget"":10000,""yearly_available"":10000,""quarter_available"":0}",138
1466,2024ΝΑ85300176,5222804,0.00,440000.00,0.00,440000.00,0.00,0.00,200000.00,0.00,2025-04-01 11:54:10.841+00,2025-07-04 10:30:12.898623+00,q2,"{""user_view"":0,""updated_at"":""2025-06-17T05:01:36.155Z"",""ethsia_pistosi"":200000,""current_quarter"":2,""katanomes_etous"":200000,""available_budget"":200000,""yearly_available"":200000,""quarter_available"":0}",70
1467,2024ΝΑ85300177,5222805,0.00,547795.21,0.00,547795.21,0.00,0.00,200000.00,0.00,2025-04-01 11:54:11.274+00,2025-07-04 10:30:12.898623+00,q2,"{""user_view"":0,""updated_at"":""2025-06-17T05:01:36.742Z"",""ethsia_pistosi"":300000,""current_quarter"":2,""katanomes_etous"":200000,""available_budget"":200000,""yearly_available"":300000,""quarter_available"":50000}",92
1468,2024ΝΑ85300160,5203797,0.00,220000.00,0.00,220000.00,0.00,0.00,50000.00,0.00,2025-04-01 11:54:11.692+00,2025-07-04 10:30:12.898623+00,q2,"{""user_view"":0,""updated_at"":""2025-06-17T05:01:38.566Z"",""ethsia_pistosi"":100000,""current_quarter"":2,""katanomes_etous"":50000,""available_budget"":50000,""yearly_available"":100000,""quarter_available"":20000}",40
1469,2024ΝΑ85300162,5203820,0.00,1571155.16,0.00,1571155.16,0.00,0.00,1510000.00,0.00,2025-04-01 11:54:12.129+00,2025-07-04 10:30:12.898623+00,q2,"{""user_view"":0,""updated_at"":""2025-06-17T05:01:39.146Z"",""ethsia_pistosi"":1510000,""current_quarter"":2,""katanomes_etous"":1510000,""available_budget"":1510000,""yearly_available"":1510000,""quarter_available"":0}",112
1470,2024ΝΑ85300163,5203825,0.00,254002.04,0.00,254002.04,0.00,0.00,250000.00,0.00,2025-04-01 11:54:12.538+00,2025-07-04 10:30:12.898623+00,q2,"{""user_view"":0,""updated_at"":""2025-06-17T05:01:39.745Z"",""ethsia_pistosi"":500000,""current_quarter"":2,""katanomes_etous"":250000,""available_budget"":250000,""yearly_available"":500000,""quarter_available"":100000}",21
1471,2024ΝΑ85300164,5203792,0.00,165000.00,0.00,165000.00,0.00,0.00,165000.00,2.00,2025-04-01 11:54:12.948+00,2025-07-09 05:39:29.124527+00,q3,"{""user_view"":2,""updated_at"":""2025-07-09T05:39:29.036Z"",""ethsia_pistosi"":165000,""current_quarter"":""q3"",""katanomes_etous"":165000,""available_budget"":164998,""yearly_available"":164998,""quarter_available"":-2}",37
1472,2024ΝΑ85300165,5203832,0.00,37410.82,0.00,37410.82,0.00,0.00,10000.00,0.00,2025-04-01 11:54:13.392+00,2025-07-04 10:30:12.898623+00,q2,"{""user_view"":0,""updated_at"":""2025-06-17T05:01:40.949Z"",""ethsia_pistosi"":50000,""current_quarter"":2,""katanomes_etous"":35000,""available_budget"":35000,""yearly_available"":50000,""quarter_available"":20000}",108
1473,2024ΝΑ85300001,5174692,0.00,22000.00,0.00,22000.00,0.00,0.00,5000.00,4999.00,2025-04-01 11:54:13.829+00,2025-07-04 10:16:36.634005+00,q2,"{""user_view"":4999,""updated_at"":""2025-06-17T05:01:41.545Z"",""ethsia_pistosi"":20000,""current_quarter"":2,""katanomes_etous"":5000,""available_budget"":1,""yearly_available"":15001,""quarter_available"":1}",4
1474,2024ΝΑ85300002,5174719,0.00,55000.00,0.00,55000.00,0.00,0.00,10000.00,0.00,2025-04-01 11:54:14.258+00,2025-07-04 10:17:29.220737+00,q2,"{""user_view"":0,""updated_at"":""2025-06-17T05:01:42.144Z"",""ethsia_pistosi"":10000,""current_quarter"":2,""katanomes_etous"":10000,""available_budget"":10000,""yearly_available"":10000,""quarter_available"":0}",27
1475,2024ΝΑ85300169,5222794,0.00,329346.19,0.00,329346.19,0.00,0.00,300000.00,0.00,2025-04-01 11:54:14.687+00,2025-07-04 10:30:12.898623+00,q2,"{""user_view"":0,""updated_at"":""2025-06-17T05:01:37.346Z"",""ethsia_pistosi"":300000,""current_quarter"":2,""katanomes_etous"":300000,""available_budget"":300000,""yearly_available"":300000,""quarter_available"":0}",191
1476,2024ΝΑ85300170,5222795,0.00,325882.08,0.00,325882.08,0.00,0.00,300000.00,0.00,2025-04-01 11:54:15.123+00,2025-07-04 10:30:12.898623+00,q2,"{""user_view"":0,""updated_at"":""2025-06-17T05:01:37.958Z"",""ethsia_pistosi"":300000,""current_quarter"":2,""katanomes_etous"":300000,""available_budget"":300000,""yearly_available"":300000,""quarter_available"":0}",178
1477,2024ΝΑ85300167,5222787,0.00,272451.81,0.00,272451.81,0.00,0.00,100000.00,0.00,2025-04-01 11:54:15.549+00,2025-07-04 10:30:12.898623+00,q2,"{""user_view"":0,""updated_at"":""2025-06-17T05:01:42.734Z"",""ethsia_pistosi"":100000,""current_quarter"":2,""katanomes_etous"":100000,""available_budget"":100000,""yearly_available"":100000,""quarter_available"":0}",100
1478,2024ΝΑ85300171,5222799,0.00,203572.69,0.00,203572.69,0.00,0.00,50000.00,0.00,2025-04-01 11:54:15.993+00,2025-07-04 10:30:12.898623+00,q2,"{""user_view"":0,""updated_at"":""2025-06-17T05:01:43.336Z"",""ethsia_pistosi"":200000,""current_quarter"":2,""katanomes_etous"":50000,""available_budget"":50000,""yearly_available"":200000,""quarter_available"":50000}",171
1479,2024ΝΑ85300172,5222800,0.00,55000.00,0.00,55000.00,0.00,0.00,50000.00,22.00,2025-04-01 11:54:16.429+00,2025-07-04 12:02:16.331008+00,q3,"{""user_view"":22,""updated_at"":""2025-07-04T12:02:16.242Z"",""ethsia_pistosi"":55000,""current_quarter"":""q3"",""katanomes_etous"":50000,""available_budget"":49978,""yearly_available"":54978,""quarter_available"":-22}",86
1480,2024ΝΑ85300168,5222792,0.00,7153462.50,0.00,7153462.50,0.00,0.00,7153462.50,0.00,2025-04-01 11:54:16.851+00,2025-07-04 10:30:12.898623+00,q2,"{""user_view"":0,""updated_at"":""2025-06-17T05:01:44.544Z"",""ethsia_pistosi"":11153462.5,""current_quarter"":2,""katanomes_etous"":11153462.5,""available_budget"":11153462.5,""yearly_available"":11153462.5,""quarter_available"":0}",82
1481,2024ΝΑ85300137,5203924,0.00,50395.05,0.00,50395.05,0.00,0.00,30000.00,0.00,2025-04-01 11:54:17.289+00,2025-07-04 10:30:12.898623+00,q2,"{""user_view"":0,""updated_at"":""2025-06-17T05:01:45.144Z"",""ethsia_pistosi"":40000,""current_quarter"":2,""katanomes_etous"":30000,""available_budget"":30000,""yearly_available"":40000,""quarter_available"":10000}",96
1482,2024ΝΑ85300003,5189048,0.00,735185.40,0.00,735185.40,0.00,0.00,200000.00,0.00,2025-04-01 11:54:17.709+00,2025-07-04 10:26:06.909984+00,q2,"{""user_view"":0,""updated_at"":""2025-06-17T05:01:46.945Z"",""ethsia_pistosi"":600000,""current_quarter"":2,""katanomes_etous"":200000,""available_budget"":200000,""yearly_available"":600000,""quarter_available"":150000}",195
1483,2024ΝΑ85300004,5188985,0.00,110000.00,0.00,110000.00,0.00,0.00,15000.00,1317.00,2025-04-01 11:54:18.141+00,2025-07-04 10:23:14.564302+00,q2,"{""user_view"":1317,""updated_at"":""2025-06-17T05:01:47.557Z"",""ethsia_pistosi"":30000,""current_quarter"":2,""katanomes_etous"":15000,""available_budget"":13683,""yearly_available"":28683,""quarter_available"":13683}",9
1484,2024ΝΑ85300005,5189050,0.00,101996.67,0.00,101996.67,0.00,0.00,30000.00,0.00,2025-04-01 11:54:18.608+00,2025-07-04 10:26:14.28929+00,q2,"{""user_view"":0,""updated_at"":""2025-06-17T05:01:48.152Z"",""ethsia_pistosi"":100000,""current_quarter"":2,""katanomes_etous"":50000,""available_budget"":50000,""yearly_available"":100000,""quarter_available"":30000}",102
1485,2024ΝΑ85300006,5200656,0.00,196405.59,0.00,196405.59,0.00,0.00,40000.00,0.00,2025-04-01 11:54:19.018+00,2025-07-04 10:30:12.898623+00,q2,"{""user_view"":0,""updated_at"":""2025-06-17T05:01:48.732Z"",""ethsia_pistosi"":100000,""current_quarter"":2,""katanomes_etous"":40000,""available_budget"":40000,""yearly_available"":100000,""quarter_available"":60000}",56
1486,2024ΝΑ85300007,5201407,0.00,220000.00,0.00,220000.00,0.00,0.00,30000.00,0.00,2025-04-01 11:54:19.511+00,2025-07-04 10:30:12.898623+00,q2,"{""user_view"":0,""updated_at"":""2025-06-17T05:01:49.315Z"",""ethsia_pistosi"":100000,""current_quarter"":2,""katanomes_etous"":30000,""available_budget"":30000,""yearly_available"":100000,""quarter_available"":30000}",147
1487,2024ΝΑ85300008,5174125,0.00,172163.16,0.00,172163.16,0.00,0.00,170000.00,0.00,2025-04-01 11:54:19.93+00,2025-07-04 10:15:56.278191+00,q2,"{""user_view"":0,""updated_at"":""2025-06-17T05:01:49.926Z"",""ethsia_pistosi"":800000,""current_quarter"":2,""katanomes_etous"":170000,""available_budget"":170000,""yearly_available"":800000,""quarter_available"":230000}",6
1488,2024ΝΑ85300009,5198090,0.00,20232.06,0.00,20232.06,0.00,0.00,20000.00,0.00,2025-04-01 11:54:20.348+00,2025-07-04 10:26:26.687645+00,q2,"{""user_view"":0,""updated_at"":""2025-06-17T05:01:50.530Z"",""ethsia_pistosi"":70000,""current_quarter"":2,""katanomes_etous"":20000,""available_budget"":20000,""yearly_available"":70000,""quarter_available"":20000}",8
1489,2024ΝΑ85300138,5203925,0.00,11000.00,0.00,11000.00,0.00,0.00,5000.00,0.00,2025-04-01 11:54:20.766+00,2025-07-04 10:30:12.898623+00,q2,"{""user_view"":0,""updated_at"":""2025-06-17T05:01:45.746Z"",""ethsia_pistosi"":5000,""current_quarter"":2,""katanomes_etous"":5000,""available_budget"":5000,""yearly_available"":5000,""quarter_available"":0}",31
1490,2024ΝΑ85300139,5203926,0.00,33000.00,0.00,33000.00,0.00,0.00,5000.00,0.00,2025-04-01 11:54:21.181+00,2025-07-04 10:30:12.898623+00,q2,"{""user_view"":0,""updated_at"":""2025-06-17T05:01:46.347Z"",""ethsia_pistosi"":20000,""current_quarter"":2,""katanomes_etous"":5000,""available_budget"":5000,""yearly_available"":20000,""quarter_available"":5000}",173
1491,2024ΝΑ85300140,5203927,0.00,11000.00,0.00,11000.00,0.00,0.00,0.00,0.00,2025-04-01 11:54:21.607+00,2025-07-04 10:30:12.898623+00,q2,"{""user_view"":0,""updated_at"":""2025-06-17T05:01:51.138Z"",""ethsia_pistosi"":11000,""current_quarter"":2,""katanomes_etous"":0,""available_budget"":0,""yearly_available"":11000,""quarter_available"":0}",125
1492,2024ΝΑ85300149,5203938,0.00,22000.00,0.00,22000.00,0.00,0.00,0.00,0.00,2025-04-01 11:54:22.028+00,2025-07-04 10:30:12.898623+00,q2,"{""user_view"":0,""updated_at"":""2025-06-17T05:01:51.753Z"",""ethsia_pistosi"":22000,""current_quarter"":2,""katanomes_etous"":0,""available_budget"":0,""yearly_available"":22000,""quarter_available"":0}",146
1493,2024ΝΑ85300150,5203939,0.00,101722.00,0.00,101722.00,0.00,0.00,30000.00,0.00,2025-04-01 11:54:22.464+00,2025-07-04 10:30:12.898623+00,q2,"{""user_view"":0,""updated_at"":""2025-06-17T05:01:52.374Z"",""ethsia_pistosi"":40000,""current_quarter"":2,""katanomes_etous"":30000,""available_budget"":30000,""yearly_available"":40000,""quarter_available"":10000}",161
1494,2024ΝΑ85300141,5203928,0.00,33000.00,0.00,33000.00,0.00,0.00,0.00,0.00,2025-04-01 11:54:22.879+00,2025-07-04 10:30:12.898623+00,q2,"{""user_view"":0,""updated_at"":""2025-06-17T05:01:52.953Z"",""ethsia_pistosi"":10000,""current_quarter"":2,""katanomes_etous"":0,""available_budget"":0,""yearly_available"":10000,""quarter_available"":10000}",170
1495,2024ΝΑ85300142,5203929,0.00,108877.33,0.00,108877.33,0.00,0.00,100000.00,0.00,2025-04-01 11:54:23.299+00,2025-07-04 10:30:12.898623+00,q2,"{""user_view"":0,""updated_at"":""2025-06-17T05:01:53.590Z"",""ethsia_pistosi"":180000,""current_quarter"":2,""katanomes_etous"":100000,""available_budget"":100000,""yearly_available"":180000,""quarter_available"":40000}",172
1496,2024ΝΑ85300010,5222793,0.00,3274202.93,0.00,3274202.93,0.00,0.00,3200000.00,0.00,2025-04-01 11:54:23.745+00,2025-07-04 10:30:12.898623+00,q2,"{""user_view"":0,""updated_at"":""2025-06-17T05:01:55.391Z"",""ethsia_pistosi"":4500000,""current_quarter"":2,""katanomes_etous"":3200000,""available_budget"":3200000,""yearly_available"":4500000,""quarter_available"":800000}",66
1497,2024ΝΑ85300011,5174707,0.00,856295.51,0.00,856295.51,0.00,0.00,400000.00,0.00,2025-04-01 11:54:24.174+00,2025-07-04 10:16:54.840645+00,q2,"{""user_view"":0,""updated_at"":""2025-06-17T05:01:56.003Z"",""ethsia_pistosi"":1300000,""current_quarter"":2,""katanomes_etous"":400000,""available_budget"":400000,""yearly_available"":1300000,""quarter_available"":400000}",62
1498,2024ΝΑ85300012,5189047,0.00,28952.23,0.00,28952.23,0.00,0.00,20000.00,0.00,2025-04-01 11:54:24.596+00,2025-07-04 10:25:41.155225+00,q2,"{""user_view"":0,""updated_at"":""2025-06-17T05:01:56.610Z"",""ethsia_pistosi"":20000,""current_quarter"":2,""katanomes_etous"":20000,""available_budget"":20000,""yearly_available"":20000,""quarter_available"":0}",139
1499,2024ΝΑ85300013,5174713,0.00,1821455.10,0.00,1821455.10,0.00,0.00,1500000.00,0.00,2025-04-01 11:54:25.055+00,2025-07-04 10:17:17.891797+00,q2,"{""user_view"":0,""updated_at"":""2025-06-17T05:01:57.212Z"",""ethsia_pistosi"":7000000,""current_quarter"":2,""katanomes_etous"":1500000,""available_budget"":1500000,""yearly_available"":7000000,""quarter_available"":2500000}",188
1500,2024ΝΑ85300014,5185773,0.00,10000.00,0.00,10000.00,0.00,0.00,0.00,0.00,2025-04-01 11:54:25.475+00,2025-07-04 10:22:31.59427+00,q2,"{""user_view"":0,""updated_at"":""2025-06-17T05:01:57.905Z"",""ethsia_pistosi"":0,""current_quarter"":2,""katanomes_etous"":0,""available_budget"":0,""yearly_available"":0,""quarter_available"":0}",133
1501,2024ΝΑ85300015,5180891,0.00,0.00,0.00,0.00,0.00,0.00,0.00,0.00,2025-04-01 11:54:25.906+00,2025-07-04 10:18:09.088349+00,q2,"{""user_view"":0,""updated_at"":""2025-06-17T05:01:58.496Z"",""ethsia_pistosi"":0,""current_quarter"":2,""katanomes_etous"":0,""available_budget"":0,""yearly_available"":0,""quarter_available"":0}",120
1502,2024ΝΑ85300016,5173997,0.00,22000.00,0.00,22000.00,0.00,0.00,0.00,0.00,2025-04-01 11:54:26.327+00,2025-07-04 10:15:28.171072+00,q2,"{""user_view"":0,""updated_at"":""2025-06-17T05:01:59.080Z"",""ethsia_pistosi"":22000,""current_quarter"":2,""katanomes_etous"":0,""available_budget"":0,""yearly_available"":22000,""quarter_available"":0}",24
1503,2024ΝΑ85300143,5203932,0.00,222875.00,0.00,222875.00,0.00,0.00,50000.00,10800.00,2025-04-01 11:54:26.758+00,2025-07-04 10:30:12.898623+00,q2,"{""user_view"":10800,""updated_at"":""2025-06-17T05:01:54.189Z"",""ethsia_pistosi"":100000,""current_quarter"":2,""katanomes_etous"":50000,""available_budget"":39200,""yearly_available"":89200,""quarter_available"":9200}",19
1504,2024ΝΑ85300144,5203933,0.00,138395.67,0.00,138395.67,0.00,0.00,30000.00,0.00,2025-04-01 11:54:27.184+00,2025-07-04 10:30:12.898623+00,q2,"{""user_view"":0,""updated_at"":""2025-06-17T05:01:54.790Z"",""ethsia_pistosi"":60000,""current_quarter"":2,""katanomes_etous"":30000,""available_budget"":30000,""yearly_available"":60000,""quarter_available"":10000}",107
1505,2024ΝΑ85300151,5203940,0.00,186578.87,0.00,186578.87,0.00,0.00,130000.00,0.00,2025-04-01 11:54:27.604+00,2025-07-04 10:30:12.898623+00,q2,"{""user_view"":0,""updated_at"":""2025-06-17T05:01:59.669Z"",""ethsia_pistosi"":130000,""current_quarter"":2,""katanomes_etous"":130000,""available_budget"":130000,""yearly_available"":130000,""quarter_available"":0}",80
1506,2024ΝΑ85300145,5203934,0.00,1381353.13,0.00,1381353.13,0.00,0.00,1100000.00,0.00,2025-04-01 11:54:28.025+00,2025-07-04 10:30:12.898623+00,q2,"{""user_view"":0,""updated_at"":""2025-06-17T05:02:00.282Z"",""ethsia_pistosi"":4000000,""current_quarter"":2,""katanomes_etous"":2100000,""available_budget"":2100000,""yearly_available"":4000000,""quarter_available"":1000000}",114
1507,2024ΝΑ85300146,5203935,0.00,20761.32,0.00,20761.32,0.00,0.00,20000.00,0.00,2025-04-01 11:54:28.446+00,2025-07-04 10:30:12.898623+00,q2,"{""user_view"":0,""updated_at"":""2025-06-17T05:02:00.872Z"",""ethsia_pistosi"":20000,""current_quarter"":2,""katanomes_etous"":20000,""available_budget"":20000,""yearly_available"":20000,""quarter_available"":10000}",113
1508,2024ΝΑ85300147,5203936,0.00,208900.00,0.00,208900.00,0.00,0.00,50000.00,0.00,2025-04-01 11:54:28.896+00,2025-07-04 10:30:12.898623+00,q2,"{""user_view"":0,""updated_at"":""2025-06-17T05:02:01.466Z"",""ethsia_pistosi"":130000,""current_quarter"":2,""katanomes_etous"":50000,""available_budget"":50000,""yearly_available"":130000,""quarter_available"":30000}",49
1509,2024ΝΑ85300148,5203937,0.00,55000.00,0.00,55000.00,0.00,0.00,10000.00,0.00,2025-04-01 11:54:29.31+00,2025-07-04 10:30:12.898623+00,q2,"{""user_view"":0,""updated_at"":""2025-06-17T05:02:02.064Z"",""ethsia_pistosi"":10000,""current_quarter"":2,""katanomes_etous"":10000,""available_budget"":10000,""yearly_available"":10000,""quarter_available"":0}",34
1510,2024ΝΑ85300017,5174127,0.00,110000.00,0.00,110000.00,0.00,0.00,50000.00,0.00,2025-04-01 11:54:29.72+00,2025-07-04 10:16:11.246984+00,q2,"{""user_view"":0,""updated_at"":""2025-06-17T05:02:03.786Z"",""ethsia_pistosi"":100000,""current_quarter"":2,""katanomes_etous"":50000,""available_budget"":50000,""yearly_available"":100000,""quarter_available"":50000}",74
1511,2024ΝΑ85300018,5174076,0.00,22000.00,0.00,22000.00,0.00,0.00,10000.00,0.00,2025-04-01 11:54:30.151+00,2025-07-04 10:15:35.854168+00,q2,"{""user_view"":0,""updated_at"":""2025-06-17T05:02:04.365Z"",""ethsia_pistosi"":10000,""current_quarter"":2,""katanomes_etous"":10000,""available_budget"":10000,""yearly_available"":10000,""quarter_available"":0}",2
1512,2024ΝΑ85300019,5174712,0.00,346928.40,0.00,346928.40,0.00,0.00,50000.00,9900.00,2025-04-01 11:54:30.558+00,2025-07-09 06:13:01.356106+00,q3,"{""user_view"":9900,""updated_at"":""2025-07-09T06:13:01.281Z"",""ethsia_pistosi"":346928.4,""current_quarter"":""q3"",""katanomes_etous"":50000,""available_budget"":40100,""yearly_available"":337028.4,""quarter_available"":-9900}",29
1513,2024ΝΑ85300020,5174721,0.00,194602.38,0.00,194602.38,0.00,0.00,25000.00,0.00,2025-04-01 11:54:31.037+00,2025-07-04 10:17:34.431694+00,q2,"{""user_view"":0,""updated_at"":""2025-06-17T05:02:05.535Z"",""ethsia_pistosi"":40000,""current_quarter"":2,""katanomes_etous"":25000,""available_budget"":25000,""yearly_available"":40000,""quarter_available"":15000}",129
1514,2024ΝΑ85300021,5174711,0.00,699329.44,0.00,699329.44,0.00,0.00,300000.00,0.00,2025-04-01 11:54:31.549+00,2025-07-04 10:17:08.478459+00,q2,"{""user_view"":0,""updated_at"":""2025-06-17T05:02:06.111Z"",""ethsia_pistosi"":1200000,""current_quarter"":2,""katanomes_etous"":300000,""available_budget"":300000,""yearly_available"":1200000,""quarter_available"":300000}",67
1515,2024ΝΑ85300022,5174065,0.00,94601.57,0.00,94601.57,0.00,0.00,20000.00,0.00,2025-04-01 11:54:31.998+00,2025-07-04 10:15:32.266712+00,q2,"{""user_view"":0,""updated_at"":""2025-06-17T05:02:06.689Z"",""ethsia_pistosi"":30000,""current_quarter"":2,""katanomes_etous"":20000,""available_budget"":20000,""yearly_available"":30000,""quarter_available"":10000}",87
1516,2024ΝΑ85300023,5174710,0.00,2014116.60,0.00,2014116.60,0.00,0.00,550000.00,0.00,2025-04-01 11:54:32.416+00,2025-07-04 10:16:59.194298+00,q2,"{""user_view"":0,""updated_at"":""2025-06-17T05:02:07.253Z"",""ethsia_pistosi"":1100000,""current_quarter"":2,""katanomes_etous"":650000,""available_budget"":650000,""yearly_available"":1100000,""quarter_available"":300000}",127
1517,2024ΝΑ85300055,5203794,0.00,22000.00,0.00,22000.00,0.00,0.00,20000.00,0.00,2025-04-01 11:54:32.85+00,2025-07-04 10:30:12.898623+00,q2,"{""user_view"":0,""updated_at"":""2025-06-17T05:02:02.641Z"",""ethsia_pistosi"":20000,""current_quarter"":2,""katanomes_etous"":20000,""available_budget"":20000,""yearly_available"":20000,""quarter_available"":0}",109
1518,2024ΝΑ85300056,5203795,0.00,11000.00,0.00,11000.00,0.00,0.00,10000.00,0.00,2025-04-01 11:54:33.267+00,2025-07-04 10:30:12.898623+00,q2,"{""user_view"":0,""updated_at"":""2025-06-17T05:02:03.207Z"",""ethsia_pistosi"":40000,""current_quarter"":2,""katanomes_etous"":10000,""available_budget"":10000,""yearly_available"":40000,""quarter_available"":30000}",84
1519,2024ΝΑ85300057,5203796,0.00,11000.00,0.00,11000.00,0.00,0.00,10000.00,0.00,2025-04-01 11:54:33.679+00,2025-07-04 10:30:12.898623+00,q2,"{""user_view"":0,""updated_at"":""2025-06-17T05:02:07.837Z"",""ethsia_pistosi"":25000,""current_quarter"":2,""katanomes_etous"":10000,""available_budget"":10000,""yearly_available"":25000,""quarter_available"":15000}",39
1520,2024ΝΑ85300058,5203804,0.00,11000.00,0.00,11000.00,0.00,0.00,0.00,0.00,2025-04-01 11:54:34.087+00,2025-07-04 10:30:12.898623+00,q2,"{""user_view"":0,""updated_at"":""2025-06-17T05:02:08.421Z"",""ethsia_pistosi"":0,""current_quarter"":2,""katanomes_etous"":0,""available_budget"":0,""yearly_available"":0,""quarter_available"":0}",58
1521,2024ΝΑ85300059,5203805,0.00,22000.00,0.00,22000.00,0.00,0.00,0.00,0.00,2025-04-01 11:54:34.502+00,2025-07-04 10:30:12.898623+00,q2,"{""user_view"":0,""updated_at"":""2025-06-17T05:02:08.982Z"",""ethsia_pistosi"":22000,""current_quarter"":2,""katanomes_etous"":0,""available_budget"":0,""yearly_available"":22000,""quarter_available"":0}",59
1522,2024ΝΑ85300060,5203807,0.00,286147.01,0.00,286147.01,0.00,0.00,200000.00,0.00,2025-04-01 11:54:34.926+00,2025-07-04 10:30:12.898623+00,q2,"{""user_view"":0,""updated_at"":""2025-06-17T05:02:09.543Z"",""ethsia_pistosi"":200000,""current_quarter"":2,""katanomes_etous"":200000,""available_budget"":200000,""yearly_available"":200000,""quarter_available"":0}",110
1523,2024ΝΑ85300061,5203809,0.00,22000.00,0.00,22000.00,0.00,0.00,10000.00,0.00,2025-04-01 11:54:35.386+00,2025-07-04 10:30:12.898623+00,q2,"{""user_view"":0,""updated_at"":""2025-06-17T05:02:10.247Z"",""ethsia_pistosi"":10000,""current_quarter"":2,""katanomes_etous"":10000,""available_budget"":10000,""yearly_available"":10000,""quarter_available"":0}",98
1524,2024ΝΑ85300024,5185909,0.00,55000.00,0.00,55000.00,0.00,0.00,0.00,0.00,2025-04-01 11:54:35.797+00,2025-07-04 10:22:51.133267+00,q2,"{""user_view"":0,""updated_at"":""2025-06-17T05:02:11.961Z"",""ethsia_pistosi"":0,""current_quarter"":2,""katanomes_etous"":0,""available_budget"":0,""yearly_available"":0,""quarter_available"":0}",71
1525,2024ΝΑ85300025,5174691,0.00,220000.00,0.00,220000.00,0.00,0.00,5000.00,0.00,2025-04-01 11:54:36.225+00,2025-07-04 10:16:30.838869+00,q2,"{""user_view"":0,""updated_at"":""2025-06-17T05:02:12.534Z"",""ethsia_pistosi"":50000,""current_quarter"":2,""katanomes_etous"":5000,""available_budget"":5000,""yearly_available"":50000,""quarter_available"":45000}",185
1526,2024ΝΑ85300026,5185638,0.00,33000.00,0.00,33000.00,0.00,0.00,0.00,0.00,2025-04-01 11:54:36.639+00,2025-07-04 10:21:57.510186+00,q2,"{""user_view"":0,""updated_at"":""2025-06-17T05:02:13.104Z"",""ethsia_pistosi"":50000,""current_quarter"":2,""katanomes_etous"":0,""available_budget"":0,""yearly_available"":50000,""quarter_available"":50000}",132
1527,2024ΝΑ85300027,5174085,0.00,20437.60,0.00,20437.60,0.00,0.00,10000.00,5.00,2025-04-01 11:54:37.054+00,2025-07-04 10:15:42.49664+00,q2,"{""user_view"":5,""updated_at"":""2025-06-17T05:02:13.688Z"",""ethsia_pistosi"":10000,""current_quarter"":2,""katanomes_etous"":10000,""available_budget"":9995,""yearly_available"":9995,""quarter_available"":0}",5
1528,2024ΝΑ85300028,5189045,0.00,11000.00,0.00,11000.00,0.00,0.00,0.00,0.00,2025-04-01 11:54:37.476+00,2025-07-04 10:25:33.719415+00,q2,"{""user_view"":0,""updated_at"":""2025-06-17T05:02:14.248Z"",""ethsia_pistosi"":11000,""current_quarter"":2,""katanomes_etous"":0,""available_budget"":0,""yearly_available"":11000,""quarter_available"":0}",135
1529,2024ΝΑ85300029,5174123,0.00,11000.00,0.00,11000.00,0.00,0.00,5000.00,0.00,2025-04-01 11:54:37.889+00,2025-07-04 10:15:52.223472+00,q2,"{""user_view"":0,""updated_at"":""2025-06-17T05:02:14.803Z"",""ethsia_pistosi"":11000,""current_quarter"":2,""katanomes_etous"":5000,""available_budget"":5000,""yearly_available"":11000,""quarter_available"":0}",177
1530,2024ΝΑ85300030,5174688,0.00,330000.00,0.00,330000.00,0.00,0.00,0.00,0.00,2025-04-01 11:54:38.345+00,2025-07-04 10:16:07.403712+00,q2,"{""user_view"":0,""updated_at"":""2025-06-17T05:02:15.391Z"",""ethsia_pistosi"":330000,""current_quarter"":2,""katanomes_etous"":0,""available_budget"":0,""yearly_available"":330000,""quarter_available"":0}",183